[IoT] ESP32 simulyatsiyasi ishga tushdi...
Har 5 soniyada qoramollar xaritada real yuradi va ma'lumot jo'natiladi.

[Yuborilmoqda] Cow #1 | GPS: 44.0952, 59.3454
  -> [OK] AI Tashxisi: Normal
[Yuborilmoqda] Cow #2 | GPS: 44.1021, 59.3508
  -> [OK] AI Tashxisi: Mastit / Infeksiya
[Yuborilmoqda] Cow #3 | GPS: 44.097, 59.3489
  -> [OK] AI Tashxisi: Normal
[Yuborilmoqda] Cow #4 | GPS: 44.0993, 59.3535
  -> [OK] AI Tashxisi: Ketoz / Acidosis
[Yuborilmoqda] Cow #5 | GPS: 44.096, 59.3538
  -> [OK] AI Tashxisi: Normal
[Yuborilmoqda] Cow #6 | GPS: 44.1039, 59.3477
  -> [OK] AI Tashxisi: Normal
[Yuborilmoqda] Cow #7 | GPS: 44.1002, 59.3502
  -> [OK] AI Tashxisi: Mastit / Infeksiya
[Yuborilmoqda] Cow #8 | GPS: 44.1036, 59.3532
  -> [OK] AI Tashxisi: Normal
[Yuborilmoqda] Cow #9 | GPS: 44.0961, 59.3464
  -> [OK] AI Tashxisi: Normal
[Yuborilmoqda] Cow #10 | GPS: 44.0963, 59.35
  -> [OK] AI Tashxisi: Normal
[Yuborilmoqda] Cow #11 | GPS: 44.0996, 59.3508
  -> [OK] AI Tashxisi: Normal
----------------------------------------
[Yuborilmoqda] Cow #1 | GPS: 44.0954, 59.3453
  -> [OK] AI Tashxisi: Normal
[Yuborilmoqda] Cow #2 | GPS: 44.1021, 59.3509
  -> [OK] AI Tashxisi: Mastit / Infeksiya
[Yuborilmoqda] Cow #3 | GPS: 44.0969, 59.3489
  -> [OK] AI Tashxisi: Normal
[Yuborilmoqda] Cow #4 | GPS: 44.0993, 59.3534
  -> [OK] AI Tashxisi: Ketoz / Acidosis
[Yuborilmoqda] Cow #5 | GPS: 44.0959, 59.3539
  -> [OK] AI Tashxisi: Normal
[Yuborilmoqda] Cow #6 | GPS: 44.1039, 59.3476
  -> [OK] AI Tashxisi: Normal
[Yuborilmoqda] Cow #7 | GPS: 44.1002, 59.3502
  -> [OK] AI Tashxisi: Mastit / Infeksiya
[Yuborilmoqda] Cow #8 | GPS: 44.1036, 59.353
  -> [OK] AI Tashxisi: Normal
[Yuborilmoqda] Cow #9 | GPS: 44.0961, 59.3463
  -> [OK] AI Tashxisi: Normal
[Yuborilmoqda] Cow #10 | GPS: 44.0964, 59.3498
  -> [OK] AI Tashxisi: Normal
[Yuborilmoqda] Cow #11 | GPS: 44.0996, 59.3509
  -> [OK] AI Tashxisi: Normal
----------------------------------------
[Yuborilmoqda] Cow #1 | GPS: 44.0955, 59.3453
  -> [OK] AI Tashxisi: Normal
[Yuborilmoqda] Cow #2 | GPS: 44.1022, 59.3509
  -> [OK] AI Tashxisi: Normal
[Yuborilmoqda] Cow #3 | GPS: 44.097, 59.349
  -> [OK] AI Tashxisi: Normal
[Yuborilmoqda] Cow #4 | GPS: 44.0992, 59.3536
  -> [OK] AI Tashxisi: Ketoz / Acidosis
[Yuborilmoqda] Cow #5 | GPS: 44.0958, 59.3538
  -> [OK] AI Tashxisi: Normal
[Yuborilmoqda] Cow #6 | GPS: 44.1037, 59.3474
  -> [OK] AI Tashxisi: Normal
[Yuborilmoqda] Cow #7 | GPS: 44.1001, 59.3501
  -> [OK] AI Tashxisi: Mastit / Infeksiya
[Yuborilmoqda] Cow #8 | GPS: 44.1036, 59.353
  -> [OK] AI Tashxisi: Normal
[Yuborilmoqda] Cow #9 | GPS: 44.0962, 59.3461
  -> [OK] AI Tashxisi: Normal
[Yuborilmoqda] Cow #10 | GPS: 44.0964, 59.3497
  -> [OK] AI Tashxisi: Normal
[Yuborilmoqda] Cow #11 | GPS: 44.0994, 59.351
  -> [OK] AI Tashxisi: Normal
----------------------------------------
[Yuborilmoqda] Cow #1 | GPS: 44.0953, 59.3455
  -> [OK] AI Tashxisi: Normal
[Yuborilmoqda] Cow #2 | GPS: 44.1022, 59.351
  -> [OK] AI Tashxisi: Normal
[Yuborilmoqda] Cow #3 | GPS: 44.0972, 59.3491
  -> [OK] AI Tashxisi: Normal
[Yuborilmoqda] Cow #4 | GPS: 44.0993, 59.3534
  -> [OK] AI Tashxisi: Ketoz / Acidosis
[Yuborilmoqda] Cow #5 | GPS: 44.096, 59.3536
  -> [OK] AI Tashxisi: Normal
[Yuborilmoqda] Cow #6 | GPS: 44.1039, 59.3476
  -> [OK] AI Tashxisi: Normal
[Yuborilmoqda] Cow #7 | GPS: 44.1002, 59.35
  -> [OK] AI Tashxisi: Mastit / Infeksiya
[Yuborilmoqda] Cow #8 | GPS: 44.1037, 59.353
  -> [OK] AI Tashxisi: Normal
[Yuborilmoqda] Cow #9 | GPS: 44.0962, 59.346
  -> [OK] AI Tashxisi: Normal
[Yuborilmoqda] Cow #10 | GPS: 44.0963, 59.3499
  -> [OK] AI Tashxisi: Normal
[Yuborilmoqda] Cow #11 | GPS: 44.0995, 59.3509
  -> [OK] AI Tashxisi: Normal
----------------------------------------
[Yuborilmoqda] Cow #1 | GPS: 44.0953, 59.3456
  -> [OK] AI Tashxisi: Mastit / Infeksiya
[Yuborilmoqda] Cow #2 | GPS: 44.1021, 59.3508
  -> [OK] AI Tashxisi: Normal
[Yuborilmoqda] Cow #3 | GPS: 44.0972, 59.3492
  -> [OK] AI Tashxisi: Normal
[Yuborilmoqda] Cow #4 | GPS: 44.0994, 59.3533
  -> [OK] AI Tashxisi: Ketoz / Acidosis
[Yuborilmoqda] Cow #5 | GPS: 44.096, 59.3537
  -> [OK] AI Tashxisi: Normal
[Yuborilmoqda] Cow #6 | GPS: 44.1037, 59.3474
  -> [OK] AI Tashxisi: Normal
[Yuborilmoqda] Cow #7 | GPS: 44.1003, 59.35
  -> [OK] AI Tashxisi: Mastit / Infeksiya
[Yuborilmoqda] Cow #8 | GPS: 44.1035, 59.3532
  -> [OK] AI Tashxisi: Normal
[Yuborilmoqda] Cow #9 | GPS: 44.0962, 59.3461
  -> [OK] AI Tashxisi: Normal
[Yuborilmoqda] Cow #10 | GPS: 44.0963, 59.3499
  -> [OK] AI Tashxisi: Normal
[Yuborilmoqda] Cow #11 | GPS: 44.0994, 59.3508
  -> [OK] AI Tashxisi: Normal
----------------------------------------
[Yuborilmoqda] Cow #1 | GPS: 44.0952, 59.3455
  -> [OK] AI Tashxisi: Normal
[Yuborilmoqda] Cow #2 | GPS: 44.1019, 59.3508
  -> [OK] AI Tashxisi: Normal
[Yuborilmoqda] Cow #3 | GPS: 44.097, 59.3493
  -> [OK] AI Tashxisi: Normal
[Yuborilmoqda] Cow #4 | GPS: 44.0994, 59.3532
  -> [OK] AI Tashxisi: Ketoz / Acidosis
[Yuborilmoqda] Cow #5 | GPS: 44.0961, 59.3538
  -> [OK] AI Tashxisi: Normal
[Yuborilmoqda] Cow #6 | GPS: 44.1036, 59.3474
  -> [OK] AI Tashxisi: Normal
[Yuborilmoqda] Cow #7 | GPS: 44.1002, 59.3501
  -> [OK] AI Tashxisi: Mastit / Infeksiya
[Yuborilmoqda] Cow #8 | GPS: 44.1033, 59.3533
  -> [OK] AI Tashxisi: Normal
[Yuborilmoqda] Cow #9 | GPS: 44.0963, 59.346
  -> [OK] AI Tashxisi: Normal
[Yuborilmoqda] Cow #10 | GPS: 44.0964, 59.3499
  -> [OK] AI Tashxisi: Normal
[Yuborilmoqda] Cow #11 | GPS: 44.0993, 59.3507
  -> [OK] AI Tashxisi: Normal
----------------------------------------
[Yuborilmoqda] Cow #1 | GPS: 44.0952, 59.3456
  -> [OK] AI Tashxisi: Mastit / Infeksiya
[Yuborilmoqda] Cow #2 | GPS: 44.1019, 59.3508
  -> [OK] AI Tashxisi: Normal
[Yuborilmoqda] Cow #3 | GPS: 44.0971, 59.3495
  -> [OK] AI Tashxisi: Normal
[Yuborilmoqda] Cow #4 | GPS: 44.0996, 59.3531
  -> [OK] AI Tashxisi: Ketoz / Acidosis
[Yuborilmoqda] Cow #5 | GPS: 44.096, 59.3538
  -> [OK] AI Tashxisi: Normal
[Yuborilmoqda] Cow #6 | GPS: 44.1038, 59.3474
  -> [OK] AI Tashxisi: Normal
[Yuborilmoqda] Cow #7 | GPS: 44.1, 59.3502
  -> [OK] AI Tashxisi: Mastit / Infeksiya
[Yuborilmoqda] Cow #8 | GPS: 44.1032, 59.3532
  -> [OK] AI Tashxisi: Mastit / Infeksiya
[Yuborilmoqda] Cow #9 | GPS: 44.0963, 59.3459
  -> [OK] AI Tashxisi: Normal
[Yuborilmoqda] Cow #10 | GPS: 44.0965, 59.3499
  -> [OK] AI Tashxisi: Normal
[Yuborilmoqda] Cow #11 | GPS: 44.0994, 59.3508
  -> [OK] AI Tashxisi: Normal
----------------------------------------
[Yuborilmoqda] Cow #1 | GPS: 44.0952, 59.3458
  -> [OK] AI Tashxisi: Normal
[Yuborilmoqda] Cow #2 | GPS: 44.1019, 59.3508
  -> [OK] AI Tashxisi: Normal
[Yuborilmoqda] Cow #3 | GPS: 44.0971, 59.3493
  -> [OK] AI Tashxisi: Normal
[Yuborilmoqda] Cow #4 | GPS: 44.0994, 59.3532
  -> [OK] AI Tashxisi: Ketoz / Acidosis
[Yuborilmoqda] Cow #5 | GPS: 44.0958, 59.3538
  -> [OK] AI Tashxisi: Normal
[Yuborilmoqda] Cow #6 | GPS: 44.1039, 59.3474
  -> [OK] AI Tashxisi: Normal
[Yuborilmoqda] Cow #7 | GPS: 44.1001, 59.3503
  -> [OK] AI Tashxisi: Mastit / Infeksiya
[Yuborilmoqda] Cow #8 | GPS: 44.1033, 59.3531
  -> [OK] AI Tashxisi: Normal
[Yuborilmoqda] Cow #9 | GPS: 44.0965, 59.3458
  -> [OK] AI Tashxisi: Normal
[Yuborilmoqda] Cow #10 | GPS: 44.0965, 59.3499
  -> [OK] AI Tashxisi: Normal
[Yuborilmoqda] Cow #11 | GPS: 44.0993, 59.3507
  -> [OK] AI Tashxisi: Normal
----------------------------------------
[Yuborilmoqda] Cow #1 | GPS: 44.0953, 59.3459
  -> [OK] AI Tashxisi: Normal
[Yuborilmoqda] Cow #2 | GPS: 44.102, 59.3506
  -> [OK] AI Tashxisi: Normal
[Yuborilmoqda] Cow #3 | GPS: 44.097, 59.3493
  -> [OK] AI Tashxisi: Normal
[Yuborilmoqda] Cow #4 | GPS: 44.0994, 59.3532
  -> [OK] AI Tashxisi: Ketoz / Acidosis
[Yuborilmoqda] Cow #5 | GPS: 44.0957, 59.3539
  -> [OK] AI Tashxisi: Normal
[Yuborilmoqda] Cow #6 | GPS: 44.1041, 59.3472
  -> [OK] AI Tashxisi: Normal
[Yuborilmoqda] Cow #7 | GPS: 44.1002, 59.3504
  -> [OK] AI Tashxisi: Mastit / Infeksiya
[Yuborilmoqda] Cow #8 | GPS: 44.1032, 59.3532
  -> [OK] AI Tashxisi: Normal
[Yuborilmoqda] Cow #9 | GPS: 44.0964, 59.3458
  -> [OK] AI Tashxisi: Normal
[Yuborilmoqda] Cow #10 | GPS: 44.0965, 59.35
  -> [OK] AI Tashxisi: Normal
[Yuborilmoqda] Cow #11 | GPS: 44.0992, 59.3506
  -> [OK] AI Tashxisi: Normal
----------------------------------------
[Yuborilmoqda] Cow #1 | GPS: 44.0955, 59.3461
  -> [OK] AI Tashxisi: Normal
[Yuborilmoqda] Cow #2 | GPS: 44.1022, 59.3505
  -> [OK] AI Tashxisi: Normal
[Yuborilmoqda] Cow #3 | GPS: 44.0969, 59.3491
  -> [OK] AI Tashxisi: Mastit / Infeksiya
[Yuborilmoqda] Cow #4 | GPS: 44.0996, 59.3534
  -> [OK] AI Tashxisi: Ketoz / Acidosis
[Yuborilmoqda] Cow #5 | GPS: 44.0957, 59.354
  -> [OK] AI Tashxisi: Normal
[Yuborilmoqda] Cow #6 | GPS: 44.1041, 59.3472
  -> [OK] AI Tashxisi: Normal
[Yuborilmoqda] Cow #7 | GPS: 44.1001, 59.3505
  -> [OK] AI Tashxisi: Mastit / Infeksiya
[Yuborilmoqda] Cow #8 | GPS: 44.103, 59.3532
  -> [OK] AI Tashxisi: Normal
[Yuborilmoqda] Cow #9 | GPS: 44.0966, 59.3457
  -> [OK] AI Tashxisi: Normal
[Yuborilmoqda] Cow #10 | GPS: 44.0966, 59.3502
  -> [OK] AI Tashxisi: Normal
[Yuborilmoqda] Cow #11 | GPS: 44.099, 59.3506
  -> [OK] AI Tashxisi: Normal
----------------------------------------
[Yuborilmoqda] Cow #1 | GPS: 44.0955, 59.3461
  -> [OK] AI Tashxisi: Normal
[Yuborilmoqda] Cow #2 | GPS: 44.1021, 59.3506
  -> [OK] AI Tashxisi: Normal
[Yuborilmoqda] Cow #3 | GPS: 44.097, 59.3491
  -> [OK] AI Tashxisi: Mastit / Infeksiya
[Yuborilmoqda] Cow #4 | GPS: 44.0995, 59.3535
  -> [OK] AI Tashxisi: Ketoz / Acidosis
[Yuborilmoqda] Cow #5 | GPS: 44.0959, 59.3541
  -> [OK] AI Tashxisi: Normal
[Yuborilmoqda] Cow #6 | GPS: 44.1042, 59.3473
  -> [OK] AI Tashxisi: Normal
[Yuborilmoqda] Cow #7 | GPS: 44.1, 59.3504
  -> [OK] AI Tashxisi: Mastit / Infeksiya
[Yuborilmoqda] Cow #8 | GPS: 44.1029, 59.3532
  -> [OK] AI Tashxisi: Normal
[Yuborilmoqda] Cow #9 | GPS: 44.0967, 59.3456
  -> [OK] AI Tashxisi: Normal
[Yuborilmoqda] Cow #10 | GPS: 44.0965, 59.35
  -> [OK] AI Tashxisi: Normal
[Yuborilmoqda] Cow #11 | GPS: 44.0992, 59.3507
  -> [OK] AI Tashxisi: Normal
----------------------------------------
[Yuborilmoqda] Cow #1 | GPS: 44.0956, 59.3463
  -> [OK] AI Tashxisi: Normal
[Yuborilmoqda] Cow #2 | GPS: 44.102, 59.3507
  -> [OK] AI Tashxisi: Normal
[Yuborilmoqda] Cow #3 | GPS: 44.0969, 59.3492
  -> [OK] AI Tashxisi: Normal
[Yuborilmoqda] Cow #4 | GPS: 44.0994, 59.3533
  -> [OK] AI Tashxisi: Ketoz / Acidosis
[Yuborilmoqda] Cow #5 | GPS: 44.0958, 59.3541
  -> [OK] AI Tashxisi: Normal
[Yuborilmoqda] Cow #6 | GPS: 44.1044, 59.3474
  -> [OK] AI Tashxisi: Normal
[Yuborilmoqda] Cow #7 | GPS: 44.1, 59.3504
  -> [OK] AI Tashxisi: Mastit / Infeksiya
[Yuborilmoqda] Cow #8 | GPS: 44.103, 59.3532
  -> [OK] AI Tashxisi: Normal
[Yuborilmoqda] Cow #9 | GPS: 44.0966, 59.3455
  -> [OK] AI Tashxisi: Normal
[Yuborilmoqda] Cow #10 | GPS: 44.0964, 59.3499
  -> [OK] AI Tashxisi: Normal
[Yuborilmoqda] Cow #11 | GPS: 44.099, 59.3506
  -> [OK] AI Tashxisi: Normal
----------------------------------------
[Yuborilmoqda] Cow #1 | GPS: 44.0958, 59.3461
  -> [OK] AI Tashxisi: Normal
[Yuborilmoqda] Cow #2 | GPS: 44.102, 59.3507
  -> [OK] AI Tashxisi: Normal
[Yuborilmoqda] Cow #3 | GPS: 44.0969, 59.3491
  -> [OK] AI Tashxisi: Normal
[Yuborilmoqda] Cow #4 | GPS: 44.0995, 59.3533
  -> [OK] AI Tashxisi: Ketoz / Acidosis
[Yuborilmoqda] Cow #5 | GPS: 44.0957, 59.354
  -> [OK] AI Tashxisi: Normal
[Yuborilmoqda] Cow #6 | GPS: 44.1045, 59.3473
  -> [OK] AI Tashxisi: Normal
[Yuborilmoqda] Cow #7 | GPS: 44.1001, 59.3504
  -> [OK] AI Tashxisi: Mastit / Infeksiya
[Yuborilmoqda] Cow #8 | GPS: 44.1031, 59.3532
  -> [OK] AI Tashxisi: Normal
[Yuborilmoqda] Cow #9 | GPS: 44.0966, 59.3457
  -> [OK] AI Tashxisi: Normal
[Yuborilmoqda] Cow #10 | GPS: 44.0965, 59.3501
  -> [OK] AI Tashxisi: Normal
[Yuborilmoqda] Cow #11 | GPS: 44.0991, 59.3505
  -> [OK] AI Tashxisi: Normal
----------------------------------------
[Yuborilmoqda] Cow #1 | GPS: 44.0959, 59.3459
  -> [OK] AI Tashxisi: Normal
[Yuborilmoqda] Cow #2 | GPS: 44.102, 59.3508
  -> [OK] AI Tashxisi: Normal
[Yuborilmoqda] Cow #3 | GPS: 44.0969, 59.3491
  -> [OK] AI Tashxisi: Normal
[Yuborilmoqda] Cow #4 | GPS: 44.0996, 59.3534
  -> [OK] AI Tashxisi: Ketoz / Acidosis
[Yuborilmoqda] Cow #5 | GPS: 44.0955, 59.3542
  -> [OK] AI Tashxisi: Normal
[Yuborilmoqda] Cow #6 | GPS: 44.1045, 59.3474
  -> [OK] AI Tashxisi: Normal
[Yuborilmoqda] Cow #7 | GPS: 44.1002, 59.3505
  -> [OK] AI Tashxisi: Mastit / Infeksiya
[Yuborilmoqda] Cow #8 | GPS: 44.1032, 59.3531
  -> [OK] AI Tashxisi: Normal
[Yuborilmoqda] Cow #9 | GPS: 44.0965, 59.3455
  -> [OK] AI Tashxisi: Normal
[Yuborilmoqda] Cow #10 | GPS: 44.0966, 59.3502
  -> [OK] AI Tashxisi: Normal
[Yuborilmoqda] Cow #11 | GPS: 44.0992, 59.3506
  -> [OK] AI Tashxisi: Normal
----------------------------------------
[Yuborilmoqda] Cow #1 | GPS: 44.096, 59.3459
  -> [OK] AI Tashxisi: Normal
[Yuborilmoqda] Cow #2 | GPS: 44.1018, 59.3509
  -> [OK] AI Tashxisi: Normal
[Yuborilmoqda] Cow #3 | GPS: 44.0968, 59.349
  -> [OK] AI Tashxisi: Normal
[Yuborilmoqda] Cow #4 | GPS: 44.0997, 59.3532
  -> [OK] AI Tashxisi: Ketoz / Acidosis
[Yuborilmoqda] Cow #5 | GPS: 44.0957, 59.3541
  -> [OK] AI Tashxisi: Normal
[Yuborilmoqda] Cow #6 | GPS: 44.1043, 59.3476
  -> [OK] AI Tashxisi: Normal
[Yuborilmoqda] Cow #7 | GPS: 44.1001, 59.3504
  -> [OK] AI Tashxisi: Mastit / Infeksiya
[Yuborilmoqda] Cow #8 | GPS: 44.1032, 59.3531
  -> [OK] AI Tashxisi: Normal
[Yuborilmoqda] Cow #9 | GPS: 44.0963, 59.3457
  -> [OK] AI Tashxisi: Normal
[Yuborilmoqda] Cow #10 | GPS: 44.0966, 59.3502
  -> [OK] AI Tashxisi: Normal
[Yuborilmoqda] Cow #11 | GPS: 44.0993, 59.3506
  -> [OK] AI Tashxisi: Normal
----------------------------------------
[Yuborilmoqda] Cow #1 | GPS: 44.0961, 59.3457
  -> [OK] AI Tashxisi: Normal
[Yuborilmoqda] Cow #2 | GPS: 44.1016, 59.3509
  -> [OK] AI Tashxisi: Normal
[Yuborilmoqda] Cow #3 | GPS: 44.0968, 59.3489
  -> [OK] AI Tashxisi: Normal
[Yuborilmoqda] Cow #4 | GPS: 44.0995, 59.3534
  -> [OK] AI Tashxisi: Ketoz / Acidosis
[Yuborilmoqda] Cow #5 | GPS: 44.0957, 59.3541
  -> [OK] AI Tashxisi: Normal
[Yuborilmoqda] Cow #6 | GPS: 44.1042, 59.3474
  -> [OK] AI Tashxisi: Normal
[Yuborilmoqda] Cow #7 | GPS: 44.1, 59.3505
  -> [OK] AI Tashxisi: Mastit / Infeksiya
[Yuborilmoqda] Cow #8 | GPS: 44.1031, 59.3533
  -> [OK] AI Tashxisi: Normal
[Yuborilmoqda] Cow #9 | GPS: 44.0963, 59.3458
  -> [OK] AI Tashxisi: Normal
[Yuborilmoqda] Cow #10 | GPS: 44.0965, 59.3501
  -> [OK] AI Tashxisi: Normal
[Yuborilmoqda] Cow #11 | GPS: 44.0994, 59.3507
  -> [OK] AI Tashxisi: Normal
----------------------------------------
[Yuborilmoqda] Cow #1 | GPS: 44.0963, 59.3458
  -> [OK] AI Tashxisi: Normal
[Yuborilmoqda] Cow #2 | GPS: 44.1016, 59.351
  -> [OK] AI Tashxisi: Normal
[Yuborilmoqda] Cow #3 | GPS: 44.0967, 59.349
  -> [OK] AI Tashxisi: Normal
[Yuborilmoqda] Cow #4 | GPS: 44.0995, 59.3532
  -> [OK] AI Tashxisi: Ketoz / Acidosis
[Yuborilmoqda] Cow #5 | GPS: 44.0959, 59.354
  -> [OK] AI Tashxisi: Normal
[Yuborilmoqda] Cow #6 | GPS: 44.1043, 59.3473
  -> [OK] AI Tashxisi: Mastit / Infeksiya
[Yuborilmoqda] Cow #7 | GPS: 44.1002, 59.3506
  -> [OK] AI Tashxisi: Mastit / Infeksiya
[Yuborilmoqda] Cow #8 | GPS: 44.1029, 59.3535
  -> [OK] AI Tashxisi: Normal
[Yuborilmoqda] Cow #9 | GPS: 44.0964, 59.3459
  -> [OK] AI Tashxisi: Normal
[Yuborilmoqda] Cow #10 | GPS: 44.0964, 59.3502
  -> [OK] AI Tashxisi: Normal
[Yuborilmoqda] Cow #11 | GPS: 44.0992, 59.3506
  -> [OK] AI Tashxisi: Normal
----------------------------------------
[Yuborilmoqda] Cow #1 | GPS: 44.0963, 59.3459
  -> [OK] AI Tashxisi: Mastit / Infeksiya
[Yuborilmoqda] Cow #2 | GPS: 44.1018, 59.3511
  -> [OK] AI Tashxisi: Normal
[Yuborilmoqda] Cow #3 | GPS: 44.0967, 59.3489
  -> [OK] AI Tashxisi: Normal
[Yuborilmoqda] Cow #4 | GPS: 44.0993, 59.3531
  -> [OK] AI Tashxisi: Ketoz / Acidosis
[Yuborilmoqda] Cow #5 | GPS: 44.0959, 59.3541
  -> [OK] AI Tashxisi: Mastit / Infeksiya
[Yuborilmoqda] Cow #6 | GPS: 44.1044, 59.3474
  -> [OK] AI Tashxisi: Normal
[Yuborilmoqda] Cow #7 | GPS: 44.1003, 59.3505
  -> [OK] AI Tashxisi: Mastit / Infeksiya
[Yuborilmoqda] Cow #8 | GPS: 44.1028, 59.3534
  -> [OK] AI Tashxisi: Normal
[Yuborilmoqda] Cow #9 | GPS: 44.0963, 59.3461
  -> [OK] AI Tashxisi: Normal
[Yuborilmoqda] Cow #10 | GPS: 44.0963, 59.3503
  -> [OK] AI Tashxisi: Normal
[Yuborilmoqda] Cow #11 | GPS: 44.0991, 59.3505
  -> [OK] AI Tashxisi: Normal
----------------------------------------
[Yuborilmoqda] Cow #1 | GPS: 44.0962, 59.3458
  -> [OK] AI Tashxisi: Normal
[Yuborilmoqda] Cow #2 | GPS: 44.1016, 59.3511
  -> [OK] AI Tashxisi: Normal
[Yuborilmoqda] Cow #3 | GPS: 44.0967, 59.3488
  -> [OK] AI Tashxisi: Normal
[Yuborilmoqda] Cow #4 | GPS: 44.0992, 59.3529
  -> [OK] AI Tashxisi: Ketoz / Acidosis
[Yuborilmoqda] Cow #5 | GPS: 44.0958, 59.3542
  -> [OK] AI Tashxisi: Normal
[Yuborilmoqda] Cow #6 | GPS: 44.1046, 59.3474
  -> [OK] AI Tashxisi: Mastit / Infeksiya
[Yuborilmoqda] Cow #7 | GPS: 44.1002, 59.3505
  -> [OK] AI Tashxisi: Mastit / Infeksiya
[Yuborilmoqda] Cow #8 | GPS: 44.1029, 59.3536
  -> [OK] AI Tashxisi: Normal
[Yuborilmoqda] Cow #9 | GPS: 44.0961, 59.3462
  -> [OK] AI Tashxisi: Normal
[Yuborilmoqda] Cow #10 | GPS: 44.0961, 59.3502
  -> [OK] AI Tashxisi: Normal
[Yuborilmoqda] Cow #11 | GPS: 44.099, 59.3504
  -> [OK] AI Tashxisi: Normal
----------------------------------------
[Yuborilmoqda] Cow #1 | GPS: 44.0962, 59.3457
  -> [OK] AI Tashxisi: Normal
[Yuborilmoqda] Cow #2 | GPS: 44.1016, 59.351
  -> [OK] AI Tashxisi: Mastit / Infeksiya
[Yuborilmoqda] Cow #3 | GPS: 44.0968, 59.3487
  -> [OK] AI Tashxisi: Normal
[Yuborilmoqda] Cow #4 | GPS: 44.0991, 59.3529
  -> [OK] AI Tashxisi: Ketoz / Acidosis
[Yuborilmoqda] Cow #5 | GPS: 44.096, 59.3542
  -> [OK] AI Tashxisi: Normal
[Yuborilmoqda] Cow #6 | GPS: 44.1047, 59.3474
  -> [OK] AI Tashxisi: Normal
[Yuborilmoqda] Cow #7 | GPS: 44.1001, 59.3507
  -> [OK] AI Tashxisi: Mastit / Infeksiya
[Yuborilmoqda] Cow #8 | GPS: 44.103, 59.3536
  -> [OK] AI Tashxisi: Normal
[Yuborilmoqda] Cow #9 | GPS: 44.0961, 59.3463
  -> [OK] AI Tashxisi: Normal
[Yuborilmoqda] Cow #10 | GPS: 44.0959, 59.3501
  -> [OK] AI Tashxisi: Mastit / Infeksiya
[Yuborilmoqda] Cow #11 | GPS: 44.0989, 59.3502
  -> [OK] AI Tashxisi: Normal
----------------------------------------
[Yuborilmoqda] Cow #1 | GPS: 44.096, 59.3458
  -> [OK] AI Tashxisi: Normal
[Yuborilmoqda] Cow #2 | GPS: 44.1018, 59.351
  -> [OK] AI Tashxisi: Normal
[Yuborilmoqda] Cow #3 | GPS: 44.0968, 59.3487
  -> [OK] AI Tashxisi: Normal
[Yuborilmoqda] Cow #4 | GPS: 44.099, 59.3531
  -> [OK] AI Tashxisi: Ketoz / Acidosis
[Yuborilmoqda] Cow #5 | GPS: 44.096, 59.3541
  -> [OK] AI Tashxisi: Normal
[Yuborilmoqda] Cow #6 | GPS: 44.1048, 59.3473
  -> [OK] AI Tashxisi: Normal
[Yuborilmoqda] Cow #7 | GPS: 44.1001, 59.3507
  -> [OK] AI Tashxisi: Mastit / Infeksiya
[Yuborilmoqda] Cow #8 | GPS: 44.1028, 59.3534
  -> [OK] AI Tashxisi: Normal
[Yuborilmoqda] Cow #9 | GPS: 44.0961, 59.3462
  -> [OK] AI Tashxisi: Normal
[Yuborilmoqda] Cow #10 | GPS: 44.096, 59.3499
  -> [OK] AI Tashxisi: Normal
[Yuborilmoqda] Cow #11 | GPS: 44.0991, 59.3504
  -> [OK] AI Tashxisi: Normal
----------------------------------------
[Yuborilmoqda] Cow #1 | GPS: 44.096, 59.3457
  -> [OK] AI Tashxisi: Normal
[Yuborilmoqda] Cow #2 | GPS: 44.1016, 59.3512
  -> [OK] AI Tashxisi: Normal
[Yuborilmoqda] Cow #3 | GPS: 44.0966, 59.3485
  -> [OK] AI Tashxisi: Normal
[Yuborilmoqda] Cow #4 | GPS: 44.0992, 59.353
  -> [OK] AI Tashxisi: Ketoz / Acidosis
[Yuborilmoqda] Cow #5 | GPS: 44.0961, 59.3542
  -> [OK] AI Tashxisi: Normal
[Yuborilmoqda] Cow #6 | GPS: 44.1048, 59.3473
  -> [OK] AI Tashxisi: Normal
[Yuborilmoqda] Cow #7 | GPS: 44.1001, 59.3507
  -> [OK] AI Tashxisi: Mastit / Infeksiya
[Yuborilmoqda] Cow #8 | GPS: 44.1028, 59.3534
  -> [OK] AI Tashxisi: Normal
[Yuborilmoqda] Cow #9 | GPS: 44.0962, 59.3462
  -> [OK] AI Tashxisi: Normal
[Yuborilmoqda] Cow #10 | GPS: 44.0959, 59.3501
  -> [OK] AI Tashxisi: Mastit / Infeksiya
[Yuborilmoqda] Cow #11 | GPS: 44.099, 59.3504
  -> [OK] AI Tashxisi: Normal
----------------------------------------
[Yuborilmoqda] Cow #1 | GPS: 44.096, 59.3455
  -> [OK] AI Tashxisi: Mastit / Infeksiya
[Yuborilmoqda] Cow #2 | GPS: 44.1015, 59.3511
  -> [OK] AI Tashxisi: Normal
[Yuborilmoqda] Cow #3 | GPS: 44.0966, 59.3483
  -> [OK] AI Tashxisi: Normal
[Yuborilmoqda] Cow #4 | GPS: 44.0991, 59.3528
  -> [OK] AI Tashxisi: Ketoz / Acidosis
[Yuborilmoqda] Cow #5 | GPS: 44.0963, 59.3544
  -> [OK] AI Tashxisi: Normal
[Yuborilmoqda] Cow #6 | GPS: 44.1047, 59.3474
  -> [OK] AI Tashxisi: Normal
[Yuborilmoqda] Cow #7 | GPS: 44.1, 59.3506
  -> [OK] AI Tashxisi: Mastit / Infeksiya
[Yuborilmoqda] Cow #8 | GPS: 44.1029, 59.3534
  -> [OK] AI Tashxisi: Normal
[Yuborilmoqda] Cow #9 | GPS: 44.0961, 59.3462
  -> [OK] AI Tashxisi: Normal
[Yuborilmoqda] Cow #10 | GPS: 44.0959, 59.3503
  -> [OK] AI Tashxisi: Normal
[Yuborilmoqda] Cow #11 | GPS: 44.0989, 59.3504
  -> [OK] AI Tashxisi: Normal
----------------------------------------
[Yuborilmoqda] Cow #1 | GPS: 44.0962, 59.3454
  -> [OK] AI Tashxisi: Normal
[Yuborilmoqda] Cow #2 | GPS: 44.1016, 59.351
  -> [OK] AI Tashxisi: Normal
[Yuborilmoqda] Cow #3 | GPS: 44.0968, 59.3484
  -> [OK] AI Tashxisi: Normal
[Yuborilmoqda] Cow #4 | GPS: 44.0993, 59.3529
  -> [OK] AI Tashxisi: Ketoz / Acidosis
[Yuborilmoqda] Cow #5 | GPS: 44.0962, 59.3546
  -> [OK] AI Tashxisi: Normal
[Yuborilmoqda] Cow #6 | GPS: 44.1047, 59.3472
  -> [OK] AI Tashxisi: Normal
[Yuborilmoqda] Cow #7 | GPS: 44.0998, 59.3507
  -> [OK] AI Tashxisi: Mastit / Infeksiya
[Yuborilmoqda] Cow #8 | GPS: 44.1031, 59.3535
  -> [OK] AI Tashxisi: Normal
[Yuborilmoqda] Cow #9 | GPS: 44.0961, 59.3461
  -> [OK] AI Tashxisi: Normal
[Yuborilmoqda] Cow #10 | GPS: 44.0959, 59.3505
  -> [OK] AI Tashxisi: Normal
[Yuborilmoqda] Cow #11 | GPS: 44.099, 59.3502
  -> [OK] AI Tashxisi: Normal
----------------------------------------
[Yuborilmoqda] Cow #1 | GPS: 44.0961, 59.3453
  -> [OK] AI Tashxisi: Normal
[Yuborilmoqda] Cow #2 | GPS: 44.1018, 59.3509
  -> [OK] AI Tashxisi: Normal
[Yuborilmoqda] Cow #3 | GPS: 44.0966, 59.3483
  -> [OK] AI Tashxisi: Normal
[Yuborilmoqda] Cow #4 | GPS: 44.0992, 59.353
  -> [OK] AI Tashxisi: Ketoz / Acidosis
[Yuborilmoqda] Cow #5 | GPS: 44.096, 59.3547
  -> [OK] AI Tashxisi: Normal
[Yuborilmoqda] Cow #6 | GPS: 44.1048, 59.3472
  -> [OK] AI Tashxisi: Normal
[Yuborilmoqda] Cow #7 | GPS: 44.0997, 59.3507
  -> [OK] AI Tashxisi: Mastit / Infeksiya
[Yuborilmoqda] Cow #8 | GPS: 44.1032, 59.3534
  -> [OK] AI Tashxisi: Normal
[Yuborilmoqda] Cow #9 | GPS: 44.0962, 59.346
  -> [OK] AI Tashxisi: Normal
[Yuborilmoqda] Cow #10 | GPS: 44.096, 59.3505
  -> [OK] AI Tashxisi: Normal
[Yuborilmoqda] Cow #11 | GPS: 44.0992, 59.3502
  -> [OK] AI Tashxisi: Normal
----------------------------------------
[Yuborilmoqda] Cow #1 | GPS: 44.0961, 59.3453
  -> [OK] AI Tashxisi: Normal
[Yuborilmoqda] Cow #2 | GPS: 44.1018, 59.351
  -> [OK] AI Tashxisi: Normal
[Yuborilmoqda] Cow #3 | GPS: 44.0965, 59.3484
  -> [OK] AI Tashxisi: Normal
[Yuborilmoqda] Cow #4 | GPS: 44.0993, 59.353
  -> [OK] AI Tashxisi: Ketoz / Acidosis
[Yuborilmoqda] Cow #5 | GPS: 44.0961, 59.3546
  -> [OK] AI Tashxisi: Normal
[Yuborilmoqda] Cow #6 | GPS: 44.1048, 59.3473
  -> [OK] AI Tashxisi: Normal
[Yuborilmoqda] Cow #7 | GPS: 44.0995, 59.3506
  -> [OK] AI Tashxisi: Mastit / Infeksiya
[Yuborilmoqda] Cow #8 | GPS: 44.1034, 59.3534
  -> [OK] AI Tashxisi: Normal
[Yuborilmoqda] Cow #9 | GPS: 44.0961, 59.3459
  -> [OK] AI Tashxisi: Normal
[Yuborilmoqda] Cow #10 | GPS: 44.0961, 59.3507
  -> [OK] AI Tashxisi: Normal
[Yuborilmoqda] Cow #11 | GPS: 44.0994, 59.3502
  -> [OK] AI Tashxisi: Normal
----------------------------------------
[Yuborilmoqda] Cow #1 | GPS: 44.0963, 59.3453
  -> [OK] AI Tashxisi: Normal
[Yuborilmoqda] Cow #2 | GPS: 44.102, 59.3512
  -> [OK] AI Tashxisi: Normal
[Yuborilmoqda] Cow #3 | GPS: 44.0966, 59.3485
  -> [OK] AI Tashxisi: Normal
[Yuborilmoqda] Cow #4 | GPS: 44.0994, 59.353
  -> [OK] AI Tashxisi: Ketoz / Acidosis
[Yuborilmoqda] Cow #5 | GPS: 44.0962, 59.3545
  -> [OK] AI Tashxisi: Normal
[Yuborilmoqda] Cow #6 | GPS: 44.1047, 59.3472
  -> [OK] AI Tashxisi: Normal
[Yuborilmoqda] Cow #7 | GPS: 44.0996, 59.3508
  -> [OK] AI Tashxisi: Mastit / Infeksiya
[Yuborilmoqda] Cow #8 | GPS: 44.1032, 59.3535
  -> [OK] AI Tashxisi: Normal
[Yuborilmoqda] Cow #9 | GPS: 44.0961, 59.3459
  -> [OK] AI Tashxisi: Normal
[Yuborilmoqda] Cow #10 | GPS: 44.096, 59.3508
  -> [OK] AI Tashxisi: Normal
[Yuborilmoqda] Cow #11 | GPS: 44.0995, 59.3503
  -> [OK] AI Tashxisi: Normal
----------------------------------------
[Yuborilmoqda] Cow #1 | GPS: 44.0962, 59.3451
  -> [OK] AI Tashxisi: Normal
[Yuborilmoqda] Cow #2 | GPS: 44.1021, 59.3511
  -> [OK] AI Tashxisi: Normal
[Yuborilmoqda] Cow #3 | GPS: 44.0966, 59.3485
  -> [OK] AI Tashxisi: Normal
[Yuborilmoqda] Cow #4 | GPS: 44.0994, 59.3529
  -> [OK] AI Tashxisi: Ketoz / Acidosis
[Yuborilmoqda] Cow #5 | GPS: 44.096, 59.3547
  -> [OK] AI Tashxisi: Normal
[Yuborilmoqda] Cow #6 | GPS: 44.1048, 59.3471
  -> [OK] AI Tashxisi: Mastit / Infeksiya
[Yuborilmoqda] Cow #7 | GPS: 44.0998, 59.351
  -> [OK] AI Tashxisi: Mastit / Infeksiya
[Yuborilmoqda] Cow #8 | GPS: 44.1033, 59.3535
  -> [OK] AI Tashxisi: Normal
[Yuborilmoqda] Cow #9 | GPS: 44.0963, 59.346
  -> [OK] AI Tashxisi: Normal
[Yuborilmoqda] Cow #10 | GPS: 44.096, 59.3509
  -> [OK] AI Tashxisi: Normal
[Yuborilmoqda] Cow #11 | GPS: 44.0993, 59.3503
  -> [OK] AI Tashxisi: Normal
----------------------------------------
[Yuborilmoqda] Cow #1 | GPS: 44.0961, 59.3451
  -> [OK] AI Tashxisi: Normal
[Yuborilmoqda] Cow #2 | GPS: 44.1021, 59.3512
  -> [OK] AI Tashxisi: Normal
[Yuborilmoqda] Cow #3 | GPS: 44.0964, 59.3485
  -> [OK] AI Tashxisi: Normal
[Yuborilmoqda] Cow #4 | GPS: 44.0995, 59.3529
  -> [OK] AI Tashxisi: Ketoz / Acidosis
[Yuborilmoqda] Cow #5 | GPS: 44.096, 59.3548
  -> [OK] AI Tashxisi: Normal
[Yuborilmoqda] Cow #6 | GPS: 44.1049, 59.3472
  -> [OK] AI Tashxisi: Normal
[Yuborilmoqda] Cow #7 | GPS: 44.0997, 59.3511
  -> [OK] AI Tashxisi: Mastit / Infeksiya
[Yuborilmoqda] Cow #8 | GPS: 44.1032, 59.3536
  -> [OK] AI Tashxisi: Normal
[Yuborilmoqda] Cow #9 | GPS: 44.0963, 59.3461
  -> [OK] AI Tashxisi: Normal
[Yuborilmoqda] Cow #10 | GPS: 44.0959, 59.3507
  -> [OK] AI Tashxisi: Normal
[Yuborilmoqda] Cow #11 | GPS: 44.0991, 59.3502
  -> [OK] AI Tashxisi: Normal
----------------------------------------
[Yuborilmoqda] Cow #1 | GPS: 44.0962, 59.3451
  -> [OK] AI Tashxisi: Normal
[Yuborilmoqda] Cow #2 | GPS: 44.1019, 59.3514
  -> [OK] AI Tashxisi: Normal
[Yuborilmoqda] Cow #3 | GPS: 44.0966, 59.3483
  -> [OK] AI Tashxisi: Normal
[Yuborilmoqda] Cow #4 | GPS: 44.0995, 59.3528
  -> [OK] AI Tashxisi: Ketoz / Acidosis
[Yuborilmoqda] Cow #5 | GPS: 44.0959, 59.3549
  -> [OK] AI Tashxisi: Normal
[Yuborilmoqda] Cow #6 | GPS: 44.1051, 59.3471
  -> [OK] AI Tashxisi: Normal
[Yuborilmoqda] Cow #7 | GPS: 44.0998, 59.3512
  -> [OK] AI Tashxisi: Mastit / Infeksiya
[Yuborilmoqda] Cow #8 | GPS: 44.103, 59.3537
  -> [OK] AI Tashxisi: Mastit / Infeksiya
[Yuborilmoqda] Cow #9 | GPS: 44.0964, 59.3462
  -> [OK] AI Tashxisi: Mastit / Infeksiya
[Yuborilmoqda] Cow #10 | GPS: 44.0959, 59.3507
  -> [OK] AI Tashxisi: Normal
[Yuborilmoqda] Cow #11 | GPS: 44.0991, 59.3503
  -> [OK] AI Tashxisi: Normal
----------------------------------------
[Yuborilmoqda] Cow #1 | GPS: 44.0962, 59.3451
  -> [OK] AI Tashxisi: Normal
[Yuborilmoqda] Cow #2 | GPS: 44.102, 59.3515
  -> [OK] AI Tashxisi: Mastit / Infeksiya
[Yuborilmoqda] Cow #3 | GPS: 44.0966, 59.3482
  -> [OK] AI Tashxisi: Normal
[Yuborilmoqda] Cow #4 | GPS: 44.0996, 59.3527
  -> [OK] AI Tashxisi: Ketoz / Acidosis
[Yuborilmoqda] Cow #5 | GPS: 44.0958, 59.3549
  -> [OK] AI Tashxisi: Mastit / Infeksiya
[Yuborilmoqda] Cow #6 | GPS: 44.1052, 59.347
  -> [OK] AI Tashxisi: Normal
[Yuborilmoqda] Cow #7 | GPS: 44.0998, 59.3511
  -> [OK] AI Tashxisi: Mastit / Infeksiya
[Yuborilmoqda] Cow #8 | GPS: 44.1032, 59.3535
  -> [OK] AI Tashxisi: Normal
[Yuborilmoqda] Cow #9 | GPS: 44.0964, 59.346
  -> [OK] AI Tashxisi: Normal
[Yuborilmoqda] Cow #10 | GPS: 44.0958, 59.3506
  -> [OK] AI Tashxisi: Normal
[Yuborilmoqda] Cow #11 | GPS: 44.099, 59.3503
  -> [OK] AI Tashxisi: Normal
----------------------------------------
[Yuborilmoqda] Cow #1 | GPS: 44.0962, 59.3451
  -> [OK] AI Tashxisi: Mastit / Infeksiya
[Yuborilmoqda] Cow #2 | GPS: 44.1018, 59.3517
  -> [OK] AI Tashxisi: Mastit / Infeksiya
[Yuborilmoqda] Cow #3 | GPS: 44.0965, 59.3482
  -> [OK] AI Tashxisi: Normal
[Yuborilmoqda] Cow #4 | GPS: 44.0997, 59.3525
  -> [OK] AI Tashxisi: Ketoz / Acidosis
[Yuborilmoqda] Cow #5 | GPS: 44.0957, 59.3547
  -> [OK] AI Tashxisi: Normal
[Yuborilmoqda] Cow #6 | GPS: 44.1054, 59.3468
  -> [OK] AI Tashxisi: Normal
[Yuborilmoqda] Cow #7 | GPS: 44.0996, 59.3509
  -> [OK] AI Tashxisi: Mastit / Infeksiya
[Yuborilmoqda] Cow #8 | GPS: 44.1034, 59.3534
  -> [OK] AI Tashxisi: Normal
[Yuborilmoqda] Cow #9 | GPS: 44.0965, 59.3458
  -> [OK] AI Tashxisi: Normal
[Yuborilmoqda] Cow #10 | GPS: 44.0957, 59.3504
  -> [OK] AI Tashxisi: Normal
[Yuborilmoqda] Cow #11 | GPS: 44.0992, 59.3501
  -> [OK] AI Tashxisi: Normal
----------------------------------------
[Yuborilmoqda] Cow #1 | GPS: 44.0963, 59.3453
  -> [OK] AI Tashxisi: Normal
[Yuborilmoqda] Cow #2 | GPS: 44.1017, 59.3518
  -> [OK] AI Tashxisi: Normal
[Yuborilmoqda] Cow #3 | GPS: 44.0963, 59.3483
  -> [OK] AI Tashxisi: Mastit / Infeksiya
[Yuborilmoqda] Cow #4 | GPS: 44.0997, 59.3525
  -> [OK] AI Tashxisi: Ketoz / Acidosis
[Yuborilmoqda] Cow #5 | GPS: 44.0955, 59.3545
  -> [OK] AI Tashxisi: Normal
[Yuborilmoqda] Cow #6 | GPS: 44.1055, 59.347
  -> [OK] AI Tashxisi: Normal
[Yuborilmoqda] Cow #7 | GPS: 44.0994, 59.3509
  -> [OK] AI Tashxisi: Mastit / Infeksiya
[Yuborilmoqda] Cow #8 | GPS: 44.1035, 59.3534
  -> [OK] AI Tashxisi: Normal
[Yuborilmoqda] Cow #9 | GPS: 44.0966, 59.346
  -> [OK] AI Tashxisi: Normal
[Yuborilmoqda] Cow #10 | GPS: 44.0959, 59.3506
  -> [OK] AI Tashxisi: Normal
[Yuborilmoqda] Cow #11 | GPS: 44.0993, 59.3501
  -> [OK] AI Tashxisi: Normal
----------------------------------------
[Yuborilmoqda] Cow #1 | GPS: 44.0963, 59.3455
  -> [OK] AI Tashxisi: Normal
[Yuborilmoqda] Cow #2 | GPS: 44.1017, 59.3519
  -> [OK] AI Tashxisi: Normal
[Yuborilmoqda] Cow #3 | GPS: 44.0965, 59.3484
  -> [OK] AI Tashxisi: Normal
[Yuborilmoqda] Cow #4 | GPS: 44.0996, 59.3525
  -> [OK] AI Tashxisi: Ketoz / Acidosis
[Yuborilmoqda] Cow #5 | GPS: 44.0957, 59.3544
  -> [OK] AI Tashxisi: Normal
[Yuborilmoqda] Cow #6 | GPS: 44.1055, 59.3471
  -> [OK] AI Tashxisi: Normal
[Yuborilmoqda] Cow #7 | GPS: 44.0996, 59.351
  -> [OK] AI Tashxisi: Mastit / Infeksiya
[Yuborilmoqda] Cow #8 | GPS: 44.1033, 59.3535
  -> [OK] AI Tashxisi: Normal
[Yuborilmoqda] Cow #9 | GPS: 44.0967, 59.3462
  -> [OK] AI Tashxisi: Normal
[Yuborilmoqda] Cow #10 | GPS: 44.0959, 59.3504
  -> [OK] AI Tashxisi: Normal
[Yuborilmoqda] Cow #11 | GPS: 44.0992, 59.3501
  -> [OK] AI Tashxisi: Normal
----------------------------------------
[Yuborilmoqda] Cow #1 | GPS: 44.0965, 59.3456
  -> [OK] AI Tashxisi: Normal
[Yuborilmoqda] Cow #2 | GPS: 44.1017, 59.352
  -> [OK] AI Tashxisi: Normal
[Yuborilmoqda] Cow #3 | GPS: 44.0964, 59.3482
  -> [OK] AI Tashxisi: Normal
[Yuborilmoqda] Cow #4 | GPS: 44.0994, 59.3525
  -> [OK] AI Tashxisi: Ketoz / Acidosis
[Yuborilmoqda] Cow #5 | GPS: 44.0956, 59.3544
  -> [OK] AI Tashxisi: Normal
[Yuborilmoqda] Cow #6 | GPS: 44.1053, 59.347
  -> [OK] AI Tashxisi: Normal
[Yuborilmoqda] Cow #7 | GPS: 44.0994, 59.3511
  -> [OK] AI Tashxisi: Mastit / Infeksiya
[Yuborilmoqda] Cow #8 | GPS: 44.1033, 59.3536
  -> [OK] AI Tashxisi: Normal
[Yuborilmoqda] Cow #9 | GPS: 44.0967, 59.3461
  -> [OK] AI Tashxisi: Normal
[Yuborilmoqda] Cow #10 | GPS: 44.096, 59.3503
  -> [OK] AI Tashxisi: Normal
[Yuborilmoqda] Cow #11 | GPS: 44.099, 59.35
  -> [OK] AI Tashxisi: Normal
----------------------------------------
[Yuborilmoqda] Cow #1 | GPS: 44.0965, 59.3457
  -> [OK] AI Tashxisi: Normal
[Yuborilmoqda] Cow #2 | GPS: 44.1019, 59.352
  -> [OK] AI Tashxisi: Normal
[Yuborilmoqda] Cow #3 | GPS: 44.0962, 59.3483
  -> [OK] AI Tashxisi: Normal
[Yuborilmoqda] Cow #4 | GPS: 44.0992, 59.3526
  -> [OK] AI Tashxisi: Ketoz / Acidosis
[Yuborilmoqda] Cow #5 | GPS: 44.0956, 59.3545
  -> [OK] AI Tashxisi: Normal
[Yuborilmoqda] Cow #6 | GPS: 44.1055, 59.347
  -> [OK] AI Tashxisi: Normal
[Yuborilmoqda] Cow #7 | GPS: 44.0995, 59.3509
  -> [OK] AI Tashxisi: Mastit / Infeksiya
[Yuborilmoqda] Cow #8 | GPS: 44.1032, 59.3537
  -> [OK] AI Tashxisi: Normal
[Yuborilmoqda] Cow #9 | GPS: 44.0966, 59.3461
  -> [OK] AI Tashxisi: Normal
[Yuborilmoqda] Cow #10 | GPS: 44.0962, 59.3503
  -> [OK] AI Tashxisi: Normal
[Yuborilmoqda] Cow #11 | GPS: 44.099, 59.3501
  -> [OK] AI Tashxisi: Normal
----------------------------------------
[Yuborilmoqda] Cow #1 | GPS: 44.0963, 59.3457
  -> [OK] AI Tashxisi: Normal
[Yuborilmoqda] Cow #2 | GPS: 44.102, 59.3522
  -> [OK] AI Tashxisi: Normal
[Yuborilmoqda] Cow #3 | GPS: 44.0963, 59.3482
  -> [OK] AI Tashxisi: Normal
[Yuborilmoqda] Cow #4 | GPS: 44.0992, 59.3527
  -> [OK] AI Tashxisi: Ketoz / Acidosis
[Yuborilmoqda] Cow #5 | GPS: 44.0957, 59.3544
  -> [OK] AI Tashxisi: Normal
[Yuborilmoqda] Cow #6 | GPS: 44.1053, 59.3469
  -> [OK] AI Tashxisi: Normal
[Yuborilmoqda] Cow #7 | GPS: 44.0996, 59.3509
  -> [OK] AI Tashxisi: Mastit / Infeksiya
[Yuborilmoqda] Cow #8 | GPS: 44.1032, 59.3538
  -> [OK] AI Tashxisi: Normal
[Yuborilmoqda] Cow #9 | GPS: 44.0967, 59.3461
  -> [OK] AI Tashxisi: Normal
[Yuborilmoqda] Cow #10 | GPS: 44.0961, 59.3501
  -> [OK] AI Tashxisi: Normal
[Yuborilmoqda] Cow #11 | GPS: 44.099, 59.3499
  -> [OK] AI Tashxisi: Normal
----------------------------------------
[Yuborilmoqda] Cow #1 | GPS: 44.0962, 59.3458
  -> [OK] AI Tashxisi: Normal
[Yuborilmoqda] Cow #2 | GPS: 44.102, 59.3522
  -> [OK] AI Tashxisi: Normal
[Yuborilmoqda] Cow #3 | GPS: 44.0965, 59.348
  -> [OK] AI Tashxisi: Normal
[Yuborilmoqda] Cow #4 | GPS: 44.0993, 59.3528
  -> [OK] AI Tashxisi: Ketoz / Acidosis
[Yuborilmoqda] Cow #5 | GPS: 44.0956, 59.3545
  -> [OK] AI Tashxisi: Normal
[Yuborilmoqda] Cow #6 | GPS: 44.1052, 59.347
  -> [OK] AI Tashxisi: Normal
[Yuborilmoqda] Cow #7 | GPS: 44.0994, 59.3509
  -> [OK] AI Tashxisi: Mastit / Infeksiya
[Yuborilmoqda] Cow #8 | GPS: 44.1032, 59.3537
  -> [OK] AI Tashxisi: Normal
[Yuborilmoqda] Cow #9 | GPS: 44.0967, 59.3461
  -> [OK] AI Tashxisi: Normal
[Yuborilmoqda] Cow #10 | GPS: 44.096, 59.3502
  -> [OK] AI Tashxisi: Normal
[Yuborilmoqda] Cow #11 | GPS: 44.0989, 59.3501
  -> [OK] AI Tashxisi: Normal
----------------------------------------
[Yuborilmoqda] Cow #1 | GPS: 44.0961, 59.3457
  -> [OK] AI Tashxisi: Normal
[Yuborilmoqda] Cow #2 | GPS: 44.102, 59.3524
  -> [OK] AI Tashxisi: Normal
[Yuborilmoqda] Cow #3 | GPS: 44.0964, 59.348
  -> [OK] AI Tashxisi: Normal
[Yuborilmoqda] Cow #4 | GPS: 44.0993, 59.3528
  -> [OK] AI Tashxisi: Ketoz / Acidosis
[Yuborilmoqda] Cow #5 | GPS: 44.0954, 59.3544
  -> [OK] AI Tashxisi: Normal
[Yuborilmoqda] Cow #6 | GPS: 44.1053, 59.3471
  -> [OK] AI Tashxisi: Normal
[Yuborilmoqda] Cow #7 | GPS: 44.0994, 59.3508
  -> [OK] AI Tashxisi: Mastit / Infeksiya
[Yuborilmoqda] Cow #8 | GPS: 44.103, 59.3538
  -> [OK] AI Tashxisi: Normal
[Yuborilmoqda] Cow #9 | GPS: 44.0969, 59.3459
  -> [OK] AI Tashxisi: Normal
[Yuborilmoqda] Cow #10 | GPS: 44.0958, 59.3503
  -> [OK] AI Tashxisi: Normal
[Yuborilmoqda] Cow #11 | GPS: 44.0988, 59.35
  -> [OK] AI Tashxisi: Normal
----------------------------------------
[Yuborilmoqda] Cow #1 | GPS: 44.0962, 59.3455
  -> [OK] AI Tashxisi: Normal
[Yuborilmoqda] Cow #2 | GPS: 44.1019, 59.3525
  -> [OK] AI Tashxisi: Normal
[Yuborilmoqda] Cow #3 | GPS: 44.0962, 59.348
  -> [OK] AI Tashxisi: Normal
[Yuborilmoqda] Cow #4 | GPS: 44.0992, 59.3528
  -> [OK] AI Tashxisi: Ketoz / Acidosis
[Yuborilmoqda] Cow #5 | GPS: 44.0955, 59.3544
  -> [OK] AI Tashxisi: Mastit / Infeksiya
[Yuborilmoqda] Cow #6 | GPS: 44.1052, 59.3472
  -> [OK] AI Tashxisi: Normal
[Yuborilmoqda] Cow #7 | GPS: 44.0992, 59.351
  -> [OK] AI Tashxisi: Mastit / Infeksiya
[Yuborilmoqda] Cow #8 | GPS: 44.103, 59.3536
  -> [OK] AI Tashxisi: Normal
[Yuborilmoqda] Cow #9 | GPS: 44.0967, 59.3459
  -> [OK] AI Tashxisi: Normal
[Yuborilmoqda] Cow #10 | GPS: 44.0958, 59.3501
  -> [OK] AI Tashxisi: Normal
[Yuborilmoqda] Cow #11 | GPS: 44.0988, 59.35
  -> [OK] AI Tashxisi: Normal
----------------------------------------
[Yuborilmoqda] Cow #1 | GPS: 44.0963, 59.3456
  -> [OK] AI Tashxisi: Normal
[Yuborilmoqda] Cow #2 | GPS: 44.1018, 59.3524
  -> [OK] AI Tashxisi: Normal
[Yuborilmoqda] Cow #3 | GPS: 44.0961, 59.3481
  -> [OK] AI Tashxisi: Normal
[Yuborilmoqda] Cow #4 | GPS: 44.0992, 59.3527
  -> [OK] AI Tashxisi: Ketoz / Acidosis
[Yuborilmoqda] Cow #5 | GPS: 44.0953, 59.3542
  -> [OK] AI Tashxisi: Normal
[Yuborilmoqda] Cow #6 | GPS: 44.1052, 59.3472
  -> [OK] AI Tashxisi: Normal
[Yuborilmoqda] Cow #7 | GPS: 44.0993, 59.3509
  -> [OK] AI Tashxisi: Mastit / Infeksiya
[Yuborilmoqda] Cow #8 | GPS: 44.1028, 59.3537
  -> [OK] AI Tashxisi: Normal
[Yuborilmoqda] Cow #9 | GPS: 44.0969, 59.3458
  -> [OK] AI Tashxisi: Normal
[Yuborilmoqda] Cow #10 | GPS: 44.0959, 59.3502
  -> [OK] AI Tashxisi: Normal
[Yuborilmoqda] Cow #11 | GPS: 44.0989, 59.35
  -> [OK] AI Tashxisi: Normal
----------------------------------------
[Yuborilmoqda] Cow #1 | GPS: 44.0964, 59.3458
  -> [OK] AI Tashxisi: Normal
[Yuborilmoqda] Cow #2 | GPS: 44.102, 59.3522
  -> [OK] AI Tashxisi: Normal
[Yuborilmoqda] Cow #3 | GPS: 44.096, 59.3481
  -> [OK] AI Tashxisi: Normal
[Yuborilmoqda] Cow #4 | GPS: 44.0993, 59.3528
  -> [OK] AI Tashxisi: Ketoz / Acidosis
[Yuborilmoqda] Cow #5 | GPS: 44.0954, 59.3544
  -> [OK] AI Tashxisi: Normal
[Yuborilmoqda] Cow #6 | GPS: 44.1053, 59.3474
  -> [OK] AI Tashxisi: Normal
[Yuborilmoqda] Cow #7 | GPS: 44.0995, 59.3508
  -> [OK] AI Tashxisi: Mastit / Infeksiya
[Yuborilmoqda] Cow #8 | GPS: 44.1027, 59.3537
  -> [OK] AI Tashxisi: Normal
[Yuborilmoqda] Cow #9 | GPS: 44.0969, 59.346
  -> [OK] AI Tashxisi: Normal
[Yuborilmoqda] Cow #10 | GPS: 44.0957, 59.3503
  -> [OK] AI Tashxisi: Normal
[Yuborilmoqda] Cow #11 | GPS: 44.0987, 59.3501
  -> [OK] AI Tashxisi: Normal
----------------------------------------
[Yuborilmoqda] Cow #1 | GPS: 44.0963, 59.3459
  -> [OK] AI Tashxisi: Normal
[Yuborilmoqda] Cow #2 | GPS: 44.1019, 59.3521
  -> [OK] AI Tashxisi: Normal
[Yuborilmoqda] Cow #3 | GPS: 44.0961, 59.3482
  -> [OK] AI Tashxisi: Normal
[Yuborilmoqda] Cow #4 | GPS: 44.0994, 59.3527
  -> [OK] AI Tashxisi: Ketoz / Acidosis
[Yuborilmoqda] Cow #5 | GPS: 44.0952, 59.3545
  -> [OK] AI Tashxisi: Mastit / Infeksiya
[Yuborilmoqda] Cow #6 | GPS: 44.1052, 59.3474
  -> [OK] AI Tashxisi: Normal
[Yuborilmoqda] Cow #7 | GPS: 44.0996, 59.3508
  -> [OK] AI Tashxisi: Mastit / Infeksiya
[Yuborilmoqda] Cow #8 | GPS: 44.1029, 59.3536
  -> [OK] AI Tashxisi: Normal
[Yuborilmoqda] Cow #9 | GPS: 44.097, 59.3461
  -> [OK] AI Tashxisi: Normal
[Yuborilmoqda] Cow #10 | GPS: 44.0959, 59.3504
  -> [OK] AI Tashxisi: Normal
[Yuborilmoqda] Cow #11 | GPS: 44.0988, 59.3501
  -> [OK] AI Tashxisi: Normal
----------------------------------------
[Yuborilmoqda] Cow #1 | GPS: 44.0961, 59.346
  -> [OK] AI Tashxisi: Normal
[Yuborilmoqda] Cow #2 | GPS: 44.102, 59.352
  -> [OK] AI Tashxisi: Normal
[Yuborilmoqda] Cow #3 | GPS: 44.096, 59.3483
  -> [OK] AI Tashxisi: Normal
[Yuborilmoqda] Cow #4 | GPS: 44.0996, 59.3526
  -> [OK] AI Tashxisi: Ketoz / Acidosis
[Yuborilmoqda] Cow #5 | GPS: 44.0953, 59.3547
  -> [OK] AI Tashxisi: Normal
[Yuborilmoqda] Cow #6 | GPS: 44.1052, 59.3474
  -> [OK] AI Tashxisi: Normal
[Yuborilmoqda] Cow #7 | GPS: 44.0995, 59.3507
  -> [OK] AI Tashxisi: Mastit / Infeksiya
[Yuborilmoqda] Cow #8 | GPS: 44.1028, 59.3536
  -> [OK] AI Tashxisi: Normal
[Yuborilmoqda] Cow #9 | GPS: 44.097, 59.3461
  -> [OK] AI Tashxisi: Normal
[Yuborilmoqda] Cow #10 | GPS: 44.0959, 59.3506
  -> [OK] AI Tashxisi: Normal
[Yuborilmoqda] Cow #11 | GPS: 44.0989, 59.35
  -> [OK] AI Tashxisi: Normal
----------------------------------------
[Yuborilmoqda] Cow #1 | GPS: 44.0962, 59.3459
  -> [OK] AI Tashxisi: Normal
[Yuborilmoqda] Cow #2 | GPS: 44.1021, 59.3519
  -> [OK] AI Tashxisi: Normal
[Yuborilmoqda] Cow #3 | GPS: 44.096, 59.3483
  -> [OK] AI Tashxisi: Normal
[Yuborilmoqda] Cow #4 | GPS: 44.0997, 59.3527
  -> [OK] AI Tashxisi: Ketoz / Acidosis
[Yuborilmoqda] Cow #5 | GPS: 44.0952, 59.3548
  -> [OK] AI Tashxisi: Normal
[Yuborilmoqda] Cow #6 | GPS: 44.105, 59.3476
  -> [OK] AI Tashxisi: Normal
[Yuborilmoqda] Cow #7 | GPS: 44.0994, 59.3507
  -> [OK] AI Tashxisi: Mastit / Infeksiya
[Yuborilmoqda] Cow #8 | GPS: 44.1027, 59.3537
  -> [OK] AI Tashxisi: Normal
[Yuborilmoqda] Cow #9 | GPS: 44.0968, 59.346
  -> [OK] AI Tashxisi: Normal
[Yuborilmoqda] Cow #10 | GPS: 44.0961, 59.3507
  -> [OK] AI Tashxisi: Normal
[Yuborilmoqda] Cow #11 | GPS: 44.0991, 59.35
  -> [OK] AI Tashxisi: Normal
----------------------------------------
[Yuborilmoqda] Cow #1 | GPS: 44.0962, 59.3458
  -> [OK] AI Tashxisi: Normal
[Yuborilmoqda] Cow #2 | GPS: 44.1022, 59.3521
  -> [OK] AI Tashxisi: Normal
[Yuborilmoqda] Cow #3 | GPS: 44.096, 59.3482
  -> [OK] AI Tashxisi: Normal
[Yuborilmoqda] Cow #4 | GPS: 44.0995, 59.3528
  -> [OK] AI Tashxisi: Ketoz / Acidosis
[Yuborilmoqda] Cow #5 | GPS: 44.0952, 59.3548
  -> [OK] AI Tashxisi: Normal
[Yuborilmoqda] Cow #6 | GPS: 44.1052, 59.3476
  -> [OK] AI Tashxisi: Normal
[Yuborilmoqda] Cow #7 | GPS: 44.0993, 59.3508
  -> [OK] AI Tashxisi: Mastit / Infeksiya
[Yuborilmoqda] Cow #8 | GPS: 44.1029, 59.3539
  -> [OK] AI Tashxisi: Normal
[Yuborilmoqda] Cow #9 | GPS: 44.0966, 59.3459
  -> [OK] AI Tashxisi: Mastit / Infeksiya
[Yuborilmoqda] Cow #10 | GPS: 44.0959, 59.3506
  -> [OK] AI Tashxisi: Normal
[Yuborilmoqda] Cow #11 | GPS: 44.099, 59.3502
  -> [OK] AI Tashxisi: Normal
----------------------------------------
[Yuborilmoqda] Cow #1 | GPS: 44.0964, 59.3459
  -> [OK] AI Tashxisi: Normal
[Yuborilmoqda] Cow #2 | GPS: 44.1022, 59.3522
  -> [OK] AI Tashxisi: Normal
[Yuborilmoqda] Cow #3 | GPS: 44.0959, 59.348
  -> [OK] AI Tashxisi: Normal
[Yuborilmoqda] Cow #4 | GPS: 44.0995, 59.3528
  -> [OK] AI Tashxisi: Ketoz / Acidosis
[Yuborilmoqda] Cow #5 | GPS: 44.0952, 59.3548
  -> [OK] AI Tashxisi: Normal
[Yuborilmoqda] Cow #6 | GPS: 44.1053, 59.3475
  -> [OK] AI Tashxisi: Normal
[Yuborilmoqda] Cow #7 | GPS: 44.0993, 59.351
  -> [OK] AI Tashxisi: Mastit / Infeksiya
[Yuborilmoqda] Cow #8 | GPS: 44.103, 59.354
  -> [OK] AI Tashxisi: Normal
[Yuborilmoqda] Cow #9 | GPS: 44.0968, 59.3457
  -> [OK] AI Tashxisi: Normal
[Yuborilmoqda] Cow #10 | GPS: 44.0959, 59.3505
  -> [OK] AI Tashxisi: Normal
[Yuborilmoqda] Cow #11 | GPS: 44.0989, 59.3503
  -> [OK] AI Tashxisi: Normal
----------------------------------------
[Yuborilmoqda] Cow #1 | GPS: 44.0963, 59.346
  -> [OK] AI Tashxisi: Normal
[Yuborilmoqda] Cow #2 | GPS: 44.1022, 59.3522
  -> [OK] AI Tashxisi: Mastit / Infeksiya
[Yuborilmoqda] Cow #3 | GPS: 44.0958, 59.3482
  -> [OK] AI Tashxisi: Normal
[Yuborilmoqda] Cow #4 | GPS: 44.0994, 59.3528
  -> [OK] AI Tashxisi: Ketoz / Acidosis
[Yuborilmoqda] Cow #5 | GPS: 44.0952, 59.3548
  -> [OK] AI Tashxisi: Normal
[Yuborilmoqda] Cow #6 | GPS: 44.1053, 59.3475
  -> [OK] AI Tashxisi: Normal
[Yuborilmoqda] Cow #7 | GPS: 44.0993, 59.3509
  -> [OK] AI Tashxisi: Mastit / Infeksiya
[Yuborilmoqda] Cow #8 | GPS: 44.1032, 59.3538
  -> [OK] AI Tashxisi: Normal
[Yuborilmoqda] Cow #9 | GPS: 44.0969, 59.3456
  -> [OK] AI Tashxisi: Normal
[Yuborilmoqda] Cow #10 | GPS: 44.0961, 59.3503
  -> [OK] AI Tashxisi: Normal
[Yuborilmoqda] Cow #11 | GPS: 44.0989, 59.3503
  -> [OK] AI Tashxisi: Normal
----------------------------------------
[Yuborilmoqda] Cow #1 | GPS: 44.0962, 59.346
  -> [OK] AI Tashxisi: Normal
[Yuborilmoqda] Cow #2 | GPS: 44.102, 59.3521
  -> [OK] AI Tashxisi: Normal
[Yuborilmoqda] Cow #3 | GPS: 44.0957, 59.3482
  -> [OK] AI Tashxisi: Normal
[Yuborilmoqda] Cow #4 | GPS: 44.0996, 59.3529
  -> [OK] AI Tashxisi: Ketoz / Acidosis
[Yuborilmoqda] Cow #5 | GPS: 44.0951, 59.3546
  -> [OK] AI Tashxisi: Normal
[Yuborilmoqda] Cow #6 | GPS: 44.1055, 59.3476
  -> [OK] AI Tashxisi: Mastit / Infeksiya
[Yuborilmoqda] Cow #7 | GPS: 44.0995, 59.3509
  -> [OK] AI Tashxisi: Mastit / Infeksiya
[Yuborilmoqda] Cow #8 | GPS: 44.103, 59.3537
  -> [OK] AI Tashxisi: Normal
[Yuborilmoqda] Cow #9 | GPS: 44.0969, 59.3456
  -> [OK] AI Tashxisi: Normal
[Yuborilmoqda] Cow #10 | GPS: 44.0961, 59.3504
  -> [OK] AI Tashxisi: Normal
[Yuborilmoqda] Cow #11 | GPS: 44.099, 59.3501
  -> [OK] AI Tashxisi: Normal
----------------------------------------
[Yuborilmoqda] Cow #1 | GPS: 44.0963, 59.3461
  -> [OK] AI Tashxisi: Normal
[Yuborilmoqda] Cow #2 | GPS: 44.1022, 59.3523
  -> [OK] AI Tashxisi: Normal
[Yuborilmoqda] Cow #3 | GPS: 44.0957, 59.3482
  -> [OK] AI Tashxisi: Mastit / Infeksiya
[Yuborilmoqda] Cow #4 | GPS: 44.0996, 59.3528
  -> [OK] AI Tashxisi: Ketoz / Acidosis
[Yuborilmoqda] Cow #5 | GPS: 44.0951, 59.3547
  -> [OK] AI Tashxisi: Normal
[Yuborilmoqda] Cow #6 | GPS: 44.1054, 59.3474
  -> [OK] AI Tashxisi: Normal
[Yuborilmoqda] Cow #7 | GPS: 44.0994, 59.3508
  -> [OK] AI Tashxisi: Mastit / Infeksiya
[Yuborilmoqda] Cow #8 | GPS: 44.1032, 59.3535
  -> [OK] AI Tashxisi: Mastit / Infeksiya
[Yuborilmoqda] Cow #9 | GPS: 44.0967, 59.3457
  -> [OK] AI Tashxisi: Normal
[Yuborilmoqda] Cow #10 | GPS: 44.0962, 59.3505
  -> [OK] AI Tashxisi: Normal
[Yuborilmoqda] Cow #11 | GPS: 44.099, 59.3501
  -> [OK] AI Tashxisi: Normal
----------------------------------------
[Yuborilmoqda] Cow #1 | GPS: 44.0964, 59.3462
  -> [OK] AI Tashxisi: Normal
[Yuborilmoqda] Cow #2 | GPS: 44.1021, 59.3521
  -> [OK] AI Tashxisi: Normal
[Yuborilmoqda] Cow #3 | GPS: 44.0955, 59.3482
  -> [OK] AI Tashxisi: Normal
[Yuborilmoqda] Cow #4 | GPS: 44.0996, 59.3526
  -> [OK] AI Tashxisi: Ketoz / Acidosis
[Yuborilmoqda] Cow #5 | GPS: 44.095, 59.3549
  -> [OK] AI Tashxisi: Normal
[Yuborilmoqda] Cow #6 | GPS: 44.1053, 59.3473
  -> [OK] AI Tashxisi: Normal
[Yuborilmoqda] Cow #7 | GPS: 44.0994, 59.3507
  -> [OK] AI Tashxisi: Mastit / Infeksiya
[Yuborilmoqda] Cow #8 | GPS: 44.1033, 59.3535
  -> [OK] AI Tashxisi: Normal
[Yuborilmoqda] Cow #9 | GPS: 44.0966, 59.3457
  -> [OK] AI Tashxisi: Normal
[Yuborilmoqda] Cow #10 | GPS: 44.0963, 59.3505
  -> [OK] AI Tashxisi: Normal
[Yuborilmoqda] Cow #11 | GPS: 44.099, 59.3501
  -> [OK] AI Tashxisi: Normal
----------------------------------------
[Yuborilmoqda] Cow #1 | GPS: 44.0962, 59.3461
  -> [OK] AI Tashxisi: Normal
[Yuborilmoqda] Cow #2 | GPS: 44.1022, 59.3519
  -> [OK] AI Tashxisi: Normal
[Yuborilmoqda] Cow #3 | GPS: 44.0955, 59.348
  -> [OK] AI Tashxisi: Normal
[Yuborilmoqda] Cow #4 | GPS: 44.0997, 59.3526
  -> [OK] AI Tashxisi: Ketoz / Acidosis
[Yuborilmoqda] Cow #5 | GPS: 44.0948, 59.3549
  -> [OK] AI Tashxisi: Normal
[Yuborilmoqda] Cow #6 | GPS: 44.1054, 59.3471
  -> [OK] AI Tashxisi: Normal
[Yuborilmoqda] Cow #7 | GPS: 44.0995, 59.3508
  -> [OK] AI Tashxisi: Mastit / Infeksiya
[Yuborilmoqda] Cow #8 | GPS: 44.1035, 59.3535
  -> [OK] AI Tashxisi: Normal
[Yuborilmoqda] Cow #9 | GPS: 44.0966, 59.3458
  -> [OK] AI Tashxisi: Normal
[Yuborilmoqda] Cow #10 | GPS: 44.0964, 59.3503
  -> [OK] AI Tashxisi: Normal
[Yuborilmoqda] Cow #11 | GPS: 44.0992, 59.3502
  -> [OK] AI Tashxisi: Normal
----------------------------------------
[Yuborilmoqda] Cow #1 | GPS: 44.0962, 59.346
  -> [OK] AI Tashxisi: Normal
[Yuborilmoqda] Cow #2 | GPS: 44.1023, 59.3518
  -> [OK] AI Tashxisi: Normal
[Yuborilmoqda] Cow #3 | GPS: 44.0954, 59.348
  -> [OK] AI Tashxisi: Normal
[Yuborilmoqda] Cow #4 | GPS: 44.0997, 59.3524
  -> [OK] AI Tashxisi: Ketoz / Acidosis
[Yuborilmoqda] Cow #5 | GPS: 44.0948, 59.3549
  -> [OK] AI Tashxisi: Mastit / Infeksiya
[Yuborilmoqda] Cow #6 | GPS: 44.1054, 59.347
  -> [OK] AI Tashxisi: Normal
[Yuborilmoqda] Cow #7 | GPS: 44.0995, 59.3509
  -> [OK] AI Tashxisi: Mastit / Infeksiya
[Yuborilmoqda] Cow #8 | GPS: 44.1036, 59.3535
  -> [OK] AI Tashxisi: Normal
[Yuborilmoqda] Cow #9 | GPS: 44.0967, 59.3458
  -> [OK] AI Tashxisi: Normal
[Yuborilmoqda] Cow #10 | GPS: 44.0964, 59.3502
  -> [OK] AI Tashxisi: Normal
[Yuborilmoqda] Cow #11 | GPS: 44.0991, 59.35
  -> [OK] AI Tashxisi: Normal
----------------------------------------
[Yuborilmoqda] Cow #1 | GPS: 44.0963, 59.3458
  -> [OK] AI Tashxisi: Normal
[Yuborilmoqda] Cow #2 | GPS: 44.1022, 59.3516
  -> [OK] AI Tashxisi: Normal
[Yuborilmoqda] Cow #3 | GPS: 44.0953, 59.3481
  -> [OK] AI Tashxisi: Normal
[Yuborilmoqda] Cow #4 | GPS: 44.0996, 59.3525
  -> [OK] AI Tashxisi: Ketoz / Acidosis
[Yuborilmoqda] Cow #5 | GPS: 44.0948, 59.3549
  -> [OK] AI Tashxisi: Mastit / Infeksiya
[Yuborilmoqda] Cow #6 | GPS: 44.1055, 59.3471
  -> [OK] AI Tashxisi: Normal
[Yuborilmoqda] Cow #7 | GPS: 44.0995, 59.3509
  -> [OK] AI Tashxisi: Mastit / Infeksiya
[Yuborilmoqda] Cow #8 | GPS: 44.1037, 59.3536
  -> [OK] AI Tashxisi: Normal
[Yuborilmoqda] Cow #9 | GPS: 44.0968, 59.3457
  -> [OK] AI Tashxisi: Normal
[Yuborilmoqda] Cow #10 | GPS: 44.0965, 59.3503
  -> [OK] AI Tashxisi: Normal
[Yuborilmoqda] Cow #11 | GPS: 44.099, 59.35
  -> [OK] AI Tashxisi: Normal
----------------------------------------
[Yuborilmoqda] Cow #1 | GPS: 44.0965, 59.3456
  -> [OK] AI Tashxisi: Normal
[Yuborilmoqda] Cow #2 | GPS: 44.102, 59.3516
  -> [OK] AI Tashxisi: Normal
[Yuborilmoqda] Cow #3 | GPS: 44.0953, 59.348
  -> [OK] AI Tashxisi: Normal
[Yuborilmoqda] Cow #4 | GPS: 44.0996, 59.3524
  -> [OK] AI Tashxisi: Ketoz / Acidosis
[Yuborilmoqda] Cow #5 | GPS: 44.0949, 59.355
  -> [OK] AI Tashxisi: Normal
[Yuborilmoqda] Cow #6 | GPS: 44.1057, 59.3471
  -> [OK] AI Tashxisi: Normal
[Yuborilmoqda] Cow #7 | GPS: 44.0996, 59.3507
  -> [OK] AI Tashxisi: Mastit / Infeksiya
[Yuborilmoqda] Cow #8 | GPS: 44.1036, 59.3537
  -> [OK] AI Tashxisi: Normal
[Yuborilmoqda] Cow #9 | GPS: 44.0967, 59.3457
  -> [OK] AI Tashxisi: Normal
[Yuborilmoqda] Cow #10 | GPS: 44.0964, 59.3503
  -> [OK] AI Tashxisi: Normal
[Yuborilmoqda] Cow #11 | GPS: 44.0989, 59.35
  -> [OK] AI Tashxisi: Normal
----------------------------------------
[Yuborilmoqda] Cow #1 | GPS: 44.0963, 59.3456
  -> [OK] AI Tashxisi: Normal
[Yuborilmoqda] Cow #2 | GPS: 44.1018, 59.3514
  -> [OK] AI Tashxisi: Normal
[Yuborilmoqda] Cow #3 | GPS: 44.0953, 59.3481
  -> [OK] AI Tashxisi: Normal
[Yuborilmoqda] Cow #4 | GPS: 44.0995, 59.3523
  -> [OK] AI Tashxisi: Ketoz / Acidosis
[Yuborilmoqda] Cow #5 | GPS: 44.0951, 59.355
  -> [OK] AI Tashxisi: Normal
[Yuborilmoqda] Cow #6 | GPS: 44.1058, 59.3472
  -> [OK] AI Tashxisi: Normal
[Yuborilmoqda] Cow #7 | GPS: 44.0997, 59.3506
  -> [OK] AI Tashxisi: Mastit / Infeksiya
[Yuborilmoqda] Cow #8 | GPS: 44.1037, 59.3537
  -> [OK] AI Tashxisi: Normal
[Yuborilmoqda] Cow #9 | GPS: 44.0966, 59.3457
  -> [OK] AI Tashxisi: Normal
[Yuborilmoqda] Cow #10 | GPS: 44.0965, 59.3504
  -> [OK] AI Tashxisi: Normal
[Yuborilmoqda] Cow #11 | GPS: 44.099, 59.3502
  -> [OK] AI Tashxisi: Normal
----------------------------------------
[Yuborilmoqda] Cow #1 | GPS: 44.0965, 59.3457
  -> [OK] AI Tashxisi: Normal
[Yuborilmoqda] Cow #2 | GPS: 44.1017, 59.3515
  -> [OK] AI Tashxisi: Normal
[Yuborilmoqda] Cow #3 | GPS: 44.0955, 59.3482
  -> [OK] AI Tashxisi: Normal
[Yuborilmoqda] Cow #4 | GPS: 44.0996, 59.3523
  -> [OK] AI Tashxisi: Ketoz / Acidosis
[Yuborilmoqda] Cow #5 | GPS: 44.0951, 59.3551
  -> [OK] AI Tashxisi: Normal
[Yuborilmoqda] Cow #6 | GPS: 44.1059, 59.3472
  -> [OK] AI Tashxisi: Normal
[Yuborilmoqda] Cow #7 | GPS: 44.0995, 59.3507
  -> [OK] AI Tashxisi: Mastit / Infeksiya
[Yuborilmoqda] Cow #8 | GPS: 44.1037, 59.3537
  -> [OK] AI Tashxisi: Normal
[Yuborilmoqda] Cow #9 | GPS: 44.0965, 59.3456
  -> [OK] AI Tashxisi: Normal
[Yuborilmoqda] Cow #10 | GPS: 44.0965, 59.3505
  -> [OK] AI Tashxisi: Normal
[Yuborilmoqda] Cow #11 | GPS: 44.0989, 59.3502
  -> [OK] AI Tashxisi: Normal
----------------------------------------
[Yuborilmoqda] Cow #1 | GPS: 44.0963, 59.3459
  -> [OK] AI Tashxisi: Normal
[Yuborilmoqda] Cow #2 | GPS: 44.1017, 59.3513
  -> [OK] AI Tashxisi: Normal
[Yuborilmoqda] Cow #3 | GPS: 44.0955, 59.3484
  -> [OK] AI Tashxisi: Normal
[Yuborilmoqda] Cow #4 | GPS: 44.0997, 59.3521
  -> [OK] AI Tashxisi: Ketoz / Acidosis
[Yuborilmoqda] Cow #5 | GPS: 44.0951, 59.3549
  -> [OK] AI Tashxisi: Normal
[Yuborilmoqda] Cow #6 | GPS: 44.1059, 59.3472
  -> [OK] AI Tashxisi: Normal
[Yuborilmoqda] Cow #7 | GPS: 44.0996, 59.3507
  -> [OK] AI Tashxisi: Mastit / Infeksiya
[Yuborilmoqda] Cow #8 | GPS: 44.1038, 59.3538
  -> [OK] AI Tashxisi: Normal
[Yuborilmoqda] Cow #9 | GPS: 44.0965, 59.3456
  -> [OK] AI Tashxisi: Normal
[Yuborilmoqda] Cow #10 | GPS: 44.0966, 59.3505
  -> [OK] AI Tashxisi: Normal
[Yuborilmoqda] Cow #11 | GPS: 44.0988, 59.3501
  -> [OK] AI Tashxisi: Normal
----------------------------------------
[Yuborilmoqda] Cow #1 | GPS: 44.0964, 59.346
  -> [OK] AI Tashxisi: Normal
[Yuborilmoqda] Cow #2 | GPS: 44.1015, 59.3514
  -> [OK] AI Tashxisi: Normal
[Yuborilmoqda] Cow #3 | GPS: 44.0955, 59.3482
  -> [OK] AI Tashxisi: Normal
[Yuborilmoqda] Cow #4 | GPS: 44.0995, 59.3523
  -> [OK] AI Tashxisi: Ketoz / Acidosis
[Yuborilmoqda] Cow #5 | GPS: 44.0949, 59.3548
  -> [OK] AI Tashxisi: Normal
[Yuborilmoqda] Cow #6 | GPS: 44.1057, 59.3471
  -> [OK] AI Tashxisi: Normal
[Yuborilmoqda] Cow #7 | GPS: 44.0996, 59.3507
  -> [OK] AI Tashxisi: Mastit / Infeksiya
[Yuborilmoqda] Cow #8 | GPS: 44.1039, 59.3537
  -> [OK] AI Tashxisi: Normal
[Yuborilmoqda] Cow #9 | GPS: 44.0963, 59.3456
  -> [OK] AI Tashxisi: Normal
[Yuborilmoqda] Cow #10 | GPS: 44.0968, 59.3505
  -> [OK] AI Tashxisi: Mastit / Infeksiya
[Yuborilmoqda] Cow #11 | GPS: 44.0988, 59.35
  -> [OK] AI Tashxisi: Normal
----------------------------------------
[Yuborilmoqda] Cow #1 | GPS: 44.0963, 59.3461
  -> [OK] AI Tashxisi: Normal
[Yuborilmoqda] Cow #2 | GPS: 44.1015, 59.3515
  -> [OK] AI Tashxisi: Normal
[Yuborilmoqda] Cow #3 | GPS: 44.0953, 59.3482
  -> [OK] AI Tashxisi: Mastit / Infeksiya
[Yuborilmoqda] Cow #4 | GPS: 44.0996, 59.3523
  -> [OK] AI Tashxisi: Ketoz / Acidosis
[Yuborilmoqda] Cow #5 | GPS: 44.0951, 59.3549
  -> [OK] AI Tashxisi: Normal
[Yuborilmoqda] Cow #6 | GPS: 44.1055, 59.347
  -> [OK] AI Tashxisi: Normal
[Yuborilmoqda] Cow #7 | GPS: 44.0998, 59.3505
  -> [OK] AI Tashxisi: Mastit / Infeksiya
[Yuborilmoqda] Cow #8 | GPS: 44.1039, 59.3537
  -> [OK] AI Tashxisi: Normal
[Yuborilmoqda] Cow #9 | GPS: 44.0962, 59.3457
  -> [OK] AI Tashxisi: Normal
[Yuborilmoqda] Cow #10 | GPS: 44.097, 59.3503
  -> [OK] AI Tashxisi: Normal
[Yuborilmoqda] Cow #11 | GPS: 44.0988, 59.3501
  -> [OK] AI Tashxisi: Normal
----------------------------------------
[Yuborilmoqda] Cow #1 | GPS: 44.0962, 59.346
  -> [OK] AI Tashxisi: Normal
[Yuborilmoqda] Cow #2 | GPS: 44.1015, 59.3515
  -> [OK] AI Tashxisi: Normal
[Yuborilmoqda] Cow #3 | GPS: 44.0952, 59.3482
  -> [OK] AI Tashxisi: Normal
[Yuborilmoqda] Cow #4 | GPS: 44.0998, 59.3525
  -> [OK] AI Tashxisi: Ketoz / Acidosis
[Yuborilmoqda] Cow #5 | GPS: 44.095, 59.3549
  -> [OK] AI Tashxisi: Normal
[Yuborilmoqda] Cow #6 | GPS: 44.1056, 59.3468
  -> [OK] AI Tashxisi: Normal
[Yuborilmoqda] Cow #7 | GPS: 44.0999, 59.3506
  -> [OK] AI Tashxisi: Mastit / Infeksiya
[Yuborilmoqda] Cow #8 | GPS: 44.1038, 59.3535
  -> [OK] AI Tashxisi: Normal
[Yuborilmoqda] Cow #9 | GPS: 44.096, 59.3458
  -> [OK] AI Tashxisi: Normal
[Yuborilmoqda] Cow #10 | GPS: 44.0972, 59.3505
  -> [OK] AI Tashxisi: Normal
[Yuborilmoqda] Cow #11 | GPS: 44.0986, 59.3502
  -> [OK] AI Tashxisi: Normal
----------------------------------------
[Yuborilmoqda] Cow #1 | GPS: 44.0961, 59.346
  -> [OK] AI Tashxisi: Normal
[Yuborilmoqda] Cow #2 | GPS: 44.1013, 59.3516
  -> [OK] AI Tashxisi: Normal
[Yuborilmoqda] Cow #3 | GPS: 44.0951, 59.3481
  -> [OK] AI Tashxisi: Normal
[Yuborilmoqda] Cow #4 | GPS: 44.0999, 59.3524
  -> [OK] AI Tashxisi: Ketoz / Acidosis
[Yuborilmoqda] Cow #5 | GPS: 44.0952, 59.3551
  -> [OK] AI Tashxisi: Normal
[Yuborilmoqda] Cow #6 | GPS: 44.1057, 59.3468
  -> [OK] AI Tashxisi: Normal
[Yuborilmoqda] Cow #7 | GPS: 44.1001, 59.3506
  -> [OK] AI Tashxisi: Mastit / Infeksiya
[Yuborilmoqda] Cow #8 | GPS: 44.1038, 59.3536
  -> [OK] AI Tashxisi: Normal
[Yuborilmoqda] Cow #9 | GPS: 44.0961, 59.3457
  -> [OK] AI Tashxisi: Normal
[Yuborilmoqda] Cow #10 | GPS: 44.0972, 59.3504
  -> [OK] AI Tashxisi: Normal
[Yuborilmoqda] Cow #11 | GPS: 44.0986, 59.3503
  -> [OK] AI Tashxisi: Mastit / Infeksiya
----------------------------------------
[Yuborilmoqda] Cow #1 | GPS: 44.096, 59.3462
  -> [OK] AI Tashxisi: Normal
[Yuborilmoqda] Cow #2 | GPS: 44.1014, 59.3518
  -> [OK] AI Tashxisi: Normal
[Yuborilmoqda] Cow #3 | GPS: 44.0952, 59.3481
  -> [OK] AI Tashxisi: Normal
[Yuborilmoqda] Cow #4 | GPS: 44.1, 59.3522
  -> [OK] AI Tashxisi: Ketoz / Acidosis
[Yuborilmoqda] Cow #5 | GPS: 44.0953, 59.355
  -> [OK] AI Tashxisi: Normal
[Yuborilmoqda] Cow #6 | GPS: 44.1056, 59.3468
  -> [OK] AI Tashxisi: Normal
[Yuborilmoqda] Cow #7 | GPS: 44.1, 59.3506
  -> [OK] AI Tashxisi: Mastit / Infeksiya
[Yuborilmoqda] Cow #8 | GPS: 44.1038, 59.3536
  -> [OK] AI Tashxisi: Normal
[Yuborilmoqda] Cow #9 | GPS: 44.096, 59.3457
  -> [OK] AI Tashxisi: Normal
[Yuborilmoqda] Cow #10 | GPS: 44.097, 59.3503
  -> [OK] AI Tashxisi: Normal
[Yuborilmoqda] Cow #11 | GPS: 44.0985, 59.3501
  -> [OK] AI Tashxisi: Normal
----------------------------------------
[Yuborilmoqda] Cow #1 | GPS: 44.096, 59.346
  -> [OK] AI Tashxisi: Normal
[Yuborilmoqda] Cow #2 | GPS: 44.1014, 59.3519
  -> [OK] AI Tashxisi: Normal
[Yuborilmoqda] Cow #3 | GPS: 44.095, 59.348
  -> [OK] AI Tashxisi: Normal
[Yuborilmoqda] Cow #4 | GPS: 44.1, 59.3522
  -> [OK] AI Tashxisi: Ketoz / Acidosis
[Yuborilmoqda] Cow #5 | GPS: 44.0954, 59.355
  -> [OK] AI Tashxisi: Normal
[Yuborilmoqda] Cow #6 | GPS: 44.1055, 59.3469
  -> [OK] AI Tashxisi: Normal
[Yuborilmoqda] Cow #7 | GPS: 44.1001, 59.3504
  -> [OK] AI Tashxisi: Mastit / Infeksiya
[Yuborilmoqda] Cow #8 | GPS: 44.1036, 59.3536
  -> [OK] AI Tashxisi: Normal
[Yuborilmoqda] Cow #9 | GPS: 44.096, 59.3456
  -> [OK] AI Tashxisi: Normal
[Yuborilmoqda] Cow #10 | GPS: 44.0971, 59.3504
  -> [OK] AI Tashxisi: Normal
[Yuborilmoqda] Cow #11 | GPS: 44.0984, 59.35
  -> [OK] AI Tashxisi: Normal
----------------------------------------
[Yuborilmoqda] Cow #1 | GPS: 44.096, 59.3462
  -> [OK] AI Tashxisi: Normal
[Yuborilmoqda] Cow #2 | GPS: 44.1015, 59.352
  -> [OK] AI Tashxisi: Normal
[Yuborilmoqda] Cow #3 | GPS: 44.095, 59.3479
  -> [OK] AI Tashxisi: Normal
[Yuborilmoqda] Cow #4 | GPS: 44.1001, 59.3521
  -> [OK] AI Tashxisi: Ketoz / Acidosis
[Yuborilmoqda] Cow #5 | GPS: 44.0953, 59.3551
  -> [OK] AI Tashxisi: Normal
[Yuborilmoqda] Cow #6 | GPS: 44.1055, 59.3467
  -> [OK] AI Tashxisi: Normal
[Yuborilmoqda] Cow #7 | GPS: 44.0999, 59.3503
  -> [OK] AI Tashxisi: Mastit / Infeksiya
[Yuborilmoqda] Cow #8 | GPS: 44.1037, 59.3538
  -> [OK] AI Tashxisi: Normal
[Yuborilmoqda] Cow #9 | GPS: 44.0959, 59.3456
  -> [OK] AI Tashxisi: Normal
[Yuborilmoqda] Cow #10 | GPS: 44.097, 59.3503
  -> [OK] AI Tashxisi: Normal
[Yuborilmoqda] Cow #11 | GPS: 44.0983, 59.3501
  -> [OK] AI Tashxisi: Normal
----------------------------------------
[Yuborilmoqda] Cow #1 | GPS: 44.0961, 59.3463
  -> [OK] AI Tashxisi: Normal
[Yuborilmoqda] Cow #2 | GPS: 44.1013, 59.352
  -> [OK] AI Tashxisi: Normal
[Yuborilmoqda] Cow #3 | GPS: 44.0952, 59.3478
  -> [OK] AI Tashxisi: Normal
[Yuborilmoqda] Cow #4 | GPS: 44.1002, 59.352
  -> [OK] AI Tashxisi: Ketoz / Acidosis
[Yuborilmoqda] Cow #5 | GPS: 44.0951, 59.355
  -> [OK] AI Tashxisi: Normal
[Yuborilmoqda] Cow #6 | GPS: 44.1057, 59.3468
  -> [OK] AI Tashxisi: Normal
[Yuborilmoqda] Cow #7 | GPS: 44.1, 59.3502
  -> [OK] AI Tashxisi: Mastit / Infeksiya
[Yuborilmoqda] Cow #8 | GPS: 44.1037, 59.3537
  -> [OK] AI Tashxisi: Normal
[Yuborilmoqda] Cow #9 | GPS: 44.0959, 59.3456
  -> [OK] AI Tashxisi: Normal
[Yuborilmoqda] Cow #10 | GPS: 44.0971, 59.3501
  -> [OK] AI Tashxisi: Normal
[Yuborilmoqda] Cow #11 | GPS: 44.0982, 59.3501
  -> [OK] AI Tashxisi: Normal
----------------------------------------
[Yuborilmoqda] Cow #1 | GPS: 44.0962, 59.3464
  -> [OK] AI Tashxisi: Normal
[Yuborilmoqda] Cow #2 | GPS: 44.1014, 59.352
  -> [OK] AI Tashxisi: Normal
[Yuborilmoqda] Cow #3 | GPS: 44.0952, 59.348
  -> [OK] AI Tashxisi: Normal
[Yuborilmoqda] Cow #4 | GPS: 44.1001, 59.352
  -> [OK] AI Tashxisi: Ketoz / Acidosis
[Yuborilmoqda] Cow #5 | GPS: 44.0952, 59.3552
  -> [OK] AI Tashxisi: Normal
[Yuborilmoqda] Cow #6 | GPS: 44.1055, 59.3467
  -> [OK] AI Tashxisi: Mastit / Infeksiya
[Yuborilmoqda] Cow #7 | GPS: 44.1002, 59.3502
  -> [OK] AI Tashxisi: Mastit / Infeksiya
[Yuborilmoqda] Cow #8 | GPS: 44.1038, 59.3537
  -> [OK] AI Tashxisi: Normal
[Yuborilmoqda] Cow #9 | GPS: 44.096, 59.3456
  -> [OK] AI Tashxisi: Normal
[Yuborilmoqda] Cow #10 | GPS: 44.0973, 59.3501
  -> [OK] AI Tashxisi: Normal
[Yuborilmoqda] Cow #11 | GPS: 44.0981, 59.3502
  -> [OK] AI Tashxisi: Normal
----------------------------------------
[Yuborilmoqda] Cow #1 | GPS: 44.096, 59.3463
  -> [OK] AI Tashxisi: Mastit / Infeksiya
[Yuborilmoqda] Cow #2 | GPS: 44.1015, 59.352
  -> [OK] AI Tashxisi: Normal
[Yuborilmoqda] Cow #3 | GPS: 44.0952, 59.348
  -> [OK] AI Tashxisi: Normal
[Yuborilmoqda] Cow #4 | GPS: 44.0999, 59.3519
  -> [OK] AI Tashxisi: Ketoz / Acidosis
[Yuborilmoqda] Cow #5 | GPS: 44.0951, 59.3551
  -> [OK] AI Tashxisi: Normal
[Yuborilmoqda] Cow #6 | GPS: 44.1054, 59.3465
  -> [OK] AI Tashxisi: Normal
[Yuborilmoqda] Cow #7 | GPS: 44.1001, 59.3504
  -> [OK] AI Tashxisi: Mastit / Infeksiya
[Yuborilmoqda] Cow #8 | GPS: 44.1039, 59.3538
  -> [OK] AI Tashxisi: Normal
[Yuborilmoqda] Cow #9 | GPS: 44.096, 59.3457
  -> [OK] AI Tashxisi: Normal
[Yuborilmoqda] Cow #10 | GPS: 44.0973, 59.3501
  -> [OK] AI Tashxisi: Normal
[Yuborilmoqda] Cow #11 | GPS: 44.0981, 59.3501
  -> [OK] AI Tashxisi: Normal
----------------------------------------
[Yuborilmoqda] Cow #1 | GPS: 44.0961, 59.3462
  -> [OK] AI Tashxisi: Normal
[Yuborilmoqda] Cow #2 | GPS: 44.1016, 59.3521
  -> [OK] AI Tashxisi: Normal
[Yuborilmoqda] Cow #3 | GPS: 44.0952, 59.348
  -> [OK] AI Tashxisi: Normal
[Yuborilmoqda] Cow #4 | GPS: 44.1001, 59.3518
  -> [OK] AI Tashxisi: Ketoz / Acidosis
[Yuborilmoqda] Cow #5 | GPS: 44.0951, 59.3553
  -> [OK] AI Tashxisi: Normal
[Yuborilmoqda] Cow #6 | GPS: 44.1053, 59.3464
  -> [OK] AI Tashxisi: Mastit / Infeksiya
[Yuborilmoqda] Cow #7 | GPS: 44.0999, 59.3505
  -> [OK] AI Tashxisi: Mastit / Infeksiya
[Yuborilmoqda] Cow #8 | GPS: 44.1038, 59.3537
  -> [OK] AI Tashxisi: Normal
[Yuborilmoqda] Cow #9 | GPS: 44.0959, 59.3457
  -> [OK] AI Tashxisi: Normal
[Yuborilmoqda] Cow #10 | GPS: 44.0974, 59.3501
  -> [OK] AI Tashxisi: Normal
[Yuborilmoqda] Cow #11 | GPS: 44.0981, 59.3503
  -> [OK] AI Tashxisi: Normal
----------------------------------------
[Yuborilmoqda] Cow #1 | GPS: 44.0963, 59.3461
  -> [OK] AI Tashxisi: Normal
[Yuborilmoqda] Cow #2 | GPS: 44.1015, 59.352
  -> [OK] AI Tashxisi: Normal
[Yuborilmoqda] Cow #3 | GPS: 44.0952, 59.348
  -> [OK] AI Tashxisi: Normal
[Yuborilmoqda] Cow #4 | GPS: 44.1, 59.3518
  -> [OK] AI Tashxisi: Ketoz / Acidosis
[Yuborilmoqda] Cow #5 | GPS: 44.0949, 59.3552
  -> [OK] AI Tashxisi: Normal
[Yuborilmoqda] Cow #6 | GPS: 44.1051, 59.3465
  -> [OK] AI Tashxisi: Normal
[Yuborilmoqda] Cow #7 | GPS: 44.1001, 59.3506
  -> [OK] AI Tashxisi: Mastit / Infeksiya
[Yuborilmoqda] Cow #8 | GPS: 44.1038, 59.3538
  -> [OK] AI Tashxisi: Normal
[Yuborilmoqda] Cow #9 | GPS: 44.0957, 59.3455
  -> [OK] AI Tashxisi: Normal
[Yuborilmoqda] Cow #10 | GPS: 44.0973, 59.3503
  -> [OK] AI Tashxisi: Normal
[Yuborilmoqda] Cow #11 | GPS: 44.0982, 59.3504
  -> [OK] AI Tashxisi: Normal
----------------------------------------
[Yuborilmoqda] Cow #1 | GPS: 44.0962, 59.346
  -> [OK] AI Tashxisi: Normal
[Yuborilmoqda] Cow #2 | GPS: 44.1016, 59.3518
  -> [OK] AI Tashxisi: Normal
[Yuborilmoqda] Cow #3 | GPS: 44.0954, 59.348
  -> [OK] AI Tashxisi: Normal
[Yuborilmoqda] Cow #4 | GPS: 44.0999, 59.3519
  -> [OK] AI Tashxisi: Ketoz / Acidosis
[Yuborilmoqda] Cow #5 | GPS: 44.0951, 59.3553
  -> [OK] AI Tashxisi: Normal
[Yuborilmoqda] Cow #6 | GPS: 44.1053, 59.3465
  -> [OK] AI Tashxisi: Normal
[Yuborilmoqda] Cow #7 | GPS: 44.0999, 59.3507
  -> [OK] AI Tashxisi: Mastit / Infeksiya
[Yuborilmoqda] Cow #8 | GPS: 44.104, 59.3539
  -> [OK] AI Tashxisi: Normal
[Yuborilmoqda] Cow #9 | GPS: 44.0959, 59.3455
  -> [OK] AI Tashxisi: Normal
[Yuborilmoqda] Cow #10 | GPS: 44.0971, 59.3503
  -> [OK] AI Tashxisi: Normal
[Yuborilmoqda] Cow #11 | GPS: 44.0983, 59.3505
  -> [OK] AI Tashxisi: Normal
----------------------------------------
[Yuborilmoqda] Cow #1 | GPS: 44.0963, 59.3461
  -> [OK] AI Tashxisi: Mastit / Infeksiya
[Yuborilmoqda] Cow #2 | GPS: 44.1018, 59.3517
  -> [OK] AI Tashxisi: Normal
[Yuborilmoqda] Cow #3 | GPS: 44.0953, 59.348
  -> [OK] AI Tashxisi: Normal
[Yuborilmoqda] Cow #4 | GPS: 44.1001, 59.3517
  -> [OK] AI Tashxisi: Ketoz / Acidosis
[Yuborilmoqda] Cow #5 | GPS: 44.0953, 59.3552
  -> [OK] AI Tashxisi: Normal
[Yuborilmoqda] Cow #6 | GPS: 44.1052, 59.3465
  -> [OK] AI Tashxisi: Normal
[Yuborilmoqda] Cow #7 | GPS: 44.1001, 59.3505
  -> [OK] AI Tashxisi: Mastit / Infeksiya
[Yuborilmoqda] Cow #8 | GPS: 44.1039, 59.354
  -> [OK] AI Tashxisi: Normal
[Yuborilmoqda] Cow #9 | GPS: 44.0959, 59.3455
  -> [OK] AI Tashxisi: Normal
[Yuborilmoqda] Cow #10 | GPS: 44.0971, 59.3502
  -> [OK] AI Tashxisi: Normal
[Yuborilmoqda] Cow #11 | GPS: 44.0982, 59.3507
  -> [OK] AI Tashxisi: Normal
----------------------------------------
[Yuborilmoqda] Cow #1 | GPS: 44.0962, 59.346
  -> [OK] AI Tashxisi: Normal
[Yuborilmoqda] Cow #2 | GPS: 44.1017, 59.3515
  -> [OK] AI Tashxisi: Normal
[Yuborilmoqda] Cow #3 | GPS: 44.0955, 59.3481
  -> [OK] AI Tashxisi: Mastit / Infeksiya
[Yuborilmoqda] Cow #4 | GPS: 44.0999, 59.3517
  -> [OK] AI Tashxisi: Ketoz / Acidosis
[Yuborilmoqda] Cow #5 | GPS: 44.0954, 59.3552
  -> [OK] AI Tashxisi: Normal
[Yuborilmoqda] Cow #6 | GPS: 44.1052, 59.3467
  -> [OK] AI Tashxisi: Normal
[Yuborilmoqda] Cow #7 | GPS: 44.1, 59.3504
  -> [OK] AI Tashxisi: Mastit / Infeksiya
[Yuborilmoqda] Cow #8 | GPS: 44.104, 59.3539
  -> [OK] AI Tashxisi: Normal
[Yuborilmoqda] Cow #9 | GPS: 44.0961, 59.3455
  -> [OK] AI Tashxisi: Normal
[Yuborilmoqda] Cow #10 | GPS: 44.0969, 59.3502
  -> [OK] AI Tashxisi: Normal
[Yuborilmoqda] Cow #11 | GPS: 44.098, 59.3507
  -> [OK] AI Tashxisi: Normal
----------------------------------------
[Yuborilmoqda] Cow #1 | GPS: 44.0962, 59.3461
  -> [OK] AI Tashxisi: Normal
[Yuborilmoqda] Cow #2 | GPS: 44.1017, 59.3515
  -> [OK] AI Tashxisi: Normal
[Yuborilmoqda] Cow #3 | GPS: 44.0956, 59.3483
  -> [OK] AI Tashxisi: Normal
[Yuborilmoqda] Cow #4 | GPS: 44.1, 59.3519
  -> [OK] AI Tashxisi: Ketoz / Acidosis
[Yuborilmoqda] Cow #5 | GPS: 44.0954, 59.3554
  -> [OK] AI Tashxisi: Normal
[Yuborilmoqda] Cow #6 | GPS: 44.1053, 59.3467
  -> [OK] AI Tashxisi: Normal
[Yuborilmoqda] Cow #7 | GPS: 44.0998, 59.3505
  -> [OK] AI Tashxisi: Mastit / Infeksiya
[Yuborilmoqda] Cow #8 | GPS: 44.1039, 59.354
  -> [OK] AI Tashxisi: Normal
[Yuborilmoqda] Cow #9 | GPS: 44.096, 59.3456
  -> [OK] AI Tashxisi: Normal
[Yuborilmoqda] Cow #10 | GPS: 44.0971, 59.3501
  -> [OK] AI Tashxisi: Normal
[Yuborilmoqda] Cow #11 | GPS: 44.0981, 59.3509
  -> [OK] AI Tashxisi: Normal
----------------------------------------
[Yuborilmoqda] Cow #1 | GPS: 44.0964, 59.3462
  -> [OK] AI Tashxisi: Normal
[Yuborilmoqda] Cow #2 | GPS: 44.1019, 59.3516
  -> [OK] AI Tashxisi: Normal
[Yuborilmoqda] Cow #3 | GPS: 44.0957, 59.3482
  -> [OK] AI Tashxisi: Normal
[Yuborilmoqda] Cow #4 | GPS: 44.0999, 59.3518
  -> [OK] AI Tashxisi: Ketoz / Acidosis
[Yuborilmoqda] Cow #5 | GPS: 44.0953, 59.3554
  -> [OK] AI Tashxisi: Mastit / Infeksiya
[Yuborilmoqda] Cow #6 | GPS: 44.1052, 59.3468
  -> [OK] AI Tashxisi: Normal
[Yuborilmoqda] Cow #7 | GPS: 44.0997, 59.3507
  -> [OK] AI Tashxisi: Mastit / Infeksiya
[Yuborilmoqda] Cow #8 | GPS: 44.1038, 59.354
  -> [OK] AI Tashxisi: Normal
[Yuborilmoqda] Cow #9 | GPS: 44.0961, 59.3455
  -> [OK] AI Tashxisi: Mastit / Infeksiya
[Yuborilmoqda] Cow #10 | GPS: 44.0969, 59.3501
  -> [OK] AI Tashxisi: Normal
[Yuborilmoqda] Cow #11 | GPS: 44.098, 59.3509
  -> [OK] AI Tashxisi: Normal
----------------------------------------
[Yuborilmoqda] Cow #1 | GPS: 44.0964, 59.3461
  -> [OK] AI Tashxisi: Normal
[Yuborilmoqda] Cow #2 | GPS: 44.1019, 59.3518
  -> [OK] AI Tashxisi: Normal
[Yuborilmoqda] Cow #3 | GPS: 44.0958, 59.3482
  -> [OK] AI Tashxisi: Normal
[Yuborilmoqda] Cow #4 | GPS: 44.1, 59.3519
  -> [OK] AI Tashxisi: Ketoz / Acidosis
[Yuborilmoqda] Cow #5 | GPS: 44.0951, 59.3555
  -> [OK] AI Tashxisi: Normal
[Yuborilmoqda] Cow #6 | GPS: 44.1051, 59.347
  -> [OK] AI Tashxisi: Normal
[Yuborilmoqda] Cow #7 | GPS: 44.0998, 59.3505
  -> [OK] AI Tashxisi: Mastit / Infeksiya
[Yuborilmoqda] Cow #8 | GPS: 44.1038, 59.3539
  -> [OK] AI Tashxisi: Normal
[Yuborilmoqda] Cow #9 | GPS: 44.0962, 59.3454
  -> [OK] AI Tashxisi: Normal
[Yuborilmoqda] Cow #10 | GPS: 44.0968, 59.3501
  -> [OK] AI Tashxisi: Normal
[Yuborilmoqda] Cow #11 | GPS: 44.098, 59.3509
  -> [OK] AI Tashxisi: Normal
----------------------------------------
[Yuborilmoqda] Cow #1 | GPS: 44.0966, 59.346
  -> [OK] AI Tashxisi: Normal
[Yuborilmoqda] Cow #2 | GPS: 44.1017, 59.3517
  -> [OK] AI Tashxisi: Normal
[Yuborilmoqda] Cow #3 | GPS: 44.0958, 59.3483
  -> [OK] AI Tashxisi: Normal
[Yuborilmoqda] Cow #4 | GPS: 44.1002, 59.352
  -> [OK] AI Tashxisi: Ketoz / Acidosis
[Yuborilmoqda] Cow #5 | GPS: 44.0951, 59.3554
  -> [OK] AI Tashxisi: Normal
[Yuborilmoqda] Cow #6 | GPS: 44.1053, 59.3469
  -> [OK] AI Tashxisi: Normal
[Yuborilmoqda] Cow #7 | GPS: 44.0999, 59.3506
  -> [OK] AI Tashxisi: Mastit / Infeksiya
[Yuborilmoqda] Cow #8 | GPS: 44.1037, 59.354
  -> [OK] AI Tashxisi: Normal
[Yuborilmoqda] Cow #9 | GPS: 44.096, 59.3454
  -> [OK] AI Tashxisi: Normal
[Yuborilmoqda] Cow #10 | GPS: 44.0969, 59.3501
  -> [OK] AI Tashxisi: Normal
[Yuborilmoqda] Cow #11 | GPS: 44.0982, 59.3507
  -> [OK] AI Tashxisi: Normal
----------------------------------------
[Yuborilmoqda] Cow #1 | GPS: 44.0964, 59.3459
  -> [OK] AI Tashxisi: Normal
[Yuborilmoqda] Cow #2 | GPS: 44.1016, 59.3516
  -> [OK] AI Tashxisi: Normal
[Yuborilmoqda] Cow #3 | GPS: 44.0956, 59.3484
  -> [OK] AI Tashxisi: Normal
[Yuborilmoqda] Cow #4 | GPS: 44.1004, 59.3521
  -> [OK] AI Tashxisi: Ketoz / Acidosis
[Yuborilmoqda] Cow #5 | GPS: 44.095, 59.3554
  -> [OK] AI Tashxisi: Normal
[Yuborilmoqda] Cow #6 | GPS: 44.1053, 59.3467
  -> [OK] AI Tashxisi: Normal
[Yuborilmoqda] Cow #7 | GPS: 44.0999, 59.3505
  -> [OK] AI Tashxisi: Mastit / Infeksiya
[Yuborilmoqda] Cow #8 | GPS: 44.1036, 59.3541
  -> [OK] AI Tashxisi: Normal
[Yuborilmoqda] Cow #9 | GPS: 44.096, 59.3455
  -> [OK] AI Tashxisi: Normal
[Yuborilmoqda] Cow #10 | GPS: 44.0971, 59.3502
  -> [OK] AI Tashxisi: Normal
[Yuborilmoqda] Cow #11 | GPS: 44.0981, 59.3507
  -> [OK] AI Tashxisi: Normal
----------------------------------------
[Yuborilmoqda] Cow #1 | GPS: 44.0964, 59.3459
  -> [OK] AI Tashxisi: Normal
[Yuborilmoqda] Cow #2 | GPS: 44.1017, 59.3515
  -> [OK] AI Tashxisi: Normal
[Yuborilmoqda] Cow #3 | GPS: 44.0954, 59.3484
  -> [OK] AI Tashxisi: Normal
[Yuborilmoqda] Cow #4 | GPS: 44.1003, 59.3519
  -> [OK] AI Tashxisi: Ketoz / Acidosis
[Yuborilmoqda] Cow #5 | GPS: 44.0951, 59.3554
  -> [OK] AI Tashxisi: Normal
[Yuborilmoqda] Cow #6 | GPS: 44.1051, 59.3468
  -> [OK] AI Tashxisi: Normal
[Yuborilmoqda] Cow #7 | GPS: 44.1001, 59.3504
  -> [OK] AI Tashxisi: Mastit / Infeksiya
[Yuborilmoqda] Cow #8 | GPS: 44.1036, 59.3539
  -> [OK] AI Tashxisi: Normal
[Yuborilmoqda] Cow #9 | GPS: 44.0959, 59.3457
  -> [OK] AI Tashxisi: Normal
[Yuborilmoqda] Cow #10 | GPS: 44.0973, 59.3502
  -> [OK] AI Tashxisi: Normal
[Yuborilmoqda] Cow #11 | GPS: 44.0983, 59.3507
  -> [OK] AI Tashxisi: Normal
----------------------------------------
[Yuborilmoqda] Cow #1 | GPS: 44.0965, 59.3459
  -> [OK] AI Tashxisi: Normal
[Yuborilmoqda] Cow #2 | GPS: 44.1015, 59.3515
  -> [OK] AI Tashxisi: Normal
[Yuborilmoqda] Cow #3 | GPS: 44.0953, 59.3485
  -> [OK] AI Tashxisi: Normal
[Yuborilmoqda] Cow #4 | GPS: 44.1005, 59.3517
  -> [OK] AI Tashxisi: Ketoz / Acidosis
[Yuborilmoqda] Cow #5 | GPS: 44.0952, 59.3555
  -> [OK] AI Tashxisi: Normal
[Yuborilmoqda] Cow #6 | GPS: 44.1052, 59.3469
  -> [OK] AI Tashxisi: Normal
[Yuborilmoqda] Cow #7 | GPS: 44.1001, 59.3505
  -> [OK] AI Tashxisi: Mastit / Infeksiya
[Yuborilmoqda] Cow #8 | GPS: 44.1037, 59.3541
  -> [OK] AI Tashxisi: Normal
[Yuborilmoqda] Cow #9 | GPS: 44.096, 59.3457
  -> [OK] AI Tashxisi: Normal
[Yuborilmoqda] Cow #10 | GPS: 44.0971, 59.3502
  -> [OK] AI Tashxisi: Normal
[Yuborilmoqda] Cow #11 | GPS: 44.0982, 59.3508
  -> [OK] AI Tashxisi: Normal
----------------------------------------
[Yuborilmoqda] Cow #1 | GPS: 44.0966, 59.3458
  -> [OK] AI Tashxisi: Normal
[Yuborilmoqda] Cow #2 | GPS: 44.1016, 59.3513
  -> [OK] AI Tashxisi: Normal
[Yuborilmoqda] Cow #3 | GPS: 44.0954, 59.3484
  -> [OK] AI Tashxisi: Normal
[Yuborilmoqda] Cow #4 | GPS: 44.1005, 59.3516
  -> [OK] AI Tashxisi: Ketoz / Acidosis
[Yuborilmoqda] Cow #5 | GPS: 44.0951, 59.3556
  -> [OK] AI Tashxisi: Normal
[Yuborilmoqda] Cow #6 | GPS: 44.1051, 59.3469
  -> [OK] AI Tashxisi: Normal
[Yuborilmoqda] Cow #7 | GPS: 44.1002, 59.3505
  -> [OK] AI Tashxisi: Mastit / Infeksiya
[Yuborilmoqda] Cow #8 | GPS: 44.1039, 59.3539
  -> [OK] AI Tashxisi: Normal
[Yuborilmoqda] Cow #9 | GPS: 44.0959, 59.3458
  -> [OK] AI Tashxisi: Normal
[Yuborilmoqda] Cow #10 | GPS: 44.0972, 59.35
  -> [OK] AI Tashxisi: Normal
[Yuborilmoqda] Cow #11 | GPS: 44.0983, 59.3507
  -> [OK] AI Tashxisi: Normal
----------------------------------------
[Yuborilmoqda] Cow #1 | GPS: 44.0968, 59.3458
  -> [OK] AI Tashxisi: Normal
[Yuborilmoqda] Cow #2 | GPS: 44.1017, 59.3511
  -> [OK] AI Tashxisi: Normal
[Yuborilmoqda] Cow #3 | GPS: 44.0953, 59.3484
  -> [OK] AI Tashxisi: Normal
[Yuborilmoqda] Cow #4 | GPS: 44.1006, 59.3518
  -> [OK] AI Tashxisi: Ketoz / Acidosis
[Yuborilmoqda] Cow #5 | GPS: 44.0951, 59.3557
  -> [OK] AI Tashxisi: Normal
[Yuborilmoqda] Cow #6 | GPS: 44.1051, 59.3469
  -> [OK] AI Tashxisi: Normal
[Yuborilmoqda] Cow #7 | GPS: 44.1003, 59.3506
  -> [OK] AI Tashxisi: Mastit / Infeksiya
[Yuborilmoqda] Cow #8 | GPS: 44.1041, 59.3539
  -> [OK] AI Tashxisi: Normal
[Yuborilmoqda] Cow #9 | GPS: 44.0957, 59.3458
  -> [OK] AI Tashxisi: Normal
[Yuborilmoqda] Cow #10 | GPS: 44.0972, 59.3499
  -> [OK] AI Tashxisi: Normal
[Yuborilmoqda] Cow #11 | GPS: 44.0983, 59.3507
  -> [OK] AI Tashxisi: Normal
----------------------------------------
[Yuborilmoqda] Cow #1 | GPS: 44.0966, 59.3457
  -> [OK] AI Tashxisi: Normal
[Yuborilmoqda] Cow #2 | GPS: 44.1018, 59.3513
  -> [OK] AI Tashxisi: Normal
[Yuborilmoqda] Cow #3 | GPS: 44.0953, 59.3485
  -> [OK] AI Tashxisi: Normal
[Yuborilmoqda] Cow #4 | GPS: 44.1004, 59.3517
  -> [OK] AI Tashxisi: Ketoz / Acidosis
[Yuborilmoqda] Cow #5 | GPS: 44.0952, 59.3559
  -> [OK] AI Tashxisi: Normal
[Yuborilmoqda] Cow #6 | GPS: 44.1052, 59.3469
  -> [OK] AI Tashxisi: Normal
[Yuborilmoqda] Cow #7 | GPS: 44.1003, 59.3505
  -> [OK] AI Tashxisi: Mastit / Infeksiya
[Yuborilmoqda] Cow #8 | GPS: 44.1042, 59.3539
  -> [OK] AI Tashxisi: Normal
[Yuborilmoqda] Cow #9 | GPS: 44.0958, 59.3459
  -> [OK] AI Tashxisi: Normal
[Yuborilmoqda] Cow #10 | GPS: 44.0973, 59.35
  -> [OK] AI Tashxisi: Normal
[Yuborilmoqda] Cow #11 | GPS: 44.0983, 59.3506
  -> [OK] AI Tashxisi: Normal
----------------------------------------
[Yuborilmoqda] Cow #1 | GPS: 44.0966, 59.3456
  -> [OK] AI Tashxisi: Normal
[Yuborilmoqda] Cow #2 | GPS: 44.1018, 59.3513
  -> [OK] AI Tashxisi: Normal
[Yuborilmoqda] Cow #3 | GPS: 44.0954, 59.3484
  -> [OK] AI Tashxisi: Normal
[Yuborilmoqda] Cow #4 | GPS: 44.1005, 59.3515
  -> [OK] AI Tashxisi: Ketoz / Acidosis
[Yuborilmoqda] Cow #5 | GPS: 44.0953, 59.356
  -> [OK] AI Tashxisi: Normal
[Yuborilmoqda] Cow #6 | GPS: 44.1053, 59.3468
  -> [OK] AI Tashxisi: Normal
[Yuborilmoqda] Cow #7 | GPS: 44.1003, 59.3505
  -> [OK] AI Tashxisi: Mastit / Infeksiya
[Yuborilmoqda] Cow #8 | GPS: 44.1041, 59.3538
  -> [OK] AI Tashxisi: Normal
[Yuborilmoqda] Cow #9 | GPS: 44.0958, 59.3458
  -> [OK] AI Tashxisi: Normal
[Yuborilmoqda] Cow #10 | GPS: 44.0973, 59.3501
  -> [OK] AI Tashxisi: Normal
[Yuborilmoqda] Cow #11 | GPS: 44.0981, 59.3504
  -> [OK] AI Tashxisi: Normal
----------------------------------------
[Yuborilmoqda] Cow #1 | GPS: 44.0965, 59.3455
  -> [OK] AI Tashxisi: Normal
[Yuborilmoqda] Cow #2 | GPS: 44.1018, 59.3513
  -> [OK] AI Tashxisi: Normal
[Yuborilmoqda] Cow #3 | GPS: 44.0956, 59.3482
  -> [OK] AI Tashxisi: Normal
[Yuborilmoqda] Cow #4 | GPS: 44.1004, 59.3517
  -> [OK] AI Tashxisi: Ketoz / Acidosis
[Yuborilmoqda] Cow #5 | GPS: 44.0953, 59.3559
  -> [OK] AI Tashxisi: Normal
[Yuborilmoqda] Cow #6 | GPS: 44.1051, 59.3468
  -> [OK] AI Tashxisi: Normal
[Yuborilmoqda] Cow #7 | GPS: 44.1003, 59.3505
  -> [OK] AI Tashxisi: Mastit / Infeksiya
[Yuborilmoqda] Cow #8 | GPS: 44.104, 59.3537
  -> [OK] AI Tashxisi: Normal
[Yuborilmoqda] Cow #9 | GPS: 44.0959, 59.3457
  -> [OK] AI Tashxisi: Normal
[Yuborilmoqda] Cow #10 | GPS: 44.0972, 59.35
  -> [OK] AI Tashxisi: Normal
[Yuborilmoqda] Cow #11 | GPS: 44.0982, 59.3506
  -> [OK] AI Tashxisi: Normal
----------------------------------------
[Yuborilmoqda] Cow #1 | GPS: 44.0965, 59.3456
  -> [OK] AI Tashxisi: Mastit / Infeksiya
[Yuborilmoqda] Cow #2 | GPS: 44.1018, 59.3512
  -> [OK] AI Tashxisi: Normal
[Yuborilmoqda] Cow #3 | GPS: 44.0955, 59.3481
  -> [OK] AI Tashxisi: Normal
[Yuborilmoqda] Cow #4 | GPS: 44.1005, 59.3519
  -> [OK] AI Tashxisi: Ketoz / Acidosis
[Yuborilmoqda] Cow #5 | GPS: 44.0954, 59.3561
  -> [OK] AI Tashxisi: Normal
[Yuborilmoqda] Cow #6 | GPS: 44.1053, 59.347
  -> [OK] AI Tashxisi: Normal
[Yuborilmoqda] Cow #7 | GPS: 44.1004, 59.3507
  -> [OK] AI Tashxisi: Mastit / Infeksiya
[Yuborilmoqda] Cow #8 | GPS: 44.104, 59.3537
  -> [OK] AI Tashxisi: Normal
[Yuborilmoqda] Cow #9 | GPS: 44.0959, 59.3457
  -> [OK] AI Tashxisi: Normal
[Yuborilmoqda] Cow #10 | GPS: 44.097, 59.35
  -> [OK] AI Tashxisi: Normal
[Yuborilmoqda] Cow #11 | GPS: 44.0982, 59.3504
  -> [OK] AI Tashxisi: Normal
----------------------------------------
[Yuborilmoqda] Cow #1 | GPS: 44.0965, 59.3454
  -> [OK] AI Tashxisi: Normal
[Yuborilmoqda] Cow #2 | GPS: 44.1018, 59.3512
  -> [OK] AI Tashxisi: Normal
[Yuborilmoqda] Cow #3 | GPS: 44.0956, 59.3481
  -> [OK] AI Tashxisi: Normal
[Yuborilmoqda] Cow #4 | GPS: 44.1006, 59.3518
  -> [OK] AI Tashxisi: Ketoz / Acidosis
[Yuborilmoqda] Cow #5 | GPS: 44.0955, 59.3562
  -> [OK] AI Tashxisi: Normal
[Yuborilmoqda] Cow #6 | GPS: 44.1053, 59.3469
  -> [OK] AI Tashxisi: Normal
[Yuborilmoqda] Cow #7 | GPS: 44.1005, 59.3508
  -> [OK] AI Tashxisi: Mastit / Infeksiya
[Yuborilmoqda] Cow #8 | GPS: 44.1041, 59.3536
  -> [OK] AI Tashxisi: Normal
[Yuborilmoqda] Cow #9 | GPS: 44.0959, 59.3459
  -> [OK] AI Tashxisi: Normal
[Yuborilmoqda] Cow #10 | GPS: 44.0972, 59.3502
  -> [OK] AI Tashxisi: Normal
[Yuborilmoqda] Cow #11 | GPS: 44.0984, 59.3503
  -> [OK] AI Tashxisi: Normal
----------------------------------------
[Yuborilmoqda] Cow #1 | GPS: 44.0965, 59.3455
  -> [OK] AI Tashxisi: Normal
[Yuborilmoqda] Cow #2 | GPS: 44.102, 59.3512
  -> [OK] AI Tashxisi: Mastit / Infeksiya
[Yuborilmoqda] Cow #3 | GPS: 44.0954, 59.3481
  -> [OK] AI Tashxisi: Normal
[Yuborilmoqda] Cow #4 | GPS: 44.1007, 59.3519
  -> [OK] AI Tashxisi: Ketoz / Acidosis
[Yuborilmoqda] Cow #5 | GPS: 44.0954, 59.3563
  -> [OK] AI Tashxisi: Normal
[Yuborilmoqda] Cow #6 | GPS: 44.1054, 59.3468
  -> [OK] AI Tashxisi: Normal
[Yuborilmoqda] Cow #7 | GPS: 44.1006, 59.3508
  -> [OK] AI Tashxisi: Mastit / Infeksiya
[Yuborilmoqda] Cow #8 | GPS: 44.1039, 59.3537
  -> [OK] AI Tashxisi: Normal
[Yuborilmoqda] Cow #9 | GPS: 44.0959, 59.346
  -> [OK] AI Tashxisi: Normal
[Yuborilmoqda] Cow #10 | GPS: 44.0971, 59.35
  -> [OK] AI Tashxisi: Normal
[Yuborilmoqda] Cow #11 | GPS: 44.0984, 59.3503
  -> [OK] AI Tashxisi: Normal
----------------------------------------
[Yuborilmoqda] Cow #1 | GPS: 44.0966, 59.3454
  -> [OK] AI Tashxisi: Mastit / Infeksiya
[Yuborilmoqda] Cow #2 | GPS: 44.1021, 59.3512
  -> [OK] AI Tashxisi: Normal
[Yuborilmoqda] Cow #3 | GPS: 44.0956, 59.3481
  -> [OK] AI Tashxisi: Normal
[Yuborilmoqda] Cow #4 | GPS: 44.1006, 59.3521
  -> [OK] AI Tashxisi: Ketoz / Acidosis
[Yuborilmoqda] Cow #5 | GPS: 44.0953, 59.3562
  -> [OK] AI Tashxisi: Normal
[Yuborilmoqda] Cow #6 | GPS: 44.1053, 59.3469
  -> [OK] AI Tashxisi: Normal
[Yuborilmoqda] Cow #7 | GPS: 44.1005, 59.3508
  -> [OK] AI Tashxisi: Mastit / Infeksiya
[Yuborilmoqda] Cow #8 | GPS: 44.1041, 59.3538
  -> [OK] AI Tashxisi: Normal
[Yuborilmoqda] Cow #9 | GPS: 44.0958, 59.3459
  -> [OK] AI Tashxisi: Normal
[Yuborilmoqda] Cow #10 | GPS: 44.097, 59.3499
  -> [OK] AI Tashxisi: Normal
[Yuborilmoqda] Cow #11 | GPS: 44.0985, 59.3505
  -> [OK] AI Tashxisi: Normal
----------------------------------------
[Yuborilmoqda] Cow #1 | GPS: 44.0966, 59.3454
  -> [OK] AI Tashxisi: Normal
[Yuborilmoqda] Cow #2 | GPS: 44.1022, 59.351
  -> [OK] AI Tashxisi: Normal
[Yuborilmoqda] Cow #3 | GPS: 44.0958, 59.3479
  -> [OK] AI Tashxisi: Normal
[Yuborilmoqda] Cow #4 | GPS: 44.1006, 59.3522
  -> [OK] AI Tashxisi: Ketoz / Acidosis
[Yuborilmoqda] Cow #5 | GPS: 44.0951, 59.3563
  -> [OK] AI Tashxisi: Normal
[Yuborilmoqda] Cow #6 | GPS: 44.1052, 59.347
  -> [OK] AI Tashxisi: Normal
[Yuborilmoqda] Cow #7 | GPS: 44.1004, 59.3508
  -> [OK] AI Tashxisi: Mastit / Infeksiya
[Yuborilmoqda] Cow #8 | GPS: 44.1041, 59.354
  -> [OK] AI Tashxisi: Normal
[Yuborilmoqda] Cow #9 | GPS: 44.0957, 59.3458
  -> [OK] AI Tashxisi: Normal
[Yuborilmoqda] Cow #10 | GPS: 44.0972, 59.3498
  -> [OK] AI Tashxisi: Normal
[Yuborilmoqda] Cow #11 | GPS: 44.0986, 59.3504
  -> [OK] AI Tashxisi: Mastit / Infeksiya
----------------------------------------
[Yuborilmoqda] Cow #1 | GPS: 44.0966, 59.3455
  -> [OK] AI Tashxisi: Normal
[Yuborilmoqda] Cow #2 | GPS: 44.1022, 59.3512
  -> [OK] AI Tashxisi: Normal
[Yuborilmoqda] Cow #3 | GPS: 44.0958, 59.3479
  -> [OK] AI Tashxisi: Normal
[Yuborilmoqda] Cow #4 | GPS: 44.1007, 59.3524
  -> [OK] AI Tashxisi: Ketoz / Acidosis
[Yuborilmoqda] Cow #5 | GPS: 44.0953, 59.3563
  -> [OK] AI Tashxisi: Normal
[Yuborilmoqda] Cow #6 | GPS: 44.1053, 59.3469
  -> [OK] AI Tashxisi: Normal
[Yuborilmoqda] Cow #7 | GPS: 44.1005, 59.3507
  -> [OK] AI Tashxisi: Mastit / Infeksiya
[Yuborilmoqda] Cow #8 | GPS: 44.104, 59.3539
  -> [OK] AI Tashxisi: Normal
[Yuborilmoqda] Cow #9 | GPS: 44.0957, 59.346
  -> [OK] AI Tashxisi: Normal
[Yuborilmoqda] Cow #10 | GPS: 44.0974, 59.3496
  -> [OK] AI Tashxisi: Normal
[Yuborilmoqda] Cow #11 | GPS: 44.0985, 59.3505
  -> [OK] AI Tashxisi: Normal
----------------------------------------
[Yuborilmoqda] Cow #1 | GPS: 44.0966, 59.3456
  -> [OK] AI Tashxisi: Normal
[Yuborilmoqda] Cow #2 | GPS: 44.1021, 59.3513
  -> [OK] AI Tashxisi: Normal
[Yuborilmoqda] Cow #3 | GPS: 44.096, 59.3478
  -> [OK] AI Tashxisi: Normal
[Yuborilmoqda] Cow #4 | GPS: 44.1007, 59.3523
  -> [OK] AI Tashxisi: Ketoz / Acidosis
[Yuborilmoqda] Cow #5 | GPS: 44.0952, 59.3561
  -> [OK] AI Tashxisi: Normal
[Yuborilmoqda] Cow #6 | GPS: 44.1054, 59.3467
  -> [OK] AI Tashxisi: Normal
[Yuborilmoqda] Cow #7 | GPS: 44.1004, 59.3508
  -> [OK] AI Tashxisi: Mastit / Infeksiya
[Yuborilmoqda] Cow #8 | GPS: 44.1039, 59.354
  -> [OK] AI Tashxisi: Normal
[Yuborilmoqda] Cow #9 | GPS: 44.0959, 59.3459
  -> [OK] AI Tashxisi: Normal
[Yuborilmoqda] Cow #10 | GPS: 44.0972, 59.3498
  -> [OK] AI Tashxisi: Normal
[Yuborilmoqda] Cow #11 | GPS: 44.0985, 59.3504
  -> [OK] AI Tashxisi: Normal
----------------------------------------
[Yuborilmoqda] Cow #1 | GPS: 44.0967, 59.3456
  -> [OK] AI Tashxisi: Normal
[Yuborilmoqda] Cow #2 | GPS: 44.102, 59.3512
  -> [OK] AI Tashxisi: Normal
[Yuborilmoqda] Cow #3 | GPS: 44.096, 59.3479
  -> [OK] AI Tashxisi: Mastit / Infeksiya
[Yuborilmoqda] Cow #4 | GPS: 44.1007, 59.3523
  -> [OK] AI Tashxisi: Ketoz / Acidosis
[Yuborilmoqda] Cow #5 | GPS: 44.095, 59.3559
  -> [OK] AI Tashxisi: Normal
[Yuborilmoqda] Cow #6 | GPS: 44.1056, 59.3466
  -> [OK] AI Tashxisi: Normal
[Yuborilmoqda] Cow #7 | GPS: 44.1005, 59.351
  -> [OK] AI Tashxisi: Mastit / Infeksiya
[Yuborilmoqda] Cow #8 | GPS: 44.1038, 59.3542
  -> [OK] AI Tashxisi: Normal
[Yuborilmoqda] Cow #9 | GPS: 44.0958, 59.3457
  -> [OK] AI Tashxisi: Normal
[Yuborilmoqda] Cow #10 | GPS: 44.0971, 59.3498
  -> [OK] AI Tashxisi: Normal
[Yuborilmoqda] Cow #11 | GPS: 44.0984, 59.3503
  -> [OK] AI Tashxisi: Mastit / Infeksiya
----------------------------------------
[Yuborilmoqda] Cow #1 | GPS: 44.0967, 59.3456
  -> [OK] AI Tashxisi: Normal
[Yuborilmoqda] Cow #2 | GPS: 44.1019, 59.3512
  -> [OK] AI Tashxisi: Normal
[Yuborilmoqda] Cow #3 | GPS: 44.0958, 59.3479
  -> [OK] AI Tashxisi: Normal
[Yuborilmoqda] Cow #4 | GPS: 44.1007, 59.3522
  -> [OK] AI Tashxisi: Ketoz / Acidosis
[Yuborilmoqda] Cow #5 | GPS: 44.0952, 59.356
  -> [OK] AI Tashxisi: Normal
[Yuborilmoqda] Cow #6 | GPS: 44.1056, 59.3464
  -> [OK] AI Tashxisi: Normal
[Yuborilmoqda] Cow #7 | GPS: 44.1006, 59.3509
  -> [OK] AI Tashxisi: Mastit / Infeksiya
[Yuborilmoqda] Cow #8 | GPS: 44.1038, 59.354
  -> [OK] AI Tashxisi: Normal
[Yuborilmoqda] Cow #9 | GPS: 44.0959, 59.3459
  -> [OK] AI Tashxisi: Normal
[Yuborilmoqda] Cow #10 | GPS: 44.0973, 59.35
  -> [OK] AI Tashxisi: Normal
[Yuborilmoqda] Cow #11 | GPS: 44.0984, 59.3503
  -> [OK] AI Tashxisi: Normal
----------------------------------------
[Yuborilmoqda] Cow #1 | GPS: 44.0969, 59.3455
  -> [OK] AI Tashxisi: Normal
[Yuborilmoqda] Cow #2 | GPS: 44.1021, 59.3512
  -> [OK] AI Tashxisi: Normal
[Yuborilmoqda] Cow #3 | GPS: 44.0959, 59.3478
  -> [OK] AI Tashxisi: Normal
[Yuborilmoqda] Cow #4 | GPS: 44.1008, 59.3521
  -> [OK] AI Tashxisi: Ketoz / Acidosis
[Yuborilmoqda] Cow #5 | GPS: 44.0952, 59.3558
  -> [OK] AI Tashxisi: Normal
[Yuborilmoqda] Cow #6 | GPS: 44.1055, 59.3463
  -> [OK] AI Tashxisi: Normal
[Yuborilmoqda] Cow #7 | GPS: 44.1007, 59.351
  -> [OK] AI Tashxisi: Mastit / Infeksiya
[Yuborilmoqda] Cow #8 | GPS: 44.1039, 59.3539
  -> [OK] AI Tashxisi: Normal
[Yuborilmoqda] Cow #9 | GPS: 44.096, 59.346
  -> [OK] AI Tashxisi: Normal
[Yuborilmoqda] Cow #10 | GPS: 44.0973, 59.3501
  -> [OK] AI Tashxisi: Mastit / Infeksiya
[Yuborilmoqda] Cow #11 | GPS: 44.0984, 59.3501
  -> [OK] AI Tashxisi: Normal
----------------------------------------
[Yuborilmoqda] Cow #1 | GPS: 44.0968, 59.3454
  -> [OK] AI Tashxisi: Normal
[Yuborilmoqda] Cow #2 | GPS: 44.1022, 59.3514
  -> [OK] AI Tashxisi: Normal
[Yuborilmoqda] Cow #3 | GPS: 44.0957, 59.3478
  -> [OK] AI Tashxisi: Normal
[Yuborilmoqda] Cow #4 | GPS: 44.1008, 59.3521
  -> [OK] AI Tashxisi: Ketoz / Acidosis
[Yuborilmoqda] Cow #5 | GPS: 44.0953, 59.3558
  -> [OK] AI Tashxisi: Mastit / Infeksiya
[Yuborilmoqda] Cow #6 | GPS: 44.1053, 59.3463
  -> [OK] AI Tashxisi: Normal
[Yuborilmoqda] Cow #7 | GPS: 44.1008, 59.3509
  -> [OK] AI Tashxisi: Mastit / Infeksiya
[Yuborilmoqda] Cow #8 | GPS: 44.1041, 59.3539
  -> [OK] AI Tashxisi: Normal
[Yuborilmoqda] Cow #9 | GPS: 44.096, 59.3461
  -> [OK] AI Tashxisi: Normal
[Yuborilmoqda] Cow #10 | GPS: 44.0974, 59.3501
  -> [OK] AI Tashxisi: Normal
[Yuborilmoqda] Cow #11 | GPS: 44.0982, 59.35
  -> [OK] AI Tashxisi: Normal
----------------------------------------
[Yuborilmoqda] Cow #1 | GPS: 44.0966, 59.3456
  -> [OK] AI Tashxisi: Normal
[Yuborilmoqda] Cow #2 | GPS: 44.1023, 59.3513
  -> [OK] AI Tashxisi: Normal
[Yuborilmoqda] Cow #3 | GPS: 44.0958, 59.3477
  -> [OK] AI Tashxisi: Normal
[Yuborilmoqda] Cow #4 | GPS: 44.101, 59.352
  -> [OK] AI Tashxisi: Ketoz / Acidosis
[Yuborilmoqda] Cow #5 | GPS: 44.0952, 59.3559
  -> [OK] AI Tashxisi: Normal
[Yuborilmoqda] Cow #6 | GPS: 44.1054, 59.3465
  -> [OK] AI Tashxisi: Normal
[Yuborilmoqda] Cow #7 | GPS: 44.101, 59.351
  -> [OK] AI Tashxisi: Mastit / Infeksiya
[Yuborilmoqda] Cow #8 | GPS: 44.104, 59.354
  -> [OK] AI Tashxisi: Normal
[Yuborilmoqda] Cow #9 | GPS: 44.096, 59.3462
  -> [OK] AI Tashxisi: Normal
[Yuborilmoqda] Cow #10 | GPS: 44.0975, 59.35
  -> [OK] AI Tashxisi: Normal
[Yuborilmoqda] Cow #11 | GPS: 44.0981, 59.3502
  -> [OK] AI Tashxisi: Normal
----------------------------------------
[Yuborilmoqda] Cow #1 | GPS: 44.0965, 59.3454
  -> [OK] AI Tashxisi: Normal
[Yuborilmoqda] Cow #2 | GPS: 44.1023, 59.3513
  -> [OK] AI Tashxisi: Normal
[Yuborilmoqda] Cow #3 | GPS: 44.0957, 59.3475
  -> [OK] AI Tashxisi: Normal
[Yuborilmoqda] Cow #4 | GPS: 44.1011, 59.3521
  -> [OK] AI Tashxisi: Ketoz / Acidosis
[Yuborilmoqda] Cow #5 | GPS: 44.0954, 59.356
  -> [OK] AI Tashxisi: Normal
[Yuborilmoqda] Cow #6 | GPS: 44.1055, 59.3466
  -> [OK] AI Tashxisi: Normal
[Yuborilmoqda] Cow #7 | GPS: 44.1009, 59.3511
  -> [OK] AI Tashxisi: Mastit / Infeksiya
[Yuborilmoqda] Cow #8 | GPS: 44.1038, 59.3541
  -> [OK] AI Tashxisi: Normal
[Yuborilmoqda] Cow #9 | GPS: 44.096, 59.3462
  -> [OK] AI Tashxisi: Normal
[Yuborilmoqda] Cow #10 | GPS: 44.0975, 59.3501
  -> [OK] AI Tashxisi: Normal
[Yuborilmoqda] Cow #11 | GPS: 44.0979, 59.3502
  -> [OK] AI Tashxisi: Normal
----------------------------------------
[Yuborilmoqda] Cow #1 | GPS: 44.0965, 59.3454
  -> [OK] AI Tashxisi: Normal
[Yuborilmoqda] Cow #2 | GPS: 44.1024, 59.3511
  -> [OK] AI Tashxisi: Normal
[Yuborilmoqda] Cow #3 | GPS: 44.0958, 59.3474
  -> [OK] AI Tashxisi: Normal
[Yuborilmoqda] Cow #4 | GPS: 44.1011, 59.3521
  -> [OK] AI Tashxisi: Ketoz / Acidosis
[Yuborilmoqda] Cow #5 | GPS: 44.0953, 59.3561
  -> [OK] AI Tashxisi: Normal
[Yuborilmoqda] Cow #6 | GPS: 44.1057, 59.3468
  -> [OK] AI Tashxisi: Normal
[Yuborilmoqda] Cow #7 | GPS: 44.1009, 59.351
  -> [OK] AI Tashxisi: Mastit / Infeksiya
[Yuborilmoqda] Cow #8 | GPS: 44.104, 59.3542
  -> [OK] AI Tashxisi: Normal
[Yuborilmoqda] Cow #9 | GPS: 44.096, 59.3462
  -> [OK] AI Tashxisi: Normal
[Yuborilmoqda] Cow #10 | GPS: 44.0974, 59.3501
  -> [OK] AI Tashxisi: Normal
[Yuborilmoqda] Cow #11 | GPS: 44.0981, 59.3503
  -> [OK] AI Tashxisi: Mastit / Infeksiya
----------------------------------------
[Yuborilmoqda] Cow #1 | GPS: 44.0967, 59.3455
  -> [OK] AI Tashxisi: Normal
[Yuborilmoqda] Cow #2 | GPS: 44.1024, 59.3513
  -> [OK] AI Tashxisi: Normal
[Yuborilmoqda] Cow #3 | GPS: 44.0958, 59.3473
  -> [OK] AI Tashxisi: Normal
[Yuborilmoqda] Cow #4 | GPS: 44.101, 59.352
  -> [OK] AI Tashxisi: Ketoz / Acidosis
[Yuborilmoqda] Cow #5 | GPS: 44.0953, 59.3562
  -> [OK] AI Tashxisi: Normal
[Yuborilmoqda] Cow #6 | GPS: 44.1056, 59.3467
  -> [OK] AI Tashxisi: Normal
[Yuborilmoqda] Cow #7 | GPS: 44.1008, 59.351
  -> [OK] AI Tashxisi: Mastit / Infeksiya
[Yuborilmoqda] Cow #8 | GPS: 44.1042, 59.3541
  -> [OK] AI Tashxisi: Normal
[Yuborilmoqda] Cow #9 | GPS: 44.0958, 59.3463
  -> [OK] AI Tashxisi: Normal
[Yuborilmoqda] Cow #10 | GPS: 44.0975, 59.35
  -> [OK] AI Tashxisi: Normal
[Yuborilmoqda] Cow #11 | GPS: 44.0981, 59.3504
  -> [OK] AI Tashxisi: Normal
----------------------------------------
[Yuborilmoqda] Cow #1 | GPS: 44.0967, 59.3455
  -> [OK] AI Tashxisi: Mastit / Infeksiya
[Yuborilmoqda] Cow #2 | GPS: 44.1026, 59.3514
  -> [OK] AI Tashxisi: Normal
[Yuborilmoqda] Cow #3 | GPS: 44.0959, 59.3473
  -> [OK] AI Tashxisi: Mastit / Infeksiya
[Yuborilmoqda] Cow #4 | GPS: 44.1009, 59.3521
  -> [OK] AI Tashxisi: Ketoz / Acidosis
[Yuborilmoqda] Cow #5 | GPS: 44.0953, 59.3562
  -> [OK] AI Tashxisi: Normal
[Yuborilmoqda] Cow #6 | GPS: 44.1056, 59.3468
  -> [OK] AI Tashxisi: Normal
[Yuborilmoqda] Cow #7 | GPS: 44.1006, 59.3509
  -> [OK] AI Tashxisi: Mastit / Infeksiya
[Yuborilmoqda] Cow #8 | GPS: 44.1043, 59.354
  -> [OK] AI Tashxisi: Normal
[Yuborilmoqda] Cow #9 | GPS: 44.096, 59.3464
  -> [OK] AI Tashxisi: Normal
[Yuborilmoqda] Cow #10 | GPS: 44.0976, 59.3499
  -> [OK] AI Tashxisi: Normal
[Yuborilmoqda] Cow #11 | GPS: 44.0982, 59.3505
  -> [OK] AI Tashxisi: Normal
----------------------------------------
[Yuborilmoqda] Cow #1 | GPS: 44.0966, 59.3455
  -> [OK] AI Tashxisi: Normal
[Yuborilmoqda] Cow #2 | GPS: 44.1025, 59.3514
  -> [OK] AI Tashxisi: Normal
[Yuborilmoqda] Cow #3 | GPS: 44.0957, 59.3473
  -> [OK] AI Tashxisi: Normal
[Yuborilmoqda] Cow #4 | GPS: 44.1009, 59.3521
  -> [OK] AI Tashxisi: Ketoz / Acidosis
[Yuborilmoqda] Cow #5 | GPS: 44.0955, 59.356
  -> [OK] AI Tashxisi: Normal
[Yuborilmoqda] Cow #6 | GPS: 44.1057, 59.3467
  -> [OK] AI Tashxisi: Normal
[Yuborilmoqda] Cow #7 | GPS: 44.1008, 59.3509
  -> [OK] AI Tashxisi: Mastit / Infeksiya
[Yuborilmoqda] Cow #8 | GPS: 44.1043, 59.3541
  -> [OK] AI Tashxisi: Normal
[Yuborilmoqda] Cow #9 | GPS: 44.096, 59.3464
  -> [OK] AI Tashxisi: Normal
[Yuborilmoqda] Cow #10 | GPS: 44.0976, 59.3498
  -> [OK] AI Tashxisi: Normal
[Yuborilmoqda] Cow #11 | GPS: 44.0983, 59.3507
  -> [OK] AI Tashxisi: Normal
----------------------------------------
[Yuborilmoqda] Cow #1 | GPS: 44.0966, 59.3454
  -> [OK] AI Tashxisi: Normal
[Yuborilmoqda] Cow #2 | GPS: 44.1023, 59.3513
  -> [OK] AI Tashxisi: Normal
[Yuborilmoqda] Cow #3 | GPS: 44.0957, 59.3473
  -> [OK] AI Tashxisi: Normal
[Yuborilmoqda] Cow #4 | GPS: 44.101, 59.3521
  -> [OK] AI Tashxisi: Ketoz / Acidosis
[Yuborilmoqda] Cow #5 | GPS: 44.0953, 59.3561
  -> [OK] AI Tashxisi: Normal
[Yuborilmoqda] Cow #6 | GPS: 44.1059, 59.3466
  -> [OK] AI Tashxisi: Normal
[Yuborilmoqda] Cow #7 | GPS: 44.1007, 59.351
  -> [OK] AI Tashxisi: Mastit / Infeksiya
[Yuborilmoqda] Cow #8 | GPS: 44.1042, 59.354
  -> [OK] AI Tashxisi: Normal
[Yuborilmoqda] Cow #9 | GPS: 44.0959, 59.3463
  -> [OK] AI Tashxisi: Normal
[Yuborilmoqda] Cow #10 | GPS: 44.0977, 59.3499
  -> [OK] AI Tashxisi: Normal
[Yuborilmoqda] Cow #11 | GPS: 44.0981, 59.3507
  -> [OK] AI Tashxisi: Normal
----------------------------------------
[Yuborilmoqda] Cow #1 | GPS: 44.0965, 59.3456
  -> [OK] AI Tashxisi: Normal
[Yuborilmoqda] Cow #2 | GPS: 44.1022, 59.3514
  -> [OK] AI Tashxisi: Normal
[Yuborilmoqda] Cow #3 | GPS: 44.0955, 59.3472
  -> [OK] AI Tashxisi: Normal
[Yuborilmoqda] Cow #4 | GPS: 44.1009, 59.352
  -> [OK] AI Tashxisi: Ketoz / Acidosis
[Yuborilmoqda] Cow #5 | GPS: 44.0955, 59.3562
  -> [OK] AI Tashxisi: Normal
[Yuborilmoqda] Cow #6 | GPS: 44.1059, 59.3465
  -> [OK] AI Tashxisi: Normal
[Yuborilmoqda] Cow #7 | GPS: 44.1006, 59.3511
  -> [OK] AI Tashxisi: Mastit / Infeksiya
[Yuborilmoqda] Cow #8 | GPS: 44.1042, 59.354
  -> [OK] AI Tashxisi: Normal
[Yuborilmoqda] Cow #9 | GPS: 44.0958, 59.3464
  -> [OK] AI Tashxisi: Normal
[Yuborilmoqda] Cow #10 | GPS: 44.0977, 59.3497
  -> [OK] AI Tashxisi: Normal
[Yuborilmoqda] Cow #11 | GPS: 44.0981, 59.3508
  -> [OK] AI Tashxisi: Normal
----------------------------------------
[Yuborilmoqda] Cow #1 | GPS: 44.0964, 59.3458
  -> [OK] AI Tashxisi: Normal
[Yuborilmoqda] Cow #2 | GPS: 44.1021, 59.3514
  -> [OK] AI Tashxisi: Normal
[Yuborilmoqda] Cow #3 | GPS: 44.0955, 59.3472
  -> [OK] AI Tashxisi: Normal
[Yuborilmoqda] Cow #4 | GPS: 44.1009, 59.3519
  -> [OK] AI Tashxisi: Ketoz / Acidosis
[Yuborilmoqda] Cow #5 | GPS: 44.0956, 59.3564
  -> [OK] AI Tashxisi: Normal
[Yuborilmoqda] Cow #6 | GPS: 44.1061, 59.3465
  -> [OK] AI Tashxisi: Normal
[Yuborilmoqda] Cow #7 | GPS: 44.1005, 59.351
  -> [OK] AI Tashxisi: Mastit / Infeksiya
[Yuborilmoqda] Cow #8 | GPS: 44.1042, 59.3539
  -> [OK] AI Tashxisi: Normal
[Yuborilmoqda] Cow #9 | GPS: 44.0957, 59.3465
  -> [OK] AI Tashxisi: Normal
[Yuborilmoqda] Cow #10 | GPS: 44.0975, 59.3498
  -> [OK] AI Tashxisi: Normal
[Yuborilmoqda] Cow #11 | GPS: 44.098, 59.3507
  -> [OK] AI Tashxisi: Mastit / Infeksiya
----------------------------------------
[Yuborilmoqda] Cow #1 | GPS: 44.0964, 59.3456
  -> [OK] AI Tashxisi: Normal
[Yuborilmoqda] Cow #2 | GPS: 44.1022, 59.3513
  -> [OK] AI Tashxisi: Normal
[Yuborilmoqda] Cow #3 | GPS: 44.0956, 59.3474
  -> [OK] AI Tashxisi: Normal
[Yuborilmoqda] Cow #4 | GPS: 44.1011, 59.3521
  -> [OK] AI Tashxisi: Ketoz / Acidosis
[Yuborilmoqda] Cow #5 | GPS: 44.0958, 59.3564
  -> [OK] AI Tashxisi: Normal
[Yuborilmoqda] Cow #6 | GPS: 44.1062, 59.3466
  -> [OK] AI Tashxisi: Normal
[Yuborilmoqda] Cow #7 | GPS: 44.1005, 59.3511
  -> [OK] AI Tashxisi: Mastit / Infeksiya
[Yuborilmoqda] Cow #8 | GPS: 44.1042, 59.3539
  -> [OK] AI Tashxisi: Normal
[Yuborilmoqda] Cow #9 | GPS: 44.0958, 59.3466
  -> [OK] AI Tashxisi: Normal
[Yuborilmoqda] Cow #10 | GPS: 44.0976, 59.3497
  -> [OK] AI Tashxisi: Normal
[Yuborilmoqda] Cow #11 | GPS: 44.0979, 59.3508
  -> [OK] AI Tashxisi: Normal
----------------------------------------
[Yuborilmoqda] Cow #1 | GPS: 44.0964, 59.3454
  -> [OK] AI Tashxisi: Normal
[Yuborilmoqda] Cow #2 | GPS: 44.1024, 59.3512
  -> [OK] AI Tashxisi: Normal
[Yuborilmoqda] Cow #3 | GPS: 44.0955, 59.3476
  -> [OK] AI Tashxisi: Normal
[Yuborilmoqda] Cow #4 | GPS: 44.101, 59.3521
  -> [OK] AI Tashxisi: Ketoz / Acidosis
[Yuborilmoqda] Cow #5 | GPS: 44.0959, 59.3565
  -> [OK] AI Tashxisi: Normal
[Yuborilmoqda] Cow #6 | GPS: 44.1063, 59.3466
  -> [OK] AI Tashxisi: Normal
[Yuborilmoqda] Cow #7 | GPS: 44.1007, 59.351
  -> [OK] AI Tashxisi: Mastit / Infeksiya
[Yuborilmoqda] Cow #8 | GPS: 44.1042, 59.3541
  -> [OK] AI Tashxisi: Mastit / Infeksiya
[Yuborilmoqda] Cow #9 | GPS: 44.0958, 59.3465
  -> [OK] AI Tashxisi: Normal
[Yuborilmoqda] Cow #10 | GPS: 44.0975, 59.3499
  -> [OK] AI Tashxisi: Normal
[Yuborilmoqda] Cow #11 | GPS: 44.098, 59.3507
  -> [OK] AI Tashxisi: Normal
----------------------------------------
[Yuborilmoqda] Cow #1 | GPS: 44.0966, 59.3452
  -> [OK] AI Tashxisi: Normal
[Yuborilmoqda] Cow #2 | GPS: 44.1026, 59.3511
  -> [OK] AI Tashxisi: Normal
[Yuborilmoqda] Cow #3 | GPS: 44.0955, 59.3475
  -> [OK] AI Tashxisi: Normal
[Yuborilmoqda] Cow #4 | GPS: 44.1011, 59.3522
  -> [OK] AI Tashxisi: Ketoz / Acidosis
[Yuborilmoqda] Cow #5 | GPS: 44.0961, 59.3564
  -> [OK] AI Tashxisi: Normal
[Yuborilmoqda] Cow #6 | GPS: 44.1062, 59.3467
  -> [OK] AI Tashxisi: Normal
[Yuborilmoqda] Cow #7 | GPS: 44.1005, 59.351
  -> [OK] AI Tashxisi: Mastit / Infeksiya
[Yuborilmoqda] Cow #8 | GPS: 44.1044, 59.354
  -> [OK] AI Tashxisi: Normal
[Yuborilmoqda] Cow #9 | GPS: 44.0959, 59.3465
  -> [OK] AI Tashxisi: Normal
[Yuborilmoqda] Cow #10 | GPS: 44.0974, 59.3498
  -> [OK] AI Tashxisi: Normal
[Yuborilmoqda] Cow #11 | GPS: 44.0978, 59.3508
  -> [OK] AI Tashxisi: Mastit / Infeksiya
----------------------------------------
[Yuborilmoqda] Cow #1 | GPS: 44.0964, 59.345
  -> [OK] AI Tashxisi: Normal
[Yuborilmoqda] Cow #2 | GPS: 44.1024, 59.3512
  -> [OK] AI Tashxisi: Normal
[Yuborilmoqda] Cow #3 | GPS: 44.0956, 59.3476
  -> [OK] AI Tashxisi: Normal
[Yuborilmoqda] Cow #4 | GPS: 44.1009, 59.352
  -> [OK] AI Tashxisi: Ketoz / Acidosis
[Yuborilmoqda] Cow #5 | GPS: 44.096, 59.3565
  -> [OK] AI Tashxisi: Normal
[Yuborilmoqda] Cow #6 | GPS: 44.1062, 59.3467
  -> [OK] AI Tashxisi: Normal
[Yuborilmoqda] Cow #7 | GPS: 44.1006, 59.3512
  -> [OK] AI Tashxisi: Mastit / Infeksiya
[Yuborilmoqda] Cow #8 | GPS: 44.1042, 59.354
  -> [OK] AI Tashxisi: Normal
[Yuborilmoqda] Cow #9 | GPS: 44.0958, 59.3466
  -> [OK] AI Tashxisi: Normal
[Yuborilmoqda] Cow #10 | GPS: 44.0973, 59.3497
  -> [OK] AI Tashxisi: Normal
[Yuborilmoqda] Cow #11 | GPS: 44.0979, 59.3508
  -> [OK] AI Tashxisi: Normal
----------------------------------------
[Yuborilmoqda] Cow #1 | GPS: 44.0965, 59.3448
  -> [OK] AI Tashxisi: Normal
[Yuborilmoqda] Cow #2 | GPS: 44.1024, 59.3512
  -> [OK] AI Tashxisi: Normal
[Yuborilmoqda] Cow #3 | GPS: 44.0957, 59.3475
  -> [OK] AI Tashxisi: Normal
[Yuborilmoqda] Cow #4 | GPS: 44.1009, 59.352
  -> [OK] AI Tashxisi: Ketoz / Acidosis
[Yuborilmoqda] Cow #5 | GPS: 44.0959, 59.3565
  -> [OK] AI Tashxisi: Normal
[Yuborilmoqda] Cow #6 | GPS: 44.1061, 59.3466
  -> [OK] AI Tashxisi: Mastit / Infeksiya
[Yuborilmoqda] Cow #7 | GPS: 44.1005, 59.351
  -> [OK] AI Tashxisi: Mastit / Infeksiya
[Yuborilmoqda] Cow #8 | GPS: 44.1042, 59.3541
  -> [OK] AI Tashxisi: Normal
[Yuborilmoqda] Cow #9 | GPS: 44.0957, 59.3465
  -> [OK] AI Tashxisi: Normal
[Yuborilmoqda] Cow #10 | GPS: 44.0974, 59.3495
  -> [OK] AI Tashxisi: Normal
[Yuborilmoqda] Cow #11 | GPS: 44.0977, 59.3506
  -> [OK] AI Tashxisi: Normal
----------------------------------------
[Yuborilmoqda] Cow #1 | GPS: 44.0965, 59.3449
  -> [OK] AI Tashxisi: Normal
[Yuborilmoqda] Cow #2 | GPS: 44.1022, 59.3511
  -> [OK] AI Tashxisi: Normal
[Yuborilmoqda] Cow #3 | GPS: 44.0956, 59.3476
  -> [OK] AI Tashxisi: Normal
[Yuborilmoqda] Cow #4 | GPS: 44.1008, 59.352
  -> [OK] AI Tashxisi: Ketoz / Acidosis
[Yuborilmoqda] Cow #5 | GPS: 44.0959, 59.3565
  -> [OK] AI Tashxisi: Normal
[Yuborilmoqda] Cow #6 | GPS: 44.1062, 59.3465
  -> [OK] AI Tashxisi: Normal
[Yuborilmoqda] Cow #7 | GPS: 44.1005, 59.351
  -> [OK] AI Tashxisi: Mastit / Infeksiya
[Yuborilmoqda] Cow #8 | GPS: 44.1043, 59.3541
  -> [OK] AI Tashxisi: Normal
[Yuborilmoqda] Cow #9 | GPS: 44.0958, 59.3463
  -> [OK] AI Tashxisi: Normal
[Yuborilmoqda] Cow #10 | GPS: 44.0973, 59.3497
  -> [OK] AI Tashxisi: Normal
[Yuborilmoqda] Cow #11 | GPS: 44.0976, 59.3505
  -> [OK] AI Tashxisi: Normal
----------------------------------------
[Yuborilmoqda] Cow #1 | GPS: 44.0964, 59.3448
  -> [OK] AI Tashxisi: Mastit / Infeksiya
[Yuborilmoqda] Cow #2 | GPS: 44.1023, 59.3511
  -> [OK] AI Tashxisi: Normal
[Yuborilmoqda] Cow #3 | GPS: 44.0956, 59.3474
  -> [OK] AI Tashxisi: Normal
[Yuborilmoqda] Cow #4 | GPS: 44.1006, 59.3521
  -> [OK] AI Tashxisi: Ketoz / Acidosis
[Yuborilmoqda] Cow #5 | GPS: 44.0958, 59.3565
  -> [OK] AI Tashxisi: Normal
[Yuborilmoqda] Cow #6 | GPS: 44.1064, 59.3467
  -> [OK] AI Tashxisi: Normal
[Yuborilmoqda] Cow #7 | GPS: 44.1006, 59.3511
  -> [OK] AI Tashxisi: Mastit / Infeksiya
[Yuborilmoqda] Cow #8 | GPS: 44.1044, 59.354
  -> [OK] AI Tashxisi: Normal
[Yuborilmoqda] Cow #9 | GPS: 44.0956, 59.3463
  -> [OK] AI Tashxisi: Normal
[Yuborilmoqda] Cow #10 | GPS: 44.0975, 59.3496
  -> [OK] AI Tashxisi: Normal
[Yuborilmoqda] Cow #11 | GPS: 44.0975, 59.3503
  -> [OK] AI Tashxisi: Normal
----------------------------------------
[Yuborilmoqda] Cow #1 | GPS: 44.0965, 59.3448
  -> [OK] AI Tashxisi: Normal
[Yuborilmoqda] Cow #2 | GPS: 44.1024, 59.3511
  -> [OK] AI Tashxisi: Normal
[Yuborilmoqda] Cow #3 | GPS: 44.0955, 59.3475
  -> [OK] AI Tashxisi: Normal
[Yuborilmoqda] Cow #4 | GPS: 44.1005, 59.3521
  -> [OK] AI Tashxisi: Ketoz / Acidosis
[Yuborilmoqda] Cow #5 | GPS: 44.0958, 59.3567
  -> [OK] AI Tashxisi: Normal
[Yuborilmoqda] Cow #6 | GPS: 44.1065, 59.3467
  -> [OK] AI Tashxisi: Normal
[Yuborilmoqda] Cow #7 | GPS: 44.1007, 59.3511
  -> [OK] AI Tashxisi: Mastit / Infeksiya
[Yuborilmoqda] Cow #8 | GPS: 44.1044, 59.3541
  -> [OK] AI Tashxisi: Normal
[Yuborilmoqda] Cow #9 | GPS: 44.0955, 59.3464
  -> [OK] AI Tashxisi: Normal
[Yuborilmoqda] Cow #10 | GPS: 44.0974, 59.3495
  -> [OK] AI Tashxisi: Normal
[Yuborilmoqda] Cow #11 | GPS: 44.0977, 59.3505
  -> [OK] AI Tashxisi: Normal
----------------------------------------
[Yuborilmoqda] Cow #1 | GPS: 44.0965, 59.3449
  -> [OK] AI Tashxisi: Normal
[Yuborilmoqda] Cow #2 | GPS: 44.1024, 59.351
  -> [OK] AI Tashxisi: Normal
[Yuborilmoqda] Cow #3 | GPS: 44.0956, 59.3475
  -> [OK] AI Tashxisi: Normal
[Yuborilmoqda] Cow #4 | GPS: 44.1004, 59.3522
  -> [OK] AI Tashxisi: Ketoz / Acidosis
[Yuborilmoqda] Cow #5 | GPS: 44.0956, 59.3566
  -> [OK] AI Tashxisi: Normal
[Yuborilmoqda] Cow #6 | GPS: 44.1064, 59.3469
  -> [OK] AI Tashxisi: Mastit / Infeksiya
[Yuborilmoqda] Cow #7 | GPS: 44.1005, 59.3513
  -> [OK] AI Tashxisi: Mastit / Infeksiya
[Yuborilmoqda] Cow #8 | GPS: 44.1045, 59.3541
  -> [OK] AI Tashxisi: Normal
[Yuborilmoqda] Cow #9 | GPS: 44.0956, 59.3463
  -> [OK] AI Tashxisi: Normal
[Yuborilmoqda] Cow #10 | GPS: 44.0975, 59.3493
  -> [OK] AI Tashxisi: Normal
[Yuborilmoqda] Cow #11 | GPS: 44.0976, 59.3505
  -> [OK] AI Tashxisi: Normal
----------------------------------------
[Yuborilmoqda] Cow #1 | GPS: 44.0964, 59.3448
  -> [OK] AI Tashxisi: Normal
[Yuborilmoqda] Cow #2 | GPS: 44.1024, 59.3511
  -> [OK] AI Tashxisi: Normal
[Yuborilmoqda] Cow #3 | GPS: 44.0956, 59.3473
  -> [OK] AI Tashxisi: Normal
[Yuborilmoqda] Cow #4 | GPS: 44.1003, 59.3523
  -> [OK] AI Tashxisi: Ketoz / Acidosis
[Yuborilmoqda] Cow #5 | GPS: 44.0958, 59.3567
  -> [OK] AI Tashxisi: Normal
[Yuborilmoqda] Cow #6 | GPS: 44.1063, 59.347
  -> [OK] AI Tashxisi: Normal
[Yuborilmoqda] Cow #7 | GPS: 44.1004, 59.3512
  -> [OK] AI Tashxisi: Mastit / Infeksiya
[Yuborilmoqda] Cow #8 | GPS: 44.1047, 59.3541
  -> [OK] AI Tashxisi: Normal
[Yuborilmoqda] Cow #9 | GPS: 44.0955, 59.3463
  -> [OK] AI Tashxisi: Normal
[Yuborilmoqda] Cow #10 | GPS: 44.0973, 59.3493
  -> [OK] AI Tashxisi: Normal
[Yuborilmoqda] Cow #11 | GPS: 44.0975, 59.3505
  -> [OK] AI Tashxisi: Normal
----------------------------------------
[Yuborilmoqda] Cow #1 | GPS: 44.0966, 59.3446
  -> [OK] AI Tashxisi: Normal
[Yuborilmoqda] Cow #2 | GPS: 44.1025, 59.3512
  -> [OK] AI Tashxisi: Mastit / Infeksiya
[Yuborilmoqda] Cow #3 | GPS: 44.0956, 59.3473
  -> [OK] AI Tashxisi: Normal
[Yuborilmoqda] Cow #4 | GPS: 44.1004, 59.3522
  -> [OK] AI Tashxisi: Ketoz / Acidosis
[Yuborilmoqda] Cow #5 | GPS: 44.0957, 59.3566
  -> [OK] AI Tashxisi: Normal
[Yuborilmoqda] Cow #6 | GPS: 44.1064, 59.347
  -> [OK] AI Tashxisi: Mastit / Infeksiya
[Yuborilmoqda] Cow #7 | GPS: 44.1004, 59.3514
  -> [OK] AI Tashxisi: Mastit / Infeksiya
[Yuborilmoqda] Cow #8 | GPS: 44.1048, 59.3542
  -> [OK] AI Tashxisi: Normal
[Yuborilmoqda] Cow #9 | GPS: 44.0954, 59.3462
  -> [OK] AI Tashxisi: Normal
[Yuborilmoqda] Cow #10 | GPS: 44.0972, 59.3491
  -> [OK] AI Tashxisi: Normal
[Yuborilmoqda] Cow #11 | GPS: 44.0976, 59.3506
  -> [OK] AI Tashxisi: Normal
----------------------------------------
[Yuborilmoqda] Cow #1 | GPS: 44.0966, 59.3445
  -> [OK] AI Tashxisi: Normal
[Yuborilmoqda] Cow #2 | GPS: 44.1025, 59.3512
  -> [OK] AI Tashxisi: Normal
[Yuborilmoqda] Cow #3 | GPS: 44.0957, 59.3472
  -> [OK] AI Tashxisi: Normal
[Yuborilmoqda] Cow #4 | GPS: 44.1003, 59.3522
  -> [OK] AI Tashxisi: Ketoz / Acidosis
[Yuborilmoqda] Cow #5 | GPS: 44.0955, 59.3565
  -> [OK] AI Tashxisi: Normal
[Yuborilmoqda] Cow #6 | GPS: 44.1064, 59.3469
  -> [OK] AI Tashxisi: Normal
[Yuborilmoqda] Cow #7 | GPS: 44.1006, 59.3513
  -> [OK] AI Tashxisi: Mastit / Infeksiya
[Yuborilmoqda] Cow #8 | GPS: 44.1048, 59.3542
  -> [OK] AI Tashxisi: Normal
[Yuborilmoqda] Cow #9 | GPS: 44.0954, 59.3461
  -> [OK] AI Tashxisi: Normal
[Yuborilmoqda] Cow #10 | GPS: 44.097, 59.3489
  -> [OK] AI Tashxisi: Normal
[Yuborilmoqda] Cow #11 | GPS: 44.0975, 59.3507
  -> [OK] AI Tashxisi: Normal
----------------------------------------
[Yuborilmoqda] Cow #1 | GPS: 44.0966, 59.3445
  -> [OK] AI Tashxisi: Normal
[Yuborilmoqda] Cow #2 | GPS: 44.1026, 59.3514
  -> [OK] AI Tashxisi: Mastit / Infeksiya
[Yuborilmoqda] Cow #3 | GPS: 44.0958, 59.3473
  -> [OK] AI Tashxisi: Normal
[Yuborilmoqda] Cow #4 | GPS: 44.1003, 59.3523
  -> [OK] AI Tashxisi: Ketoz / Acidosis
[Yuborilmoqda] Cow #5 | GPS: 44.0957, 59.3564
  -> [OK] AI Tashxisi: Normal
[Yuborilmoqda] Cow #6 | GPS: 44.1065, 59.3469
  -> [OK] AI Tashxisi: Normal
[Yuborilmoqda] Cow #7 | GPS: 44.1004, 59.3512
  -> [OK] AI Tashxisi: Mastit / Infeksiya
[Yuborilmoqda] Cow #8 | GPS: 44.1047, 59.3543
  -> [OK] AI Tashxisi: Normal
[Yuborilmoqda] Cow #9 | GPS: 44.0953, 59.346
  -> [OK] AI Tashxisi: Normal
[Yuborilmoqda] Cow #10 | GPS: 44.0969, 59.3488
  -> [OK] AI Tashxisi: Normal
[Yuborilmoqda] Cow #11 | GPS: 44.0975, 59.3507
  -> [OK] AI Tashxisi: Normal
----------------------------------------
[Yuborilmoqda] Cow #1 | GPS: 44.0968, 59.3446
  -> [OK] AI Tashxisi: Normal
[Yuborilmoqda] Cow #2 | GPS: 44.1025, 59.3513
  -> [OK] AI Tashxisi: Normal
[Yuborilmoqda] Cow #3 | GPS: 44.0959, 59.3474
  -> [OK] AI Tashxisi: Normal
[Yuborilmoqda] Cow #4 | GPS: 44.1003, 59.3521
  -> [OK] AI Tashxisi: Ketoz / Acidosis
[Yuborilmoqda] Cow #5 | GPS: 44.0958, 59.3564
  -> [OK] AI Tashxisi: Normal
[Yuborilmoqda] Cow #6 | GPS: 44.1064, 59.3468
  -> [OK] AI Tashxisi: Normal
[Yuborilmoqda] Cow #7 | GPS: 44.1005, 59.3512
  -> [OK] AI Tashxisi: Mastit / Infeksiya
[Yuborilmoqda] Cow #8 | GPS: 44.1046, 59.3543
  -> [OK] AI Tashxisi: Normal
[Yuborilmoqda] Cow #9 | GPS: 44.0954, 59.3462
  -> [OK] AI Tashxisi: Normal
[Yuborilmoqda] Cow #10 | GPS: 44.0967, 59.3488
  -> [OK] AI Tashxisi: Normal
[Yuborilmoqda] Cow #11 | GPS: 44.0974, 59.3508
  -> [OK] AI Tashxisi: Normal
----------------------------------------
[Yuborilmoqda] Cow #1 | GPS: 44.0969, 59.3445
  -> [OK] AI Tashxisi: Normal
[Yuborilmoqda] Cow #2 | GPS: 44.1025, 59.3514
  -> [OK] AI Tashxisi: Normal
[Yuborilmoqda] Cow #3 | GPS: 44.0958, 59.3474
  -> [OK] AI Tashxisi: Normal
[Yuborilmoqda] Cow #4 | GPS: 44.1005, 59.3523
  -> [OK] AI Tashxisi: Ketoz / Acidosis
[Yuborilmoqda] Cow #5 | GPS: 44.0957, 59.3562
  -> [OK] AI Tashxisi: Normal
[Yuborilmoqda] Cow #6 | GPS: 44.1064, 59.3469
  -> [OK] AI Tashxisi: Normal
[Yuborilmoqda] Cow #7 | GPS: 44.1006, 59.3512
  -> [OK] AI Tashxisi: Mastit / Infeksiya
[Yuborilmoqda] Cow #8 | GPS: 44.1047, 59.3544
  -> [OK] AI Tashxisi: Normal
[Yuborilmoqda] Cow #9 | GPS: 44.0952, 59.3464
  -> [OK] AI Tashxisi: Normal
[Yuborilmoqda] Cow #10 | GPS: 44.0967, 59.349
  -> [OK] AI Tashxisi: Normal
[Yuborilmoqda] Cow #11 | GPS: 44.0975, 59.3509
  -> [OK] AI Tashxisi: Normal
----------------------------------------
[Yuborilmoqda] Cow #1 | GPS: 44.097, 59.3446
  -> [OK] AI Tashxisi: Normal
[Yuborilmoqda] Cow #2 | GPS: 44.1027, 59.3516
  -> [OK] AI Tashxisi: Mastit / Infeksiya
[Yuborilmoqda] Cow #3 | GPS: 44.0956, 59.3473
  -> [OK] AI Tashxisi: Normal
[Yuborilmoqda] Cow #4 | GPS: 44.1003, 59.3524
  -> [OK] AI Tashxisi: Ketoz / Acidosis
[Yuborilmoqda] Cow #5 | GPS: 44.0959, 59.3561
  -> [OK] AI Tashxisi: Normal
[Yuborilmoqda] Cow #6 | GPS: 44.1064, 59.3469
  -> [OK] AI Tashxisi: Normal
[Yuborilmoqda] Cow #7 | GPS: 44.1006, 59.3513
  -> [OK] AI Tashxisi: Mastit / Infeksiya
[Yuborilmoqda] Cow #8 | GPS: 44.1048, 59.3544
  -> [OK] AI Tashxisi: Normal
[Yuborilmoqda] Cow #9 | GPS: 44.0954, 59.3464
  -> [OK] AI Tashxisi: Normal
[Yuborilmoqda] Cow #10 | GPS: 44.0968, 59.3491
  -> [OK] AI Tashxisi: Normal
[Yuborilmoqda] Cow #11 | GPS: 44.0973, 59.3507
  -> [OK] AI Tashxisi: Normal
----------------------------------------
[Yuborilmoqda] Cow #1 | GPS: 44.0969, 59.3445
  -> [OK] AI Tashxisi: Normal
[Yuborilmoqda] Cow #2 | GPS: 44.1028, 59.3518
  -> [OK] AI Tashxisi: Normal
[Yuborilmoqda] Cow #3 | GPS: 44.0957, 59.3474
  -> [OK] AI Tashxisi: Mastit / Infeksiya
[Yuborilmoqda] Cow #4 | GPS: 44.1003, 59.3524
  -> [OK] AI Tashxisi: Ketoz / Acidosis
[Yuborilmoqda] Cow #5 | GPS: 44.0958, 59.3562
  -> [OK] AI Tashxisi: Normal
[Yuborilmoqda] Cow #6 | GPS: 44.1065, 59.3469
  -> [OK] AI Tashxisi: Normal
[Yuborilmoqda] Cow #7 | GPS: 44.1004, 59.3513
  -> [OK] AI Tashxisi: Mastit / Infeksiya
[Yuborilmoqda] Cow #8 | GPS: 44.1049, 59.3543
  -> [OK] AI Tashxisi: Normal
[Yuborilmoqda] Cow #9 | GPS: 44.0954, 59.3463
  -> [OK] AI Tashxisi: Normal
[Yuborilmoqda] Cow #10 | GPS: 44.097, 59.3491
  -> [OK] AI Tashxisi: Mastit / Infeksiya
[Yuborilmoqda] Cow #11 | GPS: 44.0971, 59.3506
  -> [OK] AI Tashxisi: Normal
----------------------------------------
[Yuborilmoqda] Cow #1 | GPS: 44.0968, 59.3443
  -> [OK] AI Tashxisi: Mastit / Infeksiya
[Yuborilmoqda] Cow #2 | GPS: 44.103, 59.3519
  -> [OK] AI Tashxisi: Normal
[Yuborilmoqda] Cow #3 | GPS: 44.0956, 59.3475
  -> [OK] AI Tashxisi: Normal
[Yuborilmoqda] Cow #4 | GPS: 44.1004, 59.3523
  -> [OK] AI Tashxisi: Ketoz / Acidosis
[Yuborilmoqda] Cow #5 | GPS: 44.0957, 59.3562
  -> [OK] AI Tashxisi: Normal
[Yuborilmoqda] Cow #6 | GPS: 44.1065, 59.3469
  -> [OK] AI Tashxisi: Normal
[Yuborilmoqda] Cow #7 | GPS: 44.1005, 59.3513
  -> [OK] AI Tashxisi: Mastit / Infeksiya
[Yuborilmoqda] Cow #8 | GPS: 44.1048, 59.3545
  -> [OK] AI Tashxisi: Normal
[Yuborilmoqda] Cow #9 | GPS: 44.0953, 59.3462
  -> [OK] AI Tashxisi: Mastit / Infeksiya
[Yuborilmoqda] Cow #10 | GPS: 44.097, 59.3492
  -> [OK] AI Tashxisi: Normal
[Yuborilmoqda] Cow #11 | GPS: 44.0972, 59.3506
  -> [OK] AI Tashxisi: Normal
----------------------------------------
[Yuborilmoqda] Cow #1 | GPS: 44.0966, 59.3442
  -> [OK] AI Tashxisi: Normal
[Yuborilmoqda] Cow #2 | GPS: 44.103, 59.3517
  -> [OK] AI Tashxisi: Normal
[Yuborilmoqda] Cow #3 | GPS: 44.0957, 59.3477
  -> [OK] AI Tashxisi: Normal
[Yuborilmoqda] Cow #4 | GPS: 44.1003, 59.3524
  -> [OK] AI Tashxisi: Ketoz / Acidosis
[Yuborilmoqda] Cow #5 | GPS: 44.0958, 59.3561
  -> [OK] AI Tashxisi: Normal
[Yuborilmoqda] Cow #6 | GPS: 44.1066, 59.3467
  -> [OK] AI Tashxisi: Normal
[Yuborilmoqda] Cow #7 | GPS: 44.1007, 59.3515
  -> [OK] AI Tashxisi: Mastit / Infeksiya
[Yuborilmoqda] Cow #8 | GPS: 44.1049, 59.3543
  -> [OK] AI Tashxisi: Normal
[Yuborilmoqda] Cow #9 | GPS: 44.0953, 59.3462
  -> [OK] AI Tashxisi: Normal
[Yuborilmoqda] Cow #10 | GPS: 44.0968, 59.3493
  -> [OK] AI Tashxisi: Normal
[Yuborilmoqda] Cow #11 | GPS: 44.0971, 59.3506
  -> [OK] AI Tashxisi: Normal
----------------------------------------
[Yuborilmoqda] Cow #1 | GPS: 44.0968, 59.3442
  -> [OK] AI Tashxisi: Normal
[Yuborilmoqda] Cow #2 | GPS: 44.1029, 59.3519
  -> [OK] AI Tashxisi: Normal
[Yuborilmoqda] Cow #3 | GPS: 44.0958, 59.3478
  -> [OK] AI Tashxisi: Normal
[Yuborilmoqda] Cow #4 | GPS: 44.1005, 59.3522
  -> [OK] AI Tashxisi: Ketoz / Acidosis
[Yuborilmoqda] Cow #5 | GPS: 44.0957, 59.356
  -> [OK] AI Tashxisi: Normal
[Yuborilmoqda] Cow #6 | GPS: 44.1065, 59.3468
  -> [OK] AI Tashxisi: Normal
[Yuborilmoqda] Cow #7 | GPS: 44.1005, 59.3514
  -> [OK] AI Tashxisi: Mastit / Infeksiya
[Yuborilmoqda] Cow #8 | GPS: 44.1051, 59.3542
  -> [OK] AI Tashxisi: Normal
[Yuborilmoqda] Cow #9 | GPS: 44.0952, 59.3463
  -> [OK] AI Tashxisi: Normal
[Yuborilmoqda] Cow #10 | GPS: 44.0967, 59.3492
  -> [OK] AI Tashxisi: Normal
[Yuborilmoqda] Cow #11 | GPS: 44.0971, 59.3505
  -> [OK] AI Tashxisi: Normal
----------------------------------------
[Yuborilmoqda] Cow #1 | GPS: 44.0969, 59.3441
  -> [OK] AI Tashxisi: Normal
[Yuborilmoqda] Cow #2 | GPS: 44.103, 59.3519
  -> [OK] AI Tashxisi: Mastit / Infeksiya
[Yuborilmoqda] Cow #3 | GPS: 44.0957, 59.3476
  -> [OK] AI Tashxisi: Normal
[Yuborilmoqda] Cow #4 | GPS: 44.1004, 59.3523
  -> [OK] AI Tashxisi: Ketoz / Acidosis
[Yuborilmoqda] Cow #5 | GPS: 44.0958, 59.3561
  -> [OK] AI Tashxisi: Normal
[Yuborilmoqda] Cow #6 | GPS: 44.1064, 59.3469
  -> [OK] AI Tashxisi: Normal
[Yuborilmoqda] Cow #7 | GPS: 44.1005, 59.3515
  -> [OK] AI Tashxisi: Mastit / Infeksiya
[Yuborilmoqda] Cow #8 | GPS: 44.1051, 59.3543
  -> [OK] AI Tashxisi: Normal
[Yuborilmoqda] Cow #9 | GPS: 44.0952, 59.3465
  -> [OK] AI Tashxisi: Normal
[Yuborilmoqda] Cow #10 | GPS: 44.0968, 59.3492
  -> [OK] AI Tashxisi: Normal
[Yuborilmoqda] Cow #11 | GPS: 44.097, 59.3505
  -> [OK] AI Tashxisi: Mastit / Infeksiya
----------------------------------------
[Yuborilmoqda] Cow #1 | GPS: 44.0969, 59.344
  -> [OK] AI Tashxisi: Normal
[Yuborilmoqda] Cow #2 | GPS: 44.1029, 59.3519
  -> [OK] AI Tashxisi: Normal
[Yuborilmoqda] Cow #3 | GPS: 44.0957, 59.3475
  -> [OK] AI Tashxisi: Normal
[Yuborilmoqda] Cow #4 | GPS: 44.1003, 59.3522
  -> [OK] AI Tashxisi: Ketoz / Acidosis
[Yuborilmoqda] Cow #5 | GPS: 44.096, 59.3561
  -> [OK] AI Tashxisi: Normal
[Yuborilmoqda] Cow #6 | GPS: 44.1062, 59.347
  -> [OK] AI Tashxisi: Normal
[Yuborilmoqda] Cow #7 | GPS: 44.1007, 59.3516
  -> [OK] AI Tashxisi: Mastit / Infeksiya
[Yuborilmoqda] Cow #8 | GPS: 44.105, 59.3544
  -> [OK] AI Tashxisi: Normal
[Yuborilmoqda] Cow #9 | GPS: 44.0951, 59.3464
  -> [OK] AI Tashxisi: Normal
[Yuborilmoqda] Cow #10 | GPS: 44.0969, 59.3491
  -> [OK] AI Tashxisi: Normal
[Yuborilmoqda] Cow #11 | GPS: 44.097, 59.3506
  -> [OK] AI Tashxisi: Normal
----------------------------------------
[Yuborilmoqda] Cow #1 | GPS: 44.0969, 59.3442
  -> [OK] AI Tashxisi: Normal
[Yuborilmoqda] Cow #2 | GPS: 44.103, 59.3518
  -> [OK] AI Tashxisi: Normal
[Yuborilmoqda] Cow #3 | GPS: 44.0958, 59.3474
  -> [OK] AI Tashxisi: Normal
[Yuborilmoqda] Cow #4 | GPS: 44.1004, 59.3521
  -> [OK] AI Tashxisi: Ketoz / Acidosis
[Yuborilmoqda] Cow #5 | GPS: 44.096, 59.3561
  -> [OK] AI Tashxisi: Normal
[Yuborilmoqda] Cow #6 | GPS: 44.106, 59.3471
  -> [OK] AI Tashxisi: Normal
[Yuborilmoqda] Cow #7 | GPS: 44.1007, 59.3517
  -> [OK] AI Tashxisi: Mastit / Infeksiya
[Yuborilmoqda] Cow #8 | GPS: 44.1048, 59.3545
  -> [OK] AI Tashxisi: Normal
[Yuborilmoqda] Cow #9 | GPS: 44.0953, 59.3466
  -> [OK] AI Tashxisi: Normal
[Yuborilmoqda] Cow #10 | GPS: 44.0967, 59.3491
  -> [OK] AI Tashxisi: Normal
[Yuborilmoqda] Cow #11 | GPS: 44.0969, 59.3507
  -> [OK] AI Tashxisi: Normal
----------------------------------------
[Yuborilmoqda] Cow #1 | GPS: 44.0967, 59.3444
  -> [OK] AI Tashxisi: Normal
[Yuborilmoqda] Cow #2 | GPS: 44.1032, 59.3518
  -> [OK] AI Tashxisi: Normal
[Yuborilmoqda] Cow #3 | GPS: 44.0959, 59.3472
  -> [OK] AI Tashxisi: Normal
[Yuborilmoqda] Cow #4 | GPS: 44.1003, 59.352
  -> [OK] AI Tashxisi: Ketoz / Acidosis
[Yuborilmoqda] Cow #5 | GPS: 44.0959, 59.356
  -> [OK] AI Tashxisi: Normal
[Yuborilmoqda] Cow #6 | GPS: 44.1062, 59.347
  -> [OK] AI Tashxisi: Normal
[Yuborilmoqda] Cow #7 | GPS: 44.1005, 59.3517
  -> [OK] AI Tashxisi: Mastit / Infeksiya
[Yuborilmoqda] Cow #8 | GPS: 44.1048, 59.3546
  -> [OK] AI Tashxisi: Normal
[Yuborilmoqda] Cow #9 | GPS: 44.0951, 59.3466
  -> [OK] AI Tashxisi: Normal
[Yuborilmoqda] Cow #10 | GPS: 44.0967, 59.3492
  -> [OK] AI Tashxisi: Normal
[Yuborilmoqda] Cow #11 | GPS: 44.0971, 59.3508
  -> [OK] AI Tashxisi: Normal
----------------------------------------
[Yuborilmoqda] Cow #1 | GPS: 44.0969, 59.3444
  -> [OK] AI Tashxisi: Normal
[Yuborilmoqda] Cow #2 | GPS: 44.1032, 59.3519
  -> [OK] AI Tashxisi: Normal
[Yuborilmoqda] Cow #3 | GPS: 44.0957, 59.3474
  -> [OK] AI Tashxisi: Normal
[Yuborilmoqda] Cow #4 | GPS: 44.1002, 59.3518
  -> [OK] AI Tashxisi: Ketoz / Acidosis
[Yuborilmoqda] Cow #5 | GPS: 44.096, 59.3559
  -> [OK] AI Tashxisi: Normal
[Yuborilmoqda] Cow #6 | GPS: 44.1061, 59.3468
  -> [OK] AI Tashxisi: Normal
[Yuborilmoqda] Cow #7 | GPS: 44.1004, 59.3519
  -> [OK] AI Tashxisi: Mastit / Infeksiya
[Yuborilmoqda] Cow #8 | GPS: 44.1049, 59.3546
  -> [OK] AI Tashxisi: Normal
[Yuborilmoqda] Cow #9 | GPS: 44.095, 59.3466
  -> [OK] AI Tashxisi: Normal
[Yuborilmoqda] Cow #10 | GPS: 44.0969, 59.349
  -> [OK] AI Tashxisi: Normal
[Yuborilmoqda] Cow #11 | GPS: 44.0973, 59.3509
  -> [OK] AI Tashxisi: Normal
----------------------------------------
[Yuborilmoqda] Cow #1 | GPS: 44.0967, 59.3443
  -> [OK] AI Tashxisi: Normal
[Yuborilmoqda] Cow #2 | GPS: 44.103, 59.3519
  -> [OK] AI Tashxisi: Normal
[Yuborilmoqda] Cow #3 | GPS: 44.0958, 59.3472
  -> [OK] AI Tashxisi: Normal
[Yuborilmoqda] Cow #4 | GPS: 44.1003, 59.3516
  -> [OK] AI Tashxisi: Ketoz / Acidosis
[Yuborilmoqda] Cow #5 | GPS: 44.0962, 59.3559
  -> [OK] AI Tashxisi: Normal
[Yuborilmoqda] Cow #6 | GPS: 44.1062, 59.3467
  -> [OK] AI Tashxisi: Normal
[Yuborilmoqda] Cow #7 | GPS: 44.1003, 59.3519
  -> [OK] AI Tashxisi: Mastit / Infeksiya
[Yuborilmoqda] Cow #8 | GPS: 44.1049, 59.3546
  -> [OK] AI Tashxisi: Normal
[Yuborilmoqda] Cow #9 | GPS: 44.095, 59.3467
  -> [OK] AI Tashxisi: Normal
[Yuborilmoqda] Cow #10 | GPS: 44.0967, 59.3489
  -> [OK] AI Tashxisi: Normal
[Yuborilmoqda] Cow #11 | GPS: 44.0972, 59.3507
  -> [OK] AI Tashxisi: Normal
----------------------------------------
[Yuborilmoqda] Cow #1 | GPS: 44.0966, 59.3444
  -> [OK] AI Tashxisi: Normal
[Yuborilmoqda] Cow #2 | GPS: 44.1031, 59.3521
  -> [OK] AI Tashxisi: Normal
[Yuborilmoqda] Cow #3 | GPS: 44.0958, 59.3472
  -> [OK] AI Tashxisi: Normal
[Yuborilmoqda] Cow #4 | GPS: 44.1002, 59.3517
  -> [OK] AI Tashxisi: Ketoz / Acidosis
[Yuborilmoqda] Cow #5 | GPS: 44.0964, 59.3558
  -> [OK] AI Tashxisi: Normal
[Yuborilmoqda] Cow #6 | GPS: 44.1064, 59.3469
  -> [OK] AI Tashxisi: Mastit / Infeksiya
[Yuborilmoqda] Cow #7 | GPS: 44.1003, 59.3521
  -> [OK] AI Tashxisi: Mastit / Infeksiya
[Yuborilmoqda] Cow #8 | GPS: 44.1049, 59.3544
  -> [OK] AI Tashxisi: Normal
[Yuborilmoqda] Cow #9 | GPS: 44.095, 59.3465
  -> [OK] AI Tashxisi: Normal
[Yuborilmoqda] Cow #10 | GPS: 44.0966, 59.349
  -> [OK] AI Tashxisi: Normal
[Yuborilmoqda] Cow #11 | GPS: 44.0972, 59.3506
  -> [OK] AI Tashxisi: Normal
----------------------------------------
[Yuborilmoqda] Cow #1 | GPS: 44.0965, 59.3445
  -> [OK] AI Tashxisi: Normal
[Yuborilmoqda] Cow #2 | GPS: 44.103, 59.3521
  -> [OK] AI Tashxisi: Normal
[Yuborilmoqda] Cow #3 | GPS: 44.0958, 59.347
  -> [OK] AI Tashxisi: Normal
[Yuborilmoqda] Cow #4 | GPS: 44.1004, 59.3516
  -> [OK] AI Tashxisi: Ketoz / Acidosis
[Yuborilmoqda] Cow #5 | GPS: 44.0963, 59.3558
  -> [OK] AI Tashxisi: Normal
[Yuborilmoqda] Cow #6 | GPS: 44.1065, 59.3468
  -> [OK] AI Tashxisi: Normal
[Yuborilmoqda] Cow #7 | GPS: 44.1005, 59.3523
  -> [OK] AI Tashxisi: Mastit / Infeksiya
[Yuborilmoqda] Cow #8 | GPS: 44.1049, 59.3546
  -> [OK] AI Tashxisi: Normal
[Yuborilmoqda] Cow #9 | GPS: 44.0949, 59.3465
  -> [OK] AI Tashxisi: Normal
[Yuborilmoqda] Cow #10 | GPS: 44.0964, 59.3489
  -> [OK] AI Tashxisi: Normal
[Yuborilmoqda] Cow #11 | GPS: 44.0974, 59.3506
  -> [OK] AI Tashxisi: Normal
----------------------------------------
[Yuborilmoqda] Cow #1 | GPS: 44.0967, 59.3445
  -> [OK] AI Tashxisi: Normal
[Yuborilmoqda] Cow #2 | GPS: 44.103, 59.3519
  -> [OK] AI Tashxisi: Normal
[Yuborilmoqda] Cow #3 | GPS: 44.0959, 59.347
  -> [OK] AI Tashxisi: Normal
[Yuborilmoqda] Cow #4 | GPS: 44.1004, 59.3515
  -> [OK] AI Tashxisi: Ketoz / Acidosis
[Yuborilmoqda] Cow #5 | GPS: 44.0963, 59.356
  -> [OK] AI Tashxisi: Normal
[Yuborilmoqda] Cow #6 | GPS: 44.1067, 59.3467
  -> [OK] AI Tashxisi: Normal
[Yuborilmoqda] Cow #7 | GPS: 44.1004, 59.3524
  -> [OK] AI Tashxisi: Mastit / Infeksiya
[Yuborilmoqda] Cow #8 | GPS: 44.1049, 59.3545
  -> [OK] AI Tashxisi: Normal
[Yuborilmoqda] Cow #9 | GPS: 44.0949, 59.3467
  -> [OK] AI Tashxisi: Normal
[Yuborilmoqda] Cow #10 | GPS: 44.0963, 59.3487
  -> [OK] AI Tashxisi: Normal
[Yuborilmoqda] Cow #11 | GPS: 44.0974, 59.3504
  -> [OK] AI Tashxisi: Normal
----------------------------------------
[Yuborilmoqda] Cow #1 | GPS: 44.0968, 59.3444
  -> [OK] AI Tashxisi: Normal
[Yuborilmoqda] Cow #2 | GPS: 44.1029, 59.3521
  -> [OK] AI Tashxisi: Normal
[Yuborilmoqda] Cow #3 | GPS: 44.0957, 59.3472
  -> [OK] AI Tashxisi: Normal
[Yuborilmoqda] Cow #4 | GPS: 44.1006, 59.3515
  -> [OK] AI Tashxisi: Ketoz / Acidosis
[Yuborilmoqda] Cow #5 | GPS: 44.0964, 59.3562
  -> [OK] AI Tashxisi: Normal
[Yuborilmoqda] Cow #6 | GPS: 44.1065, 59.3466
  -> [OK] AI Tashxisi: Mastit / Infeksiya
[Yuborilmoqda] Cow #7 | GPS: 44.1003, 59.3524
  -> [OK] AI Tashxisi: Mastit / Infeksiya
[Yuborilmoqda] Cow #8 | GPS: 44.1047, 59.3544
  -> [OK] AI Tashxisi: Normal
[Yuborilmoqda] Cow #9 | GPS: 44.0948, 59.3465
  -> [OK] AI Tashxisi: Normal
[Yuborilmoqda] Cow #10 | GPS: 44.0963, 59.3489
  -> [OK] AI Tashxisi: Normal
[Yuborilmoqda] Cow #11 | GPS: 44.0972, 59.3505
  -> [OK] AI Tashxisi: Normal
----------------------------------------
[Yuborilmoqda] Cow #1 | GPS: 44.0968, 59.3442
  -> [OK] AI Tashxisi: Normal
[Yuborilmoqda] Cow #2 | GPS: 44.1028, 59.352
  -> [OK] AI Tashxisi: Normal
[Yuborilmoqda] Cow #3 | GPS: 44.0959, 59.347
  -> [OK] AI Tashxisi: Normal
[Yuborilmoqda] Cow #4 | GPS: 44.1006, 59.3514
  -> [OK] AI Tashxisi: Ketoz / Acidosis
[Yuborilmoqda] Cow #5 | GPS: 44.0965, 59.3561
  -> [OK] AI Tashxisi: Normal
[Yuborilmoqda] Cow #6 | GPS: 44.1064, 59.3465
  -> [OK] AI Tashxisi: Normal
[Yuborilmoqda] Cow #7 | GPS: 44.1004, 59.3524
  -> [OK] AI Tashxisi: Mastit / Infeksiya
[Yuborilmoqda] Cow #8 | GPS: 44.1048, 59.3543
  -> [OK] AI Tashxisi: Normal
[Yuborilmoqda] Cow #9 | GPS: 44.095, 59.3465
  -> [OK] AI Tashxisi: Normal
[Yuborilmoqda] Cow #10 | GPS: 44.0962, 59.3488
  -> [OK] AI Tashxisi: Normal
[Yuborilmoqda] Cow #11 | GPS: 44.0972, 59.3507
  -> [OK] AI Tashxisi: Normal
----------------------------------------
[Yuborilmoqda] Cow #1 | GPS: 44.097, 59.3442
  -> [OK] AI Tashxisi: Normal
[Yuborilmoqda] Cow #2 | GPS: 44.1027, 59.3522
  -> [OK] AI Tashxisi: Normal
[Yuborilmoqda] Cow #3 | GPS: 44.0957, 59.3472
  -> [OK] AI Tashxisi: Normal
[Yuborilmoqda] Cow #4 | GPS: 44.1006, 59.3516
  -> [OK] AI Tashxisi: Ketoz / Acidosis
[Yuborilmoqda] Cow #5 | GPS: 44.0963, 59.3559
  -> [OK] AI Tashxisi: Normal
[Yuborilmoqda] Cow #6 | GPS: 44.1064, 59.3465
  -> [OK] AI Tashxisi: Normal
[Yuborilmoqda] Cow #7 | GPS: 44.1003, 59.3525
  -> [OK] AI Tashxisi: Mastit / Infeksiya
[Yuborilmoqda] Cow #8 | GPS: 44.1046, 59.3543
  -> [OK] AI Tashxisi: Normal
[Yuborilmoqda] Cow #9 | GPS: 44.0949, 59.3465
  -> [OK] AI Tashxisi: Normal
[Yuborilmoqda] Cow #10 | GPS: 44.0961, 59.3488
  -> [OK] AI Tashxisi: Normal
[Yuborilmoqda] Cow #11 | GPS: 44.097, 59.3507
  -> [OK] AI Tashxisi: Normal
----------------------------------------
[Yuborilmoqda] Cow #1 | GPS: 44.0969, 59.3442
  -> [OK] AI Tashxisi: Normal
[Yuborilmoqda] Cow #2 | GPS: 44.1028, 59.3523
  -> [OK] AI Tashxisi: Normal
[Yuborilmoqda] Cow #3 | GPS: 44.0957, 59.3472
  -> [OK] AI Tashxisi: Normal
[Yuborilmoqda] Cow #4 | GPS: 44.1007, 59.3515
  -> [OK] AI Tashxisi: Ketoz / Acidosis
[Yuborilmoqda] Cow #5 | GPS: 44.0964, 59.356
  -> [OK] AI Tashxisi: Normal
[Yuborilmoqda] Cow #6 | GPS: 44.1063, 59.3465
  -> [OK] AI Tashxisi: Normal
[Yuborilmoqda] Cow #7 | GPS: 44.1001, 59.3523
  -> [OK] AI Tashxisi: Mastit / Infeksiya
[Yuborilmoqda] Cow #8 | GPS: 44.1047, 59.3542
  -> [OK] AI Tashxisi: Normal
[Yuborilmoqda] Cow #9 | GPS: 44.095, 59.3463
  -> [OK] AI Tashxisi: Normal
[Yuborilmoqda] Cow #10 | GPS: 44.096, 59.3488
  -> [OK] AI Tashxisi: Normal
[Yuborilmoqda] Cow #11 | GPS: 44.0969, 59.3506
  -> [OK] AI Tashxisi: Normal
----------------------------------------
[Yuborilmoqda] Cow #1 | GPS: 44.0968, 59.3443
  -> [OK] AI Tashxisi: Normal
[Yuborilmoqda] Cow #2 | GPS: 44.103, 59.3522
  -> [OK] AI Tashxisi: Normal
[Yuborilmoqda] Cow #3 | GPS: 44.0956, 59.347
  -> [OK] AI Tashxisi: Normal
[Yuborilmoqda] Cow #4 | GPS: 44.1006, 59.3514
  -> [OK] AI Tashxisi: Ketoz / Acidosis
[Yuborilmoqda] Cow #5 | GPS: 44.0964, 59.3561
  -> [OK] AI Tashxisi: Normal
[Yuborilmoqda] Cow #6 | GPS: 44.1064, 59.3464
  -> [OK] AI Tashxisi: Normal
[Yuborilmoqda] Cow #7 | GPS: 44.1002, 59.3525
  -> [OK] AI Tashxisi: Mastit / Infeksiya
[Yuborilmoqda] Cow #8 | GPS: 44.1046, 59.3544
  -> [OK] AI Tashxisi: Normal
[Yuborilmoqda] Cow #9 | GPS: 44.0948, 59.3462
  -> [OK] AI Tashxisi: Normal
[Yuborilmoqda] Cow #10 | GPS: 44.0959, 59.3488
  -> [OK] AI Tashxisi: Normal
[Yuborilmoqda] Cow #11 | GPS: 44.0969, 59.3505
  -> [OK] AI Tashxisi: Normal
----------------------------------------
[Yuborilmoqda] Cow #1 | GPS: 44.0968, 59.3441
  -> [OK] AI Tashxisi: Normal
[Yuborilmoqda] Cow #2 | GPS: 44.1029, 59.3522
  -> [OK] AI Tashxisi: Normal
[Yuborilmoqda] Cow #3 | GPS: 44.0954, 59.3472
  -> [OK] AI Tashxisi: Normal
[Yuborilmoqda] Cow #4 | GPS: 44.1005, 59.3513
  -> [OK] AI Tashxisi: Ketoz / Acidosis
[Yuborilmoqda] Cow #5 | GPS: 44.0964, 59.3562
  -> [OK] AI Tashxisi: Normal
[Yuborilmoqda] Cow #6 | GPS: 44.1062, 59.3464
  -> [OK] AI Tashxisi: Normal
[Yuborilmoqda] Cow #7 | GPS: 44.1, 59.3526
  -> [OK] AI Tashxisi: Mastit / Infeksiya
[Yuborilmoqda] Cow #8 | GPS: 44.1047, 59.3544
  -> [OK] AI Tashxisi: Normal
[Yuborilmoqda] Cow #9 | GPS: 44.095, 59.3463
  -> [OK] AI Tashxisi: Mastit / Infeksiya
[Yuborilmoqda] Cow #10 | GPS: 44.0959, 59.3488
  -> [OK] AI Tashxisi: Normal
[Yuborilmoqda] Cow #11 | GPS: 44.0968, 59.3506
  -> [OK] AI Tashxisi: Normal
----------------------------------------
[Yuborilmoqda] Cow #1 | GPS: 44.0969, 59.344
  -> [OK] AI Tashxisi: Normal
[Yuborilmoqda] Cow #2 | GPS: 44.1029, 59.3522
  -> [OK] AI Tashxisi: Normal
[Yuborilmoqda] Cow #3 | GPS: 44.0953, 59.3471
  -> [OK] AI Tashxisi: Normal
[Yuborilmoqda] Cow #4 | GPS: 44.1006, 59.3515
  -> [OK] AI Tashxisi: Ketoz / Acidosis
[Yuborilmoqda] Cow #5 | GPS: 44.0965, 59.356
  -> [OK] AI Tashxisi: Normal
[Yuborilmoqda] Cow #6 | GPS: 44.1062, 59.3465
  -> [OK] AI Tashxisi: Normal
[Yuborilmoqda] Cow #7 | GPS: 44.1001, 59.3525
  -> [OK] AI Tashxisi: Mastit / Infeksiya
[Yuborilmoqda] Cow #8 | GPS: 44.1045, 59.3543
  -> [OK] AI Tashxisi: Normal
[Yuborilmoqda] Cow #9 | GPS: 44.0951, 59.3463
  -> [OK] AI Tashxisi: Normal
[Yuborilmoqda] Cow #10 | GPS: 44.0961, 59.3487
  -> [OK] AI Tashxisi: Normal
[Yuborilmoqda] Cow #11 | GPS: 44.0966, 59.3507
  -> [OK] AI Tashxisi: Normal
----------------------------------------
[Yuborilmoqda] Cow #1 | GPS: 44.097, 59.3439
  -> [OK] AI Tashxisi: Normal
[Yuborilmoqda] Cow #2 | GPS: 44.1031, 59.3521
  -> [OK] AI Tashxisi: Normal
[Yuborilmoqda] Cow #3 | GPS: 44.0952, 59.3472
  -> [OK] AI Tashxisi: Normal
[Yuborilmoqda] Cow #4 | GPS: 44.1006, 59.3515
  -> [OK] AI Tashxisi: Ketoz / Acidosis
[Yuborilmoqda] Cow #5 | GPS: 44.0966, 59.3559
  -> [OK] AI Tashxisi: Normal
[Yuborilmoqda] Cow #6 | GPS: 44.1062, 59.3464
  -> [OK] AI Tashxisi: Normal
[Yuborilmoqda] Cow #7 | GPS: 44.1001, 59.3526
  -> [OK] AI Tashxisi: Mastit / Infeksiya
[Yuborilmoqda] Cow #8 | GPS: 44.1043, 59.3542
  -> [OK] AI Tashxisi: Normal
[Yuborilmoqda] Cow #9 | GPS: 44.0951, 59.3463
  -> [OK] AI Tashxisi: Normal
[Yuborilmoqda] Cow #10 | GPS: 44.0963, 59.3486
  -> [OK] AI Tashxisi: Normal
[Yuborilmoqda] Cow #11 | GPS: 44.0966, 59.3508
  -> [OK] AI Tashxisi: Normal
----------------------------------------
[Yuborilmoqda] Cow #1 | GPS: 44.097, 59.3439
  -> [OK] AI Tashxisi: Normal
[Yuborilmoqda] Cow #2 | GPS: 44.1033, 59.352
  -> [OK] AI Tashxisi: Normal
[Yuborilmoqda] Cow #3 | GPS: 44.0953, 59.3471
  -> [OK] AI Tashxisi: Normal
[Yuborilmoqda] Cow #4 | GPS: 44.1005, 59.3516
  -> [OK] AI Tashxisi: Ketoz / Acidosis
[Yuborilmoqda] Cow #5 | GPS: 44.0966, 59.3558
  -> [OK] AI Tashxisi: Normal
[Yuborilmoqda] Cow #6 | GPS: 44.1063, 59.3465
  -> [OK] AI Tashxisi: Normal
[Yuborilmoqda] Cow #7 | GPS: 44.1001, 59.3527
  -> [OK] AI Tashxisi: Mastit / Infeksiya
[Yuborilmoqda] Cow #8 | GPS: 44.1044, 59.3541
  -> [OK] AI Tashxisi: Normal
[Yuborilmoqda] Cow #9 | GPS: 44.0952, 59.3461
  -> [OK] AI Tashxisi: Normal
[Yuborilmoqda] Cow #10 | GPS: 44.0964, 59.3485
  -> [OK] AI Tashxisi: Normal
[Yuborilmoqda] Cow #11 | GPS: 44.0966, 59.3506
  -> [OK] AI Tashxisi: Normal
----------------------------------------
[Yuborilmoqda] Cow #1 | GPS: 44.097, 59.3437
  -> [OK] AI Tashxisi: Normal
[Yuborilmoqda] Cow #2 | GPS: 44.1035, 59.3521
  -> [OK] AI Tashxisi: Normal
[Yuborilmoqda] Cow #3 | GPS: 44.0953, 59.347
  -> [OK] AI Tashxisi: Normal
[Yuborilmoqda] Cow #4 | GPS: 44.1005, 59.3514
  -> [OK] AI Tashxisi: Ketoz / Acidosis
[Yuborilmoqda] Cow #5 | GPS: 44.0965, 59.3559
  -> [OK] AI Tashxisi: Normal
[Yuborilmoqda] Cow #6 | GPS: 44.1063, 59.3466
  -> [OK] AI Tashxisi: Normal
[Yuborilmoqda] Cow #7 | GPS: 44.1001, 59.3526
  -> [OK] AI Tashxisi: Mastit / Infeksiya
[Yuborilmoqda] Cow #8 | GPS: 44.1042, 59.3543
  -> [OK] AI Tashxisi: Normal
[Yuborilmoqda] Cow #9 | GPS: 44.095, 59.346
  -> [OK] AI Tashxisi: Normal
[Yuborilmoqda] Cow #10 | GPS: 44.0963, 59.3484
  -> [OK] AI Tashxisi: Normal
[Yuborilmoqda] Cow #11 | GPS: 44.0964, 59.3506
  -> [OK] AI Tashxisi: Normal
----------------------------------------
[Yuborilmoqda] Cow #1 | GPS: 44.0971, 59.3439
  -> [OK] AI Tashxisi: Normal
[Yuborilmoqda] Cow #2 | GPS: 44.1033, 59.3522
  -> [OK] AI Tashxisi: Normal
[Yuborilmoqda] Cow #3 | GPS: 44.0952, 59.3469
  -> [OK] AI Tashxisi: Normal
[Yuborilmoqda] Cow #4 | GPS: 44.1006, 59.3514
  -> [OK] AI Tashxisi: Ketoz / Acidosis
[Yuborilmoqda] Cow #5 | GPS: 44.0967, 59.3559
  -> [OK] AI Tashxisi: Normal
[Yuborilmoqda] Cow #6 | GPS: 44.1061, 59.3465
  -> [OK] AI Tashxisi: Normal
[Yuborilmoqda] Cow #7 | GPS: 44.1002, 59.3524
  -> [OK] AI Tashxisi: Mastit / Infeksiya
[Yuborilmoqda] Cow #8 | GPS: 44.1042, 59.3544
  -> [OK] AI Tashxisi: Normal
[Yuborilmoqda] Cow #9 | GPS: 44.0949, 59.3461
  -> [OK] AI Tashxisi: Normal
[Yuborilmoqda] Cow #10 | GPS: 44.0962, 59.3482
  -> [OK] AI Tashxisi: Normal
[Yuborilmoqda] Cow #11 | GPS: 44.0963, 59.3505
  -> [OK] AI Tashxisi: Normal
----------------------------------------
[Yuborilmoqda] Cow #1 | GPS: 44.0972, 59.3439
  -> [OK] AI Tashxisi: Normal
[Yuborilmoqda] Cow #2 | GPS: 44.1031, 59.3522
  -> [OK] AI Tashxisi: Normal
[Yuborilmoqda] Cow #3 | GPS: 44.0952, 59.3467
  -> [OK] AI Tashxisi: Normal
[Yuborilmoqda] Cow #4 | GPS: 44.1006, 59.3515
  -> [OK] AI Tashxisi: Ketoz / Acidosis
[Yuborilmoqda] Cow #5 | GPS: 44.0968, 59.3559
  -> [OK] AI Tashxisi: Normal
[Yuborilmoqda] Cow #6 | GPS: 44.1063, 59.3467
  -> [OK] AI Tashxisi: Normal
[Yuborilmoqda] Cow #7 | GPS: 44.1002, 59.3523
  -> [OK] AI Tashxisi: Mastit / Infeksiya
[Yuborilmoqda] Cow #8 | GPS: 44.1043, 59.3542
  -> [OK] AI Tashxisi: Normal
[Yuborilmoqda] Cow #9 | GPS: 44.095, 59.3461
  -> [OK] AI Tashxisi: Mastit / Infeksiya
[Yuborilmoqda] Cow #10 | GPS: 44.0962, 59.3483
  -> [OK] AI Tashxisi: Normal
[Yuborilmoqda] Cow #11 | GPS: 44.0964, 59.3504
  -> [OK] AI Tashxisi: Normal
----------------------------------------
[Yuborilmoqda] Cow #1 | GPS: 44.0973, 59.3437
  -> [OK] AI Tashxisi: Normal
[Yuborilmoqda] Cow #2 | GPS: 44.103, 59.3522
  -> [OK] AI Tashxisi: Normal
[Yuborilmoqda] Cow #3 | GPS: 44.095, 59.3468
  -> [OK] AI Tashxisi: Normal
[Yuborilmoqda] Cow #4 | GPS: 44.1008, 59.3517
  -> [OK] AI Tashxisi: Ketoz / Acidosis
[Yuborilmoqda] Cow #5 | GPS: 44.0967, 59.356
  -> [OK] AI Tashxisi: Normal
[Yuborilmoqda] Cow #6 | GPS: 44.1063, 59.3468
  -> [OK] AI Tashxisi: Normal
[Yuborilmoqda] Cow #7 | GPS: 44.1004, 59.3523
  -> [OK] AI Tashxisi: Mastit / Infeksiya
[Yuborilmoqda] Cow #8 | GPS: 44.1042, 59.3544
  -> [OK] AI Tashxisi: Normal
[Yuborilmoqda] Cow #9 | GPS: 44.095, 59.3463
  -> [OK] AI Tashxisi: Normal
[Yuborilmoqda] Cow #10 | GPS: 44.0963, 59.3483
  -> [OK] AI Tashxisi: Normal
[Yuborilmoqda] Cow #11 | GPS: 44.0963, 59.3505
  -> [OK] AI Tashxisi: Normal
----------------------------------------
[Yuborilmoqda] Cow #1 | GPS: 44.0973, 59.3437
  -> [OK] AI Tashxisi: Normal
[Yuborilmoqda] Cow #2 | GPS: 44.1031, 59.3521
  -> [OK] AI Tashxisi: Normal
[Yuborilmoqda] Cow #3 | GPS: 44.0952, 59.347
  -> [OK] AI Tashxisi: Normal
[Yuborilmoqda] Cow #4 | GPS: 44.1007, 59.3516
  -> [OK] AI Tashxisi: Ketoz / Acidosis
[Yuborilmoqda] Cow #5 | GPS: 44.0966, 59.3558
  -> [OK] AI Tashxisi: Normal
[Yuborilmoqda] Cow #6 | GPS: 44.1062, 59.3468
  -> [OK] AI Tashxisi: Normal
[Yuborilmoqda] Cow #7 | GPS: 44.1003, 59.3521
  -> [OK] AI Tashxisi: Mastit / Infeksiya
[Yuborilmoqda] Cow #8 | GPS: 44.1041, 59.3542
  -> [OK] AI Tashxisi: Mastit / Infeksiya
[Yuborilmoqda] Cow #9 | GPS: 44.0951, 59.3464
  -> [OK] AI Tashxisi: Normal
[Yuborilmoqda] Cow #10 | GPS: 44.0965, 59.3482
  -> [OK] AI Tashxisi: Normal
[Yuborilmoqda] Cow #11 | GPS: 44.0964, 59.3507
  -> [OK] AI Tashxisi: Normal
----------------------------------------
[Yuborilmoqda] Cow #1 | GPS: 44.0972, 59.3436
  -> [OK] AI Tashxisi: Normal
[Yuborilmoqda] Cow #2 | GPS: 44.1029, 59.3522
  -> [OK] AI Tashxisi: Normal
[Yuborilmoqda] Cow #3 | GPS: 44.0952, 59.3471
  -> [OK] AI Tashxisi: Normal
[Yuborilmoqda] Cow #4 | GPS: 44.1009, 59.3518
  -> [OK] AI Tashxisi: Ketoz / Acidosis
[Yuborilmoqda] Cow #5 | GPS: 44.0966, 59.3557
  -> [OK] AI Tashxisi: Normal
[Yuborilmoqda] Cow #6 | GPS: 44.1061, 59.347
  -> [OK] AI Tashxisi: Normal
[Yuborilmoqda] Cow #7 | GPS: 44.1001, 59.3521
  -> [OK] AI Tashxisi: Mastit / Infeksiya
[Yuborilmoqda] Cow #8 | GPS: 44.1042, 59.3544
  -> [OK] AI Tashxisi: Normal
[Yuborilmoqda] Cow #9 | GPS: 44.0952, 59.3466
  -> [OK] AI Tashxisi: Normal
[Yuborilmoqda] Cow #10 | GPS: 44.0965, 59.3484
  -> [OK] AI Tashxisi: Normal
[Yuborilmoqda] Cow #11 | GPS: 44.0964, 59.3508
  -> [OK] AI Tashxisi: Normal
----------------------------------------
[Yuborilmoqda] Cow #1 | GPS: 44.0971, 59.3436
  -> [OK] AI Tashxisi: Normal
[Yuborilmoqda] Cow #2 | GPS: 44.1029, 59.3522
  -> [OK] AI Tashxisi: Mastit / Infeksiya
[Yuborilmoqda] Cow #3 | GPS: 44.0952, 59.3472
  -> [OK] AI Tashxisi: Normal
[Yuborilmoqda] Cow #4 | GPS: 44.1008, 59.3518
  -> [OK] AI Tashxisi: Ketoz / Acidosis
[Yuborilmoqda] Cow #5 | GPS: 44.0966, 59.3559
  -> [OK] AI Tashxisi: Normal
[Yuborilmoqda] Cow #6 | GPS: 44.1059, 59.3469
  -> [OK] AI Tashxisi: Normal
[Yuborilmoqda] Cow #7 | GPS: 44.1002, 59.3523
  -> [OK] AI Tashxisi: Mastit / Infeksiya
[Yuborilmoqda] Cow #8 | GPS: 44.1043, 59.3544
  -> [OK] AI Tashxisi: Normal
[Yuborilmoqda] Cow #9 | GPS: 44.0951, 59.3467
  -> [OK] AI Tashxisi: Normal
[Yuborilmoqda] Cow #10 | GPS: 44.0966, 59.3483
  -> [OK] AI Tashxisi: Normal
[Yuborilmoqda] Cow #11 | GPS: 44.0963, 59.3507
  -> [OK] AI Tashxisi: Normal
----------------------------------------
[Yuborilmoqda] Cow #1 | GPS: 44.0973, 59.3437
  -> [OK] AI Tashxisi: Normal
[Yuborilmoqda] Cow #2 | GPS: 44.1028, 59.3524
  -> [OK] AI Tashxisi: Normal
[Yuborilmoqda] Cow #3 | GPS: 44.0951, 59.3473
  -> [OK] AI Tashxisi: Normal
[Yuborilmoqda] Cow #4 | GPS: 44.1006, 59.352
  -> [OK] AI Tashxisi: Ketoz / Acidosis
[Yuborilmoqda] Cow #5 | GPS: 44.0967, 59.3559
  -> [OK] AI Tashxisi: Normal
[Yuborilmoqda] Cow #6 | GPS: 44.1057, 59.3467
  -> [OK] AI Tashxisi: Normal
[Yuborilmoqda] Cow #7 | GPS: 44.1004, 59.3522
  -> [OK] AI Tashxisi: Mastit / Infeksiya
[Yuborilmoqda] Cow #8 | GPS: 44.1044, 59.3545
  -> [OK] AI Tashxisi: Normal
[Yuborilmoqda] Cow #9 | GPS: 44.0953, 59.3465
  -> [OK] AI Tashxisi: Normal
[Yuborilmoqda] Cow #10 | GPS: 44.0964, 59.3483
  -> [OK] AI Tashxisi: Normal
[Yuborilmoqda] Cow #11 | GPS: 44.0963, 59.3508
  -> [OK] AI Tashxisi: Normal
----------------------------------------
[Yuborilmoqda] Cow #1 | GPS: 44.0974, 59.3439
  -> [OK] AI Tashxisi: Normal
[Yuborilmoqda] Cow #2 | GPS: 44.1026, 59.3522
  -> [OK] AI Tashxisi: Normal
[Yuborilmoqda] Cow #3 | GPS: 44.0953, 59.3471
  -> [OK] AI Tashxisi: Normal
[Yuborilmoqda] Cow #4 | GPS: 44.1005, 59.3522
  -> [OK] AI Tashxisi: Ketoz / Acidosis
[Yuborilmoqda] Cow #5 | GPS: 44.0967, 59.3561
  -> [OK] AI Tashxisi: Normal
[Yuborilmoqda] Cow #6 | GPS: 44.1057, 59.3466
  -> [OK] AI Tashxisi: Normal
[Yuborilmoqda] Cow #7 | GPS: 44.1004, 59.3523
  -> [OK] AI Tashxisi: Mastit / Infeksiya
[Yuborilmoqda] Cow #8 | GPS: 44.1043, 59.3546
  -> [OK] AI Tashxisi: Normal
[Yuborilmoqda] Cow #9 | GPS: 44.0954, 59.3467
  -> [OK] AI Tashxisi: Normal
[Yuborilmoqda] Cow #10 | GPS: 44.0964, 59.3482
  -> [OK] AI Tashxisi: Normal
[Yuborilmoqda] Cow #11 | GPS: 44.0963, 59.3509
  -> [OK] AI Tashxisi: Normal
----------------------------------------
[Yuborilmoqda] Cow #1 | GPS: 44.0974, 59.3438
  -> [OK] AI Tashxisi: Normal
[Yuborilmoqda] Cow #2 | GPS: 44.1025, 59.3523
  -> [OK] AI Tashxisi: Normal
[Yuborilmoqda] Cow #3 | GPS: 44.0953, 59.3473
  -> [OK] AI Tashxisi: Normal
[Yuborilmoqda] Cow #4 | GPS: 44.1006, 59.3521
  -> [OK] AI Tashxisi: Ketoz / Acidosis
[Yuborilmoqda] Cow #5 | GPS: 44.0967, 59.356
  -> [OK] AI Tashxisi: Normal
[Yuborilmoqda] Cow #6 | GPS: 44.1055, 59.3468
  -> [OK] AI Tashxisi: Normal
[Yuborilmoqda] Cow #7 | GPS: 44.1002, 59.3522
  -> [OK] AI Tashxisi: Mastit / Infeksiya
[Yuborilmoqda] Cow #8 | GPS: 44.1041, 59.3546
  -> [OK] AI Tashxisi: Normal
[Yuborilmoqda] Cow #9 | GPS: 44.0953, 59.3469
  -> [OK] AI Tashxisi: Normal
[Yuborilmoqda] Cow #10 | GPS: 44.0964, 59.3483
  -> [OK] AI Tashxisi: Normal
[Yuborilmoqda] Cow #11 | GPS: 44.0963, 59.3509
  -> [OK] AI Tashxisi: Normal
----------------------------------------
[Yuborilmoqda] Cow #1 | GPS: 44.0974, 59.3437
  -> [OK] AI Tashxisi: Normal
[Yuborilmoqda] Cow #2 | GPS: 44.1023, 59.3522
  -> [OK] AI Tashxisi: Normal
[Yuborilmoqda] Cow #3 | GPS: 44.0954, 59.3473
  -> [OK] AI Tashxisi: Normal
[Yuborilmoqda] Cow #4 | GPS: 44.1008, 59.352
  -> [OK] AI Tashxisi: Ketoz / Acidosis
[Yuborilmoqda] Cow #5 | GPS: 44.0968, 59.3559
  -> [OK] AI Tashxisi: Normal
[Yuborilmoqda] Cow #6 | GPS: 44.1054, 59.3469
  -> [OK] AI Tashxisi: Normal
[Yuborilmoqda] Cow #7 | GPS: 44.1004, 59.3524
  -> [OK] AI Tashxisi: Mastit / Infeksiya
[Yuborilmoqda] Cow #8 | GPS: 44.1041, 59.3546
  -> [OK] AI Tashxisi: Normal
[Yuborilmoqda] Cow #9 | GPS: 44.0952, 59.347
  -> [OK] AI Tashxisi: Normal
[Yuborilmoqda] Cow #10 | GPS: 44.0962, 59.3484
  -> [OK] AI Tashxisi: Normal
[Yuborilmoqda] Cow #11 | GPS: 44.0964, 59.3509
  -> [OK] AI Tashxisi: Normal
----------------------------------------
[Yuborilmoqda] Cow #1 | GPS: 44.0974, 59.3438
  -> [OK] AI Tashxisi: Normal
[Yuborilmoqda] Cow #2 | GPS: 44.1024, 59.3521
  -> [OK] AI Tashxisi: Normal
[Yuborilmoqda] Cow #3 | GPS: 44.0953, 59.3473
  -> [OK] AI Tashxisi: Normal
[Yuborilmoqda] Cow #4 | GPS: 44.1008, 59.3522
  -> [OK] AI Tashxisi: Ketoz / Acidosis
[Yuborilmoqda] Cow #5 | GPS: 44.0966, 59.3557
  -> [OK] AI Tashxisi: Normal
[Yuborilmoqda] Cow #6 | GPS: 44.1056, 59.3469
  -> [OK] AI Tashxisi: Normal
[Yuborilmoqda] Cow #7 | GPS: 44.1003, 59.3522
  -> [OK] AI Tashxisi: Mastit / Infeksiya
[Yuborilmoqda] Cow #8 | GPS: 44.1042, 59.3547
  -> [OK] AI Tashxisi: Normal
[Yuborilmoqda] Cow #9 | GPS: 44.0951, 59.347
  -> [OK] AI Tashxisi: Mastit / Infeksiya
[Yuborilmoqda] Cow #10 | GPS: 44.0962, 59.3485
  -> [OK] AI Tashxisi: Normal
[Yuborilmoqda] Cow #11 | GPS: 44.0965, 59.3508
  -> [OK] AI Tashxisi: Normal
----------------------------------------
[Yuborilmoqda] Cow #1 | GPS: 44.0975, 59.3438
  -> [OK] AI Tashxisi: Normal
[Yuborilmoqda] Cow #2 | GPS: 44.1023, 59.3522
  -> [OK] AI Tashxisi: Normal
[Yuborilmoqda] Cow #3 | GPS: 44.0955, 59.3472
  -> [OK] AI Tashxisi: Normal
[Yuborilmoqda] Cow #4 | GPS: 44.1007, 59.3521
  -> [OK] AI Tashxisi: Ketoz / Acidosis
[Yuborilmoqda] Cow #5 | GPS: 44.0966, 59.3556
  -> [OK] AI Tashxisi: Normal
[Yuborilmoqda] Cow #6 | GPS: 44.1057, 59.3469
  -> [OK] AI Tashxisi: Normal
[Yuborilmoqda] Cow #7 | GPS: 44.1002, 59.3524
  -> [OK] AI Tashxisi: Mastit / Infeksiya
[Yuborilmoqda] Cow #8 | GPS: 44.1043, 59.3545
  -> [OK] AI Tashxisi: Mastit / Infeksiya
[Yuborilmoqda] Cow #9 | GPS: 44.095, 59.3471
  -> [OK] AI Tashxisi: Mastit / Infeksiya
[Yuborilmoqda] Cow #10 | GPS: 44.0962, 59.3486
  -> [OK] AI Tashxisi: Mastit / Infeksiya
[Yuborilmoqda] Cow #11 | GPS: 44.0965, 59.3509
  -> [OK] AI Tashxisi: Normal
----------------------------------------
[Yuborilmoqda] Cow #1 | GPS: 44.0975, 59.3437
  -> [OK] AI Tashxisi: Normal
[Yuborilmoqda] Cow #2 | GPS: 44.1021, 59.3524
  -> [OK] AI Tashxisi: Normal
[Yuborilmoqda] Cow #3 | GPS: 44.0953, 59.3472
  -> [OK] AI Tashxisi: Normal
[Yuborilmoqda] Cow #4 | GPS: 44.1006, 59.3522
  -> [OK] AI Tashxisi: Ketoz / Acidosis
[Yuborilmoqda] Cow #5 | GPS: 44.0966, 59.3558
  -> [OK] AI Tashxisi: Normal
[Yuborilmoqda] Cow #6 | GPS: 44.1056, 59.3468
  -> [OK] AI Tashxisi: Normal
[Yuborilmoqda] Cow #7 | GPS: 44.1, 59.3525
  -> [OK] AI Tashxisi: Mastit / Infeksiya
[Yuborilmoqda] Cow #8 | GPS: 44.1044, 59.3546
  -> [OK] AI Tashxisi: Normal
[Yuborilmoqda] Cow #9 | GPS: 44.0951, 59.347
  -> [OK] AI Tashxisi: Normal
[Yuborilmoqda] Cow #10 | GPS: 44.0962, 59.3485
  -> [OK] AI Tashxisi: Normal
[Yuborilmoqda] Cow #11 | GPS: 44.0966, 59.3509
  -> [OK] AI Tashxisi: Normal
----------------------------------------
[Yuborilmoqda] Cow #1 | GPS: 44.0976, 59.3437
  -> [OK] AI Tashxisi: Normal
[Yuborilmoqda] Cow #2 | GPS: 44.1022, 59.3523
  -> [OK] AI Tashxisi: Normal
[Yuborilmoqda] Cow #3 | GPS: 44.0953, 59.3471
  -> [OK] AI Tashxisi: Normal
[Yuborilmoqda] Cow #4 | GPS: 44.1004, 59.3523
  -> [OK] AI Tashxisi: Ketoz / Acidosis
[Yuborilmoqda] Cow #5 | GPS: 44.0967, 59.3559
  -> [OK] AI Tashxisi: Normal
[Yuborilmoqda] Cow #6 | GPS: 44.1055, 59.3469
  -> [OK] AI Tashxisi: Normal
[Yuborilmoqda] Cow #7 | GPS: 44.1, 59.3525
  -> [OK] AI Tashxisi: Mastit / Infeksiya
[Yuborilmoqda] Cow #8 | GPS: 44.1042, 59.3547
  -> [OK] AI Tashxisi: Normal
[Yuborilmoqda] Cow #9 | GPS: 44.0951, 59.3471
  -> [OK] AI Tashxisi: Mastit / Infeksiya
[Yuborilmoqda] Cow #10 | GPS: 44.096, 59.3484
  -> [OK] AI Tashxisi: Normal
[Yuborilmoqda] Cow #11 | GPS: 44.0964, 59.3509
  -> [OK] AI Tashxisi: Normal
----------------------------------------
[Yuborilmoqda] Cow #1 | GPS: 44.0975, 59.3436
  -> [OK] AI Tashxisi: Normal
[Yuborilmoqda] Cow #2 | GPS: 44.1024, 59.3522
  -> [OK] AI Tashxisi: Normal
[Yuborilmoqda] Cow #3 | GPS: 44.0951, 59.3473
  -> [OK] AI Tashxisi: Normal
[Yuborilmoqda] Cow #4 | GPS: 44.1003, 59.3523
  -> [OK] AI Tashxisi: Ketoz / Acidosis
[Yuborilmoqda] Cow #5 | GPS: 44.0967, 59.3557
  -> [OK] AI Tashxisi: Mastit / Infeksiya
[Yuborilmoqda] Cow #6 | GPS: 44.1054, 59.3469
  -> [OK] AI Tashxisi: Normal
[Yuborilmoqda] Cow #7 | GPS: 44.1001, 59.3525
  -> [OK] AI Tashxisi: Mastit / Infeksiya
[Yuborilmoqda] Cow #8 | GPS: 44.1042, 59.3549
  -> [OK] AI Tashxisi: Normal
[Yuborilmoqda] Cow #9 | GPS: 44.095, 59.347
  -> [OK] AI Tashxisi: Normal
[Yuborilmoqda] Cow #10 | GPS: 44.0959, 59.3485
  -> [OK] AI Tashxisi: Normal
[Yuborilmoqda] Cow #11 | GPS: 44.0962, 59.3508
  -> [OK] AI Tashxisi: Normal
----------------------------------------
[Yuborilmoqda] Cow #1 | GPS: 44.0974, 59.3434
  -> [OK] AI Tashxisi: Normal
[Yuborilmoqda] Cow #2 | GPS: 44.1024, 59.3524
  -> [OK] AI Tashxisi: Normal
[Yuborilmoqda] Cow #3 | GPS: 44.095, 59.3473
  -> [OK] AI Tashxisi: Normal
[Yuborilmoqda] Cow #4 | GPS: 44.1005, 59.3523
  -> [OK] AI Tashxisi: Ketoz / Acidosis
[Yuborilmoqda] Cow #5 | GPS: 44.0966, 59.3559
  -> [OK] AI Tashxisi: Normal
[Yuborilmoqda] Cow #6 | GPS: 44.1053, 59.3471
  -> [OK] AI Tashxisi: Normal
[Yuborilmoqda] Cow #7 | GPS: 44.0999, 59.3523
  -> [OK] AI Tashxisi: Mastit / Infeksiya
[Yuborilmoqda] Cow #8 | GPS: 44.1043, 59.3549
  -> [OK] AI Tashxisi: Mastit / Infeksiya
[Yuborilmoqda] Cow #9 | GPS: 44.0949, 59.3469
  -> [OK] AI Tashxisi: Normal
[Yuborilmoqda] Cow #10 | GPS: 44.0958, 59.3486
  -> [OK] AI Tashxisi: Mastit / Infeksiya
[Yuborilmoqda] Cow #11 | GPS: 44.0961, 59.3507
  -> [OK] AI Tashxisi: Normal
----------------------------------------
[Yuborilmoqda] Cow #1 | GPS: 44.0976, 59.3433
  -> [OK] AI Tashxisi: Normal
[Yuborilmoqda] Cow #2 | GPS: 44.1023, 59.3524
  -> [OK] AI Tashxisi: Normal
[Yuborilmoqda] Cow #3 | GPS: 44.0952, 59.3474
  -> [OK] AI Tashxisi: Normal
[Yuborilmoqda] Cow #4 | GPS: 44.1003, 59.3522
  -> [OK] AI Tashxisi: Ketoz / Acidosis
[Yuborilmoqda] Cow #5 | GPS: 44.0966, 59.356
  -> [OK] AI Tashxisi: Normal
[Yuborilmoqda] Cow #6 | GPS: 44.1053, 59.3471
  -> [OK] AI Tashxisi: Normal
[Yuborilmoqda] Cow #7 | GPS: 44.0999, 59.3524
  -> [OK] AI Tashxisi: Mastit / Infeksiya
[Yuborilmoqda] Cow #8 | GPS: 44.1043, 59.355
  -> [OK] AI Tashxisi: Normal
[Yuborilmoqda] Cow #9 | GPS: 44.095, 59.347
  -> [OK] AI Tashxisi: Normal
[Yuborilmoqda] Cow #10 | GPS: 44.0958, 59.3485
  -> [OK] AI Tashxisi: Normal
[Yuborilmoqda] Cow #11 | GPS: 44.0961, 59.3505
  -> [OK] AI Tashxisi: Normal
----------------------------------------
[Yuborilmoqda] Cow #1 | GPS: 44.0976, 59.3433
  -> [OK] AI Tashxisi: Normal
[Yuborilmoqda] Cow #2 | GPS: 44.1025, 59.3525
  -> [OK] AI Tashxisi: Normal
[Yuborilmoqda] Cow #3 | GPS: 44.0951, 59.3473
  -> [OK] AI Tashxisi: Normal
[Yuborilmoqda] Cow #4 | GPS: 44.1003, 59.3522
  -> [OK] AI Tashxisi: Ketoz / Acidosis
[Yuborilmoqda] Cow #5 | GPS: 44.0967, 59.356
  -> [OK] AI Tashxisi: Mastit / Infeksiya
[Yuborilmoqda] Cow #6 | GPS: 44.1053, 59.3472
  -> [OK] AI Tashxisi: Normal
[Yuborilmoqda] Cow #7 | GPS: 44.0998, 59.3523
  -> [OK] AI Tashxisi: Mastit / Infeksiya
[Yuborilmoqda] Cow #8 | GPS: 44.1042, 59.3548
  -> [OK] AI Tashxisi: Mastit / Infeksiya
[Yuborilmoqda] Cow #9 | GPS: 44.095, 59.3469
  -> [OK] AI Tashxisi: Normal
[Yuborilmoqda] Cow #10 | GPS: 44.0958, 59.3485
  -> [OK] AI Tashxisi: Normal
[Yuborilmoqda] Cow #11 | GPS: 44.0962, 59.3503
  -> [OK] AI Tashxisi: Normal
----------------------------------------
[Yuborilmoqda] Cow #1 | GPS: 44.0978, 59.3432
  -> [OK] AI Tashxisi: Normal
[Yuborilmoqda] Cow #2 | GPS: 44.1025, 59.3527
  -> [OK] AI Tashxisi: Normal
[Yuborilmoqda] Cow #3 | GPS: 44.095, 59.3471
  -> [OK] AI Tashxisi: Normal
[Yuborilmoqda] Cow #4 | GPS: 44.1001, 59.3523
  -> [OK] AI Tashxisi: Ketoz / Acidosis
[Yuborilmoqda] Cow #5 | GPS: 44.0965, 59.3562
  -> [OK] AI Tashxisi: Normal
[Yuborilmoqda] Cow #6 | GPS: 44.1055, 59.347
  -> [OK] AI Tashxisi: Normal
[Yuborilmoqda] Cow #7 | GPS: 44.0997, 59.3525
  -> [OK] AI Tashxisi: Mastit / Infeksiya
[Yuborilmoqda] Cow #8 | GPS: 44.1044, 59.3548
  -> [OK] AI Tashxisi: Normal
[Yuborilmoqda] Cow #9 | GPS: 44.095, 59.3469
  -> [OK] AI Tashxisi: Normal
[Yuborilmoqda] Cow #10 | GPS: 44.0956, 59.3485
  -> [OK] AI Tashxisi: Normal
[Yuborilmoqda] Cow #11 | GPS: 44.096, 59.3502
  -> [OK] AI Tashxisi: Normal
----------------------------------------
[Yuborilmoqda] Cow #1 | GPS: 44.0976, 59.3434
  -> [OK] AI Tashxisi: Normal
[Yuborilmoqda] Cow #2 | GPS: 44.1026, 59.3527
  -> [OK] AI Tashxisi: Normal
[Yuborilmoqda] Cow #3 | GPS: 44.0952, 59.3471
  -> [OK] AI Tashxisi: Normal
[Yuborilmoqda] Cow #4 | GPS: 44.1003, 59.3522
  -> [OK] AI Tashxisi: Ketoz / Acidosis
[Yuborilmoqda] Cow #5 | GPS: 44.0965, 59.3561
  -> [OK] AI Tashxisi: Normal
[Yuborilmoqda] Cow #6 | GPS: 44.1053, 59.3471
  -> [OK] AI Tashxisi: Normal
[Yuborilmoqda] Cow #7 | GPS: 44.0998, 59.3526
  -> [OK] AI Tashxisi: Mastit / Infeksiya
[Yuborilmoqda] Cow #8 | GPS: 44.1043, 59.3546
  -> [OK] AI Tashxisi: Normal
[Yuborilmoqda] Cow #9 | GPS: 44.0948, 59.3469
  -> [OK] AI Tashxisi: Mastit / Infeksiya
[Yuborilmoqda] Cow #10 | GPS: 44.0955, 59.3484
  -> [OK] AI Tashxisi: Normal
[Yuborilmoqda] Cow #11 | GPS: 44.0961, 59.3501
  -> [OK] AI Tashxisi: Normal
----------------------------------------
[Yuborilmoqda] Cow #1 | GPS: 44.0976, 59.3433
  -> [OK] AI Tashxisi: Normal
[Yuborilmoqda] Cow #2 | GPS: 44.1025, 59.3525
  -> [OK] AI Tashxisi: Normal
[Yuborilmoqda] Cow #3 | GPS: 44.0953, 59.3471
  -> [OK] AI Tashxisi: Normal
[Yuborilmoqda] Cow #4 | GPS: 44.1003, 59.3521
  -> [OK] AI Tashxisi: Ketoz / Acidosis
[Yuborilmoqda] Cow #5 | GPS: 44.0964, 59.3562
  -> [OK] AI Tashxisi: Normal
[Yuborilmoqda] Cow #6 | GPS: 44.1052, 59.3471
  -> [OK] AI Tashxisi: Normal
[Yuborilmoqda] Cow #7 | GPS: 44.0997, 59.3527
  -> [OK] AI Tashxisi: Mastit / Infeksiya
[Yuborilmoqda] Cow #8 | GPS: 44.1044, 59.3546
  -> [OK] AI Tashxisi: Normal
[Yuborilmoqda] Cow #9 | GPS: 44.0949, 59.3468
  -> [OK] AI Tashxisi: Normal
[Yuborilmoqda] Cow #10 | GPS: 44.0956, 59.3483
  -> [OK] AI Tashxisi: Normal
[Yuborilmoqda] Cow #11 | GPS: 44.0961, 59.3499
  -> [OK] AI Tashxisi: Normal
----------------------------------------
[Yuborilmoqda] Cow #1 | GPS: 44.0975, 59.3432
  -> [OK] AI Tashxisi: Normal
[Yuborilmoqda] Cow #2 | GPS: 44.1024, 59.3524
  -> [OK] AI Tashxisi: Normal
[Yuborilmoqda] Cow #3 | GPS: 44.0952, 59.3473
  -> [OK] AI Tashxisi: Normal
[Yuborilmoqda] Cow #4 | GPS: 44.1004, 59.3521
  -> [OK] AI Tashxisi: Ketoz / Acidosis
[Yuborilmoqda] Cow #5 | GPS: 44.0966, 59.3563
  -> [OK] AI Tashxisi: Normal
[Yuborilmoqda] Cow #6 | GPS: 44.1053, 59.347
  -> [OK] AI Tashxisi: Normal
[Yuborilmoqda] Cow #7 | GPS: 44.0998, 59.3526
  -> [OK] AI Tashxisi: Mastit / Infeksiya
[Yuborilmoqda] Cow #8 | GPS: 44.1045, 59.3547
  -> [OK] AI Tashxisi: Normal
[Yuborilmoqda] Cow #9 | GPS: 44.0949, 59.3466
  -> [OK] AI Tashxisi: Normal
[Yuborilmoqda] Cow #10 | GPS: 44.0956, 59.3482
  -> [OK] AI Tashxisi: Normal
[Yuborilmoqda] Cow #11 | GPS: 44.0963, 59.3497
  -> [OK] AI Tashxisi: Normal
----------------------------------------
[Yuborilmoqda] Cow #1 | GPS: 44.0974, 59.343
  -> [OK] AI Tashxisi: Normal
[Yuborilmoqda] Cow #2 | GPS: 44.1025, 59.3524
  -> [OK] AI Tashxisi: Normal
[Yuborilmoqda] Cow #3 | GPS: 44.0954, 59.3471
  -> [OK] AI Tashxisi: Normal
[Yuborilmoqda] Cow #4 | GPS: 44.1004, 59.352
  -> [OK] AI Tashxisi: Ketoz / Acidosis
[Yuborilmoqda] Cow #5 | GPS: 44.0964, 59.3562
  -> [OK] AI Tashxisi: Normal
[Yuborilmoqda] Cow #6 | GPS: 44.1054, 59.3469
  -> [OK] AI Tashxisi: Normal
[Yuborilmoqda] Cow #7 | GPS: 44.1, 59.3525
  -> [OK] AI Tashxisi: Mastit / Infeksiya
[Yuborilmoqda] Cow #8 | GPS: 44.1046, 59.3546
  -> [OK] AI Tashxisi: Normal
[Yuborilmoqda] Cow #9 | GPS: 44.0948, 59.3467
  -> [OK] AI Tashxisi: Mastit / Infeksiya
[Yuborilmoqda] Cow #10 | GPS: 44.0954, 59.3483
  -> [OK] AI Tashxisi: Normal
[Yuborilmoqda] Cow #11 | GPS: 44.0961, 59.3497
  -> [OK] AI Tashxisi: Normal
----------------------------------------
[Yuborilmoqda] Cow #1 | GPS: 44.0975, 59.3429
  -> [OK] AI Tashxisi: Normal
[Yuborilmoqda] Cow #2 | GPS: 44.1023, 59.3524
  -> [OK] AI Tashxisi: Normal
[Yuborilmoqda] Cow #3 | GPS: 44.0953, 59.347
  -> [OK] AI Tashxisi: Normal
[Yuborilmoqda] Cow #4 | GPS: 44.1006, 59.3518
  -> [OK] AI Tashxisi: Ketoz / Acidosis
[Yuborilmoqda] Cow #5 | GPS: 44.0962, 59.3561
  -> [OK] AI Tashxisi: Normal
[Yuborilmoqda] Cow #6 | GPS: 44.1056, 59.3468
  -> [OK] AI Tashxisi: Normal
[Yuborilmoqda] Cow #7 | GPS: 44.1001, 59.3524
  -> [OK] AI Tashxisi: Mastit / Infeksiya
[Yuborilmoqda] Cow #8 | GPS: 44.1044, 59.3544
  -> [OK] AI Tashxisi: Normal
[Yuborilmoqda] Cow #9 | GPS: 44.0948, 59.3467
  -> [OK] AI Tashxisi: Normal
[Yuborilmoqda] Cow #10 | GPS: 44.0954, 59.3481
  -> [OK] AI Tashxisi: Normal
[Yuborilmoqda] Cow #11 | GPS: 44.0962, 59.3498
  -> [OK] AI Tashxisi: Normal
----------------------------------------
[Yuborilmoqda] Cow #1 | GPS: 44.0974, 59.3428
  -> [OK] AI Tashxisi: Normal
[Yuborilmoqda] Cow #2 | GPS: 44.1022, 59.3523
  -> [OK] AI Tashxisi: Normal
[Yuborilmoqda] Cow #3 | GPS: 44.0953, 59.347
  -> [OK] AI Tashxisi: Normal
[Yuborilmoqda] Cow #4 | GPS: 44.1004, 59.3517
  -> [OK] AI Tashxisi: Ketoz / Acidosis
[Yuborilmoqda] Cow #5 | GPS: 44.0963, 59.3561
  -> [OK] AI Tashxisi: Normal
[Yuborilmoqda] Cow #6 | GPS: 44.1057, 59.3467
  -> [OK] AI Tashxisi: Normal
[Yuborilmoqda] Cow #7 | GPS: 44.1002, 59.3525
  -> [OK] AI Tashxisi: Mastit / Infeksiya
[Yuborilmoqda] Cow #8 | GPS: 44.1043, 59.3543
  -> [OK] AI Tashxisi: Normal
[Yuborilmoqda] Cow #9 | GPS: 44.0947, 59.3466
  -> [OK] AI Tashxisi: Normal
[Yuborilmoqda] Cow #10 | GPS: 44.0953, 59.3479
  -> [OK] AI Tashxisi: Normal
[Yuborilmoqda] Cow #11 | GPS: 44.0961, 59.3497
  -> [OK] AI Tashxisi: Normal
----------------------------------------
[Yuborilmoqda] Cow #1 | GPS: 44.0975, 59.3429
  -> [OK] AI Tashxisi: Normal
[Yuborilmoqda] Cow #2 | GPS: 44.1023, 59.3522
  -> [OK] AI Tashxisi: Normal
[Yuborilmoqda] Cow #3 | GPS: 44.0952, 59.3469
  -> [OK] AI Tashxisi: Normal
[Yuborilmoqda] Cow #4 | GPS: 44.1002, 59.3517
  -> [OK] AI Tashxisi: Ketoz / Acidosis
[Yuborilmoqda] Cow #5 | GPS: 44.0962, 59.3559
  -> [OK] AI Tashxisi: Normal
[Yuborilmoqda] Cow #6 | GPS: 44.1056, 59.3466
  -> [OK] AI Tashxisi: Normal
[Yuborilmoqda] Cow #7 | GPS: 44.1001, 59.3524
  -> [OK] AI Tashxisi: Mastit / Infeksiya
[Yuborilmoqda] Cow #8 | GPS: 44.1044, 59.3542
  -> [OK] AI Tashxisi: Normal
[Yuborilmoqda] Cow #9 | GPS: 44.0946, 59.3465
  -> [OK] AI Tashxisi: Normal
[Yuborilmoqda] Cow #10 | GPS: 44.0954, 59.348
  -> [OK] AI Tashxisi: Normal
[Yuborilmoqda] Cow #11 | GPS: 44.0961, 59.3496
  -> [OK] AI Tashxisi: Normal
----------------------------------------
[Yuborilmoqda] Cow #1 | GPS: 44.0974, 59.343
  -> [OK] AI Tashxisi: Normal
[Yuborilmoqda] Cow #2 | GPS: 44.1022, 59.3522
  -> [OK] AI Tashxisi: Mastit / Infeksiya
[Yuborilmoqda] Cow #3 | GPS: 44.0953, 59.3469
  -> [OK] AI Tashxisi: Normal
[Yuborilmoqda] Cow #4 | GPS: 44.1004, 59.3517
  -> [OK] AI Tashxisi: Ketoz / Acidosis
[Yuborilmoqda] Cow #5 | GPS: 44.096, 59.356
  -> [OK] AI Tashxisi: Normal
[Yuborilmoqda] Cow #6 | GPS: 44.1056, 59.3466
  -> [OK] AI Tashxisi: Normal
[Yuborilmoqda] Cow #7 | GPS: 44.1001, 59.3524
  -> [OK] AI Tashxisi: Mastit / Infeksiya
[Yuborilmoqda] Cow #8 | GPS: 44.1043, 59.3541
  -> [OK] AI Tashxisi: Normal
[Yuborilmoqda] Cow #9 | GPS: 44.0946, 59.3465
  -> [OK] AI Tashxisi: Normal
[Yuborilmoqda] Cow #10 | GPS: 44.0955, 59.3482
  -> [OK] AI Tashxisi: Normal
[Yuborilmoqda] Cow #11 | GPS: 44.0962, 59.3497
  -> [OK] AI Tashxisi: Normal
----------------------------------------
[Yuborilmoqda] Cow #1 | GPS: 44.0975, 59.3432
  -> [OK] AI Tashxisi: Normal
[Yuborilmoqda] Cow #2 | GPS: 44.1024, 59.3521
  -> [OK] AI Tashxisi: Mastit / Infeksiya
[Yuborilmoqda] Cow #3 | GPS: 44.0954, 59.347
  -> [OK] AI Tashxisi: Normal
[Yuborilmoqda] Cow #4 | GPS: 44.1003, 59.3516
  -> [OK] AI Tashxisi: Ketoz / Acidosis
[Yuborilmoqda] Cow #5 | GPS: 44.0962, 59.3559
  -> [OK] AI Tashxisi: Normal
[Yuborilmoqda] Cow #6 | GPS: 44.1057, 59.3467
  -> [OK] AI Tashxisi: Normal
[Yuborilmoqda] Cow #7 | GPS: 44.1, 59.3525
  -> [OK] AI Tashxisi: Mastit / Infeksiya
[Yuborilmoqda] Cow #8 | GPS: 44.1042, 59.3539
  -> [OK] AI Tashxisi: Normal
[Yuborilmoqda] Cow #9 | GPS: 44.0945, 59.3466
  -> [OK] AI Tashxisi: Normal
[Yuborilmoqda] Cow #10 | GPS: 44.0954, 59.3481
  -> [OK] AI Tashxisi: Normal
[Yuborilmoqda] Cow #11 | GPS: 44.096, 59.3498
  -> [OK] AI Tashxisi: Normal
----------------------------------------
[Yuborilmoqda] Cow #1 | GPS: 44.0976, 59.3433
  -> [OK] AI Tashxisi: Normal
[Yuborilmoqda] Cow #2 | GPS: 44.1022, 59.3522
  -> [OK] AI Tashxisi: Normal
[Yuborilmoqda] Cow #3 | GPS: 44.0955, 59.3472
  -> [OK] AI Tashxisi: Normal
[Yuborilmoqda] Cow #4 | GPS: 44.1005, 59.3517
  -> [OK] AI Tashxisi: Ketoz / Acidosis
[Yuborilmoqda] Cow #5 | GPS: 44.096, 59.356
  -> [OK] AI Tashxisi: Normal
[Yuborilmoqda] Cow #6 | GPS: 44.1059, 59.3466
  -> [OK] AI Tashxisi: Normal
[Yuborilmoqda] Cow #7 | GPS: 44.1002, 59.3523
  -> [OK] AI Tashxisi: Mastit / Infeksiya
[Yuborilmoqda] Cow #8 | GPS: 44.1041, 59.3538
  -> [OK] AI Tashxisi: Normal
[Yuborilmoqda] Cow #9 | GPS: 44.0945, 59.3465
  -> [OK] AI Tashxisi: Normal
[Yuborilmoqda] Cow #10 | GPS: 44.0954, 59.3479
  -> [OK] AI Tashxisi: Normal
[Yuborilmoqda] Cow #11 | GPS: 44.0959, 59.35
  -> [OK] AI Tashxisi: Normal
----------------------------------------
[Yuborilmoqda] Cow #1 | GPS: 44.0977, 59.3434
  -> [OK] AI Tashxisi: Normal
[Yuborilmoqda] Cow #2 | GPS: 44.1022, 59.3523
  -> [OK] AI Tashxisi: Normal
[Yuborilmoqda] Cow #3 | GPS: 44.0954, 59.3471
  -> [OK] AI Tashxisi: Normal
[Yuborilmoqda] Cow #4 | GPS: 44.1006, 59.3519
  -> [OK] AI Tashxisi: Ketoz / Acidosis
[Yuborilmoqda] Cow #5 | GPS: 44.0961, 59.3561
  -> [OK] AI Tashxisi: Normal
[Yuborilmoqda] Cow #6 | GPS: 44.1057, 59.3466
  -> [OK] AI Tashxisi: Normal
[Yuborilmoqda] Cow #7 | GPS: 44.1003, 59.3522
  -> [OK] AI Tashxisi: Mastit / Infeksiya
[Yuborilmoqda] Cow #8 | GPS: 44.1041, 59.3538
  -> [OK] AI Tashxisi: Normal
[Yuborilmoqda] Cow #9 | GPS: 44.0946, 59.3464
  -> [OK] AI Tashxisi: Normal
[Yuborilmoqda] Cow #10 | GPS: 44.0956, 59.348
  -> [OK] AI Tashxisi: Normal
[Yuborilmoqda] Cow #11 | GPS: 44.0959, 59.3501
  -> [OK] AI Tashxisi: Normal
----------------------------------------
[Yuborilmoqda] Cow #1 | GPS: 44.0977, 59.3435
  -> [OK] AI Tashxisi: Mastit / Infeksiya
[Yuborilmoqda] Cow #2 | GPS: 44.1021, 59.3522
  -> [OK] AI Tashxisi: Normal
[Yuborilmoqda] Cow #3 | GPS: 44.0952, 59.3472
  -> [OK] AI Tashxisi: Normal
[Yuborilmoqda] Cow #4 | GPS: 44.1007, 59.3519
  -> [OK] AI Tashxisi: Ketoz / Acidosis
[Yuborilmoqda] Cow #5 | GPS: 44.0959, 59.356
  -> [OK] AI Tashxisi: Normal
[Yuborilmoqda] Cow #6 | GPS: 44.1057, 59.3467
  -> [OK] AI Tashxisi: Normal
[Yuborilmoqda] Cow #7 | GPS: 44.1004, 59.3523
  -> [OK] AI Tashxisi: Mastit / Infeksiya
[Yuborilmoqda] Cow #8 | GPS: 44.104, 59.3538
  -> [OK] AI Tashxisi: Normal
[Yuborilmoqda] Cow #9 | GPS: 44.0946, 59.3463
  -> [OK] AI Tashxisi: Normal
[Yuborilmoqda] Cow #10 | GPS: 44.0957, 59.3479
  -> [OK] AI Tashxisi: Normal
[Yuborilmoqda] Cow #11 | GPS: 44.0957, 59.35
  -> [OK] AI Tashxisi: Normal
----------------------------------------
[Yuborilmoqda] Cow #1 | GPS: 44.0978, 59.3433
  -> [OK] AI Tashxisi: Normal
[Yuborilmoqda] Cow #2 | GPS: 44.1021, 59.3523
  -> [OK] AI Tashxisi: Normal
[Yuborilmoqda] Cow #3 | GPS: 44.0951, 59.3471
  -> [OK] AI Tashxisi: Normal
[Yuborilmoqda] Cow #4 | GPS: 44.1007, 59.3521
  -> [OK] AI Tashxisi: Ketoz / Acidosis
[Yuborilmoqda] Cow #5 | GPS: 44.0959, 59.3561
  -> [OK] AI Tashxisi: Normal
[Yuborilmoqda] Cow #6 | GPS: 44.1059, 59.3468
  -> [OK] AI Tashxisi: Normal
[Yuborilmoqda] Cow #7 | GPS: 44.1006, 59.3523
  -> [OK] AI Tashxisi: Mastit / Infeksiya
[Yuborilmoqda] Cow #8 | GPS: 44.104, 59.354
  -> [OK] AI Tashxisi: Normal
[Yuborilmoqda] Cow #9 | GPS: 44.0947, 59.3463
  -> [OK] AI Tashxisi: Normal
[Yuborilmoqda] Cow #10 | GPS: 44.0956, 59.348
  -> [OK] AI Tashxisi: Normal
[Yuborilmoqda] Cow #11 | GPS: 44.0957, 59.3499
  -> [OK] AI Tashxisi: Normal
----------------------------------------
[Yuborilmoqda] Cow #1 | GPS: 44.0979, 59.3434
  -> [OK] AI Tashxisi: Normal
[Yuborilmoqda] Cow #2 | GPS: 44.1021, 59.3525
  -> [OK] AI Tashxisi: Normal
[Yuborilmoqda] Cow #3 | GPS: 44.0952, 59.347
  -> [OK] AI Tashxisi: Normal
[Yuborilmoqda] Cow #4 | GPS: 44.1006, 59.3522
  -> [OK] AI Tashxisi: Ketoz / Acidosis
[Yuborilmoqda] Cow #5 | GPS: 44.0959, 59.3562
  -> [OK] AI Tashxisi: Normal
[Yuborilmoqda] Cow #6 | GPS: 44.106, 59.3467
  -> [OK] AI Tashxisi: Normal
[Yuborilmoqda] Cow #7 | GPS: 44.1005, 59.3522
  -> [OK] AI Tashxisi: Mastit / Infeksiya
[Yuborilmoqda] Cow #8 | GPS: 44.1038, 59.3542
  -> [OK] AI Tashxisi: Normal
[Yuborilmoqda] Cow #9 | GPS: 44.0948, 59.3462
  -> [OK] AI Tashxisi: Mastit / Infeksiya
[Yuborilmoqda] Cow #10 | GPS: 44.0957, 59.3481
  -> [OK] AI Tashxisi: Normal
[Yuborilmoqda] Cow #11 | GPS: 44.0955, 59.3498
  -> [OK] AI Tashxisi: Normal
----------------------------------------
[Yuborilmoqda] Cow #1 | GPS: 44.0978, 59.3436
  -> [OK] AI Tashxisi: Mastit / Infeksiya
[Yuborilmoqda] Cow #2 | GPS: 44.1023, 59.3526
  -> [OK] AI Tashxisi: Normal
[Yuborilmoqda] Cow #3 | GPS: 44.0952, 59.347
  -> [OK] AI Tashxisi: Normal
[Yuborilmoqda] Cow #4 | GPS: 44.1008, 59.352
  -> [OK] AI Tashxisi: Ketoz / Acidosis
[Yuborilmoqda] Cow #5 | GPS: 44.0958, 59.3561
  -> [OK] AI Tashxisi: Normal
[Yuborilmoqda] Cow #6 | GPS: 44.1061, 59.3467
  -> [OK] AI Tashxisi: Mastit / Infeksiya
[Yuborilmoqda] Cow #7 | GPS: 44.1003, 59.3521
  -> [OK] AI Tashxisi: Mastit / Infeksiya
[Yuborilmoqda] Cow #8 | GPS: 44.1039, 59.354
  -> [OK] AI Tashxisi: Normal
[Yuborilmoqda] Cow #9 | GPS: 44.0948, 59.3462
  -> [OK] AI Tashxisi: Normal
[Yuborilmoqda] Cow #10 | GPS: 44.0958, 59.348
  -> [OK] AI Tashxisi: Normal
[Yuborilmoqda] Cow #11 | GPS: 44.0955, 59.3498
  -> [OK] AI Tashxisi: Normal
----------------------------------------
[Yuborilmoqda] Cow #1 | GPS: 44.0976, 59.3434
  -> [OK] AI Tashxisi: Normal
[Yuborilmoqda] Cow #2 | GPS: 44.1024, 59.3525
  -> [OK] AI Tashxisi: Normal
[Yuborilmoqda] Cow #3 | GPS: 44.0952, 59.3471
  -> [OK] AI Tashxisi: Normal
[Yuborilmoqda] Cow #4 | GPS: 44.1007, 59.3519
  -> [OK] AI Tashxisi: Ketoz / Acidosis
[Yuborilmoqda] Cow #5 | GPS: 44.0959, 59.3563
  -> [OK] AI Tashxisi: Normal
[Yuborilmoqda] Cow #6 | GPS: 44.1061, 59.3466
  -> [OK] AI Tashxisi: Normal
[Yuborilmoqda] Cow #7 | GPS: 44.1002, 59.3521
  -> [OK] AI Tashxisi: Mastit / Infeksiya
[Yuborilmoqda] Cow #8 | GPS: 44.104, 59.354
  -> [OK] AI Tashxisi: Normal
[Yuborilmoqda] Cow #9 | GPS: 44.0949, 59.346
  -> [OK] AI Tashxisi: Normal
[Yuborilmoqda] Cow #10 | GPS: 44.0958, 59.348
  -> [OK] AI Tashxisi: Normal
[Yuborilmoqda] Cow #11 | GPS: 44.0954, 59.3499
  -> [OK] AI Tashxisi: Normal
----------------------------------------
[Yuborilmoqda] Cow #1 | GPS: 44.0977, 59.3436
  -> [OK] AI Tashxisi: Normal
[Yuborilmoqda] Cow #2 | GPS: 44.1023, 59.3523
  -> [OK] AI Tashxisi: Normal
[Yuborilmoqda] Cow #3 | GPS: 44.0952, 59.3469
  -> [OK] AI Tashxisi: Normal
[Yuborilmoqda] Cow #4 | GPS: 44.1007, 59.3518
  -> [OK] AI Tashxisi: Ketoz / Acidosis
[Yuborilmoqda] Cow #5 | GPS: 44.096, 59.3563
  -> [OK] AI Tashxisi: Normal
[Yuborilmoqda] Cow #6 | GPS: 44.1062, 59.3464
  -> [OK] AI Tashxisi: Normal
[Yuborilmoqda] Cow #7 | GPS: 44.1001, 59.3522
  -> [OK] AI Tashxisi: Mastit / Infeksiya
[Yuborilmoqda] Cow #8 | GPS: 44.1038, 59.3541
  -> [OK] AI Tashxisi: Normal
[Yuborilmoqda] Cow #9 | GPS: 44.0947, 59.346
  -> [OK] AI Tashxisi: Normal
[Yuborilmoqda] Cow #10 | GPS: 44.0958, 59.348
  -> [OK] AI Tashxisi: Normal
[Yuborilmoqda] Cow #11 | GPS: 44.0955, 59.3498
  -> [OK] AI Tashxisi: Normal
----------------------------------------
[Yuborilmoqda] Cow #1 | GPS: 44.0978, 59.3436
  -> [OK] AI Tashxisi: Normal
[Yuborilmoqda] Cow #2 | GPS: 44.1024, 59.3523
  -> [OK] AI Tashxisi: Normal
[Yuborilmoqda] Cow #3 | GPS: 44.0952, 59.3471
  -> [OK] AI Tashxisi: Normal
[Yuborilmoqda] Cow #4 | GPS: 44.1006, 59.352
  -> [OK] AI Tashxisi: Ketoz / Acidosis
[Yuborilmoqda] Cow #5 | GPS: 44.0961, 59.3565
  -> [OK] AI Tashxisi: Normal
[Yuborilmoqda] Cow #6 | GPS: 44.1061, 59.3462
  -> [OK] AI Tashxisi: Normal
[Yuborilmoqda] Cow #7 | GPS: 44.1001, 59.3521
  -> [OK] AI Tashxisi: Mastit / Infeksiya
[Yuborilmoqda] Cow #8 | GPS: 44.1038, 59.354
  -> [OK] AI Tashxisi: Normal
[Yuborilmoqda] Cow #9 | GPS: 44.0948, 59.346
  -> [OK] AI Tashxisi: Normal
[Yuborilmoqda] Cow #10 | GPS: 44.0957, 59.3479
  -> [OK] AI Tashxisi: Normal
[Yuborilmoqda] Cow #11 | GPS: 44.0955, 59.3496
  -> [OK] AI Tashxisi: Normal
----------------------------------------
[Yuborilmoqda] Cow #1 | GPS: 44.0977, 59.3435
  -> [OK] AI Tashxisi: Normal
[Yuborilmoqda] Cow #2 | GPS: 44.1025, 59.3522
  -> [OK] AI Tashxisi: Normal
[Yuborilmoqda] Cow #3 | GPS: 44.0952, 59.347
  -> [OK] AI Tashxisi: Normal
[Yuborilmoqda] Cow #4 | GPS: 44.1004, 59.352
  -> [OK] AI Tashxisi: Ketoz / Acidosis
[Yuborilmoqda] Cow #5 | GPS: 44.0962, 59.3567
  -> [OK] AI Tashxisi: Normal
[Yuborilmoqda] Cow #6 | GPS: 44.106, 59.3464
  -> [OK] AI Tashxisi: Normal
[Yuborilmoqda] Cow #7 | GPS: 44.1003, 59.352
  -> [OK] AI Tashxisi: Mastit / Infeksiya
[Yuborilmoqda] Cow #8 | GPS: 44.1039, 59.3538
  -> [OK] AI Tashxisi: Normal
[Yuborilmoqda] Cow #9 | GPS: 44.0948, 59.3459
  -> [OK] AI Tashxisi: Normal
[Yuborilmoqda] Cow #10 | GPS: 44.0956, 59.3478
  -> [OK] AI Tashxisi: Normal
[Yuborilmoqda] Cow #11 | GPS: 44.0957, 59.3496
  -> [OK] AI Tashxisi: Normal
----------------------------------------
[Yuborilmoqda] Cow #1 | GPS: 44.0979, 59.3436
  -> [OK] AI Tashxisi: Normal
[Yuborilmoqda] Cow #2 | GPS: 44.1026, 59.3521
  -> [OK] AI Tashxisi: Normal
[Yuborilmoqda] Cow #3 | GPS: 44.0953, 59.3468
  -> [OK] AI Tashxisi: Normal
[Yuborilmoqda] Cow #4 | GPS: 44.1003, 59.3521
  -> [OK] AI Tashxisi: Ketoz / Acidosis
[Yuborilmoqda] Cow #5 | GPS: 44.0963, 59.3568
  -> [OK] AI Tashxisi: Normal
[Yuborilmoqda] Cow #6 | GPS: 44.1058, 59.3462
  -> [OK] AI Tashxisi: Normal
[Yuborilmoqda] Cow #7 | GPS: 44.1004, 59.3521
  -> [OK] AI Tashxisi: Mastit / Infeksiya
[Yuborilmoqda] Cow #8 | GPS: 44.1038, 59.354
  -> [OK] AI Tashxisi: Mastit / Infeksiya
[Yuborilmoqda] Cow #9 | GPS: 44.0947, 59.3459
  -> [OK] AI Tashxisi: Normal
[Yuborilmoqda] Cow #10 | GPS: 44.0958, 59.348
  -> [OK] AI Tashxisi: Normal
[Yuborilmoqda] Cow #11 | GPS: 44.0956, 59.3496
  -> [OK] AI Tashxisi: Normal
----------------------------------------
[Yuborilmoqda] Cow #1 | GPS: 44.0981, 59.3435
  -> [OK] AI Tashxisi: Normal
[Yuborilmoqda] Cow #2 | GPS: 44.1025, 59.3522
  -> [OK] AI Tashxisi: Normal
[Yuborilmoqda] Cow #3 | GPS: 44.0955, 59.3469
  -> [OK] AI Tashxisi: Normal
[Yuborilmoqda] Cow #4 | GPS: 44.1002, 59.352
  -> [OK] AI Tashxisi: Ketoz / Acidosis
[Yuborilmoqda] Cow #5 | GPS: 44.0965, 59.3568
  -> [OK] AI Tashxisi: Normal
[Yuborilmoqda] Cow #6 | GPS: 44.1058, 59.3461
  -> [OK] AI Tashxisi: Mastit / Infeksiya
[Yuborilmoqda] Cow #7 | GPS: 44.1005, 59.3522
  -> [OK] AI Tashxisi: Mastit / Infeksiya
[Yuborilmoqda] Cow #8 | GPS: 44.104, 59.3541
  -> [OK] AI Tashxisi: Normal
[Yuborilmoqda] Cow #9 | GPS: 44.0948, 59.3458
  -> [OK] AI Tashxisi: Normal
[Yuborilmoqda] Cow #10 | GPS: 44.0959, 59.348
  -> [OK] AI Tashxisi: Normal
[Yuborilmoqda] Cow #11 | GPS: 44.0955, 59.3495
  -> [OK] AI Tashxisi: Normal
----------------------------------------
[Yuborilmoqda] Cow #1 | GPS: 44.098, 59.3437
  -> [OK] AI Tashxisi: Normal
[Yuborilmoqda] Cow #2 | GPS: 44.1024, 59.352
  -> [OK] AI Tashxisi: Normal
[Yuborilmoqda] Cow #3 | GPS: 44.0955, 59.3469
  -> [OK] AI Tashxisi: Normal
[Yuborilmoqda] Cow #4 | GPS: 44.1001, 59.3521
  -> [OK] AI Tashxisi: Ketoz / Acidosis
[Yuborilmoqda] Cow #5 | GPS: 44.0963, 59.3566
  -> [OK] AI Tashxisi: Normal
[Yuborilmoqda] Cow #6 | GPS: 44.1058, 59.3461
  -> [OK] AI Tashxisi: Normal
[Yuborilmoqda] Cow #7 | GPS: 44.1004, 59.3523
  -> [OK] AI Tashxisi: Mastit / Infeksiya
[Yuborilmoqda] Cow #8 | GPS: 44.1041, 59.3543
  -> [OK] AI Tashxisi: Normal
[Yuborilmoqda] Cow #9 | GPS: 44.0946, 59.3456
  -> [OK] AI Tashxisi: Normal
[Yuborilmoqda] Cow #10 | GPS: 44.0957, 59.348
  -> [OK] AI Tashxisi: Mastit / Infeksiya
[Yuborilmoqda] Cow #11 | GPS: 44.0953, 59.3493
  -> [OK] AI Tashxisi: Normal
----------------------------------------
[Yuborilmoqda] Cow #1 | GPS: 44.0981, 59.3437
  -> [OK] AI Tashxisi: Mastit / Infeksiya
[Yuborilmoqda] Cow #2 | GPS: 44.1023, 59.352
  -> [OK] AI Tashxisi: Normal
[Yuborilmoqda] Cow #3 | GPS: 44.0955, 59.3468
  -> [OK] AI Tashxisi: Normal
[Yuborilmoqda] Cow #4 | GPS: 44.1003, 59.3521
  -> [OK] AI Tashxisi: Ketoz / Acidosis
[Yuborilmoqda] Cow #5 | GPS: 44.0962, 59.3566
  -> [OK] AI Tashxisi: Normal
[Yuborilmoqda] Cow #6 | GPS: 44.1058, 59.3462
  -> [OK] AI Tashxisi: Normal
[Yuborilmoqda] Cow #7 | GPS: 44.1005, 59.3524
  -> [OK] AI Tashxisi: Mastit / Infeksiya
[Yuborilmoqda] Cow #8 | GPS: 44.1042, 59.3542
  -> [OK] AI Tashxisi: Normal
[Yuborilmoqda] Cow #9 | GPS: 44.0948, 59.3457
  -> [OK] AI Tashxisi: Normal
[Yuborilmoqda] Cow #10 | GPS: 44.0957, 59.3482
  -> [OK] AI Tashxisi: Normal
[Yuborilmoqda] Cow #11 | GPS: 44.0954, 59.3495
  -> [OK] AI Tashxisi: Normal
----------------------------------------
[Yuborilmoqda] Cow #1 | GPS: 44.0979, 59.3436
  -> [OK] AI Tashxisi: Normal
[Yuborilmoqda] Cow #2 | GPS: 44.1024, 59.3521
  -> [OK] AI Tashxisi: Normal
[Yuborilmoqda] Cow #3 | GPS: 44.0954, 59.3469
  -> [OK] AI Tashxisi: Normal
[Yuborilmoqda] Cow #4 | GPS: 44.1001, 59.3521
  -> [OK] AI Tashxisi: Ketoz / Acidosis
[Yuborilmoqda] Cow #5 | GPS: 44.0963, 59.3566
  -> [OK] AI Tashxisi: Normal
[Yuborilmoqda] Cow #6 | GPS: 44.1058, 59.3461
  -> [OK] AI Tashxisi: Normal
[Yuborilmoqda] Cow #7 | GPS: 44.1006, 59.3523
  -> [OK] AI Tashxisi: Normal
[Yuborilmoqda] Cow #8 | GPS: 44.1043, 59.3542
  -> [OK] AI Tashxisi: Normal
[Yuborilmoqda] Cow #9 | GPS: 44.0947, 59.3456
  -> [OK] AI Tashxisi: Normal
[Yuborilmoqda] Cow #10 | GPS: 44.0959, 59.3484
  -> [OK] AI Tashxisi: Normal
[Yuborilmoqda] Cow #11 | GPS: 44.0952, 59.3497
  -> [OK] AI Tashxisi: Normal
----------------------------------------
[Yuborilmoqda] Cow #1 | GPS: 44.098, 59.3438
  -> [OK] AI Tashxisi: Normal
[Yuborilmoqda] Cow #2 | GPS: 44.1023, 59.3521
  -> [OK] AI Tashxisi: Normal
[Yuborilmoqda] Cow #3 | GPS: 44.0954, 59.347
  -> [OK] AI Tashxisi: Normal
[Yuborilmoqda] Cow #4 | GPS: 44.1003, 59.3522
  -> [OK] AI Tashxisi: Ketoz / Acidosis
[Yuborilmoqda] Cow #5 | GPS: 44.0964, 59.3567
  -> [OK] AI Tashxisi: Mastit / Infeksiya
[Yuborilmoqda] Cow #6 | GPS: 44.1059, 59.3459
  -> [OK] AI Tashxisi: Normal
[Yuborilmoqda] Cow #7 | GPS: 44.1007, 59.3523
  -> [OK] AI Tashxisi: Mastit / Infeksiya
[Yuborilmoqda] Cow #8 | GPS: 44.1045, 59.354
  -> [OK] AI Tashxisi: Normal
[Yuborilmoqda] Cow #9 | GPS: 44.0948, 59.3457
  -> [OK] AI Tashxisi: Normal
[Yuborilmoqda] Cow #10 | GPS: 44.0959, 59.3486
  -> [OK] AI Tashxisi: Normal
[Yuborilmoqda] Cow #11 | GPS: 44.0952, 59.3495
  -> [OK] AI Tashxisi: Normal
----------------------------------------
[Yuborilmoqda] Cow #1 | GPS: 44.0982, 59.3437
  -> [OK] AI Tashxisi: Normal
[Yuborilmoqda] Cow #2 | GPS: 44.1025, 59.3522
  -> [OK] AI Tashxisi: Normal
[Yuborilmoqda] Cow #3 | GPS: 44.0954, 59.3471
  -> [OK] AI Tashxisi: Normal
[Yuborilmoqda] Cow #4 | GPS: 44.1002, 59.3521
  -> [OK] AI Tashxisi: Ketoz / Acidosis
[Yuborilmoqda] Cow #5 | GPS: 44.0963, 59.3567
  -> [OK] AI Tashxisi: Normal
[Yuborilmoqda] Cow #6 | GPS: 44.1061, 59.3459
  -> [OK] AI Tashxisi: Normal
[Yuborilmoqda] Cow #7 | GPS: 44.1009, 59.3525
  -> [OK] AI Tashxisi: Mastit / Infeksiya
[Yuborilmoqda] Cow #8 | GPS: 44.1044, 59.3539
  -> [OK] AI Tashxisi: Normal
[Yuborilmoqda] Cow #9 | GPS: 44.0949, 59.3456
  -> [OK] AI Tashxisi: Normal
[Yuborilmoqda] Cow #10 | GPS: 44.0959, 59.3484
  -> [OK] AI Tashxisi: Normal
[Yuborilmoqda] Cow #11 | GPS: 44.0951, 59.3495
  -> [OK] AI Tashxisi: Normal
----------------------------------------
[Yuborilmoqda] Cow #1 | GPS: 44.0981, 59.3439
  -> [OK] AI Tashxisi: Normal
[Yuborilmoqda] Cow #2 | GPS: 44.1027, 59.3524
  -> [OK] AI Tashxisi: Normal
[Yuborilmoqda] Cow #3 | GPS: 44.0953, 59.3471
  -> [OK] AI Tashxisi: Normal
[Yuborilmoqda] Cow #4 | GPS: 44.1, 59.3522
  -> [OK] AI Tashxisi: Ketoz / Acidosis
[Yuborilmoqda] Cow #5 | GPS: 44.0964, 59.3567
  -> [OK] AI Tashxisi: Normal
[Yuborilmoqda] Cow #6 | GPS: 44.106, 59.3461
  -> [OK] AI Tashxisi: Normal
[Yuborilmoqda] Cow #7 | GPS: 44.1009, 59.3523
  -> [OK] AI Tashxisi: Mastit / Infeksiya
[Yuborilmoqda] Cow #8 | GPS: 44.1044, 59.3539
  -> [OK] AI Tashxisi: Normal
[Yuborilmoqda] Cow #9 | GPS: 44.095, 59.3454
  -> [OK] AI Tashxisi: Normal
[Yuborilmoqda] Cow #10 | GPS: 44.096, 59.3483
  -> [OK] AI Tashxisi: Normal
[Yuborilmoqda] Cow #11 | GPS: 44.095, 59.3496
  -> [OK] AI Tashxisi: Normal
----------------------------------------
[Yuborilmoqda] Cow #1 | GPS: 44.0981, 59.3438
  -> [OK] AI Tashxisi: Normal
[Yuborilmoqda] Cow #2 | GPS: 44.1028, 59.3524
  -> [OK] AI Tashxisi: Normal
[Yuborilmoqda] Cow #3 | GPS: 44.0954, 59.3472
  -> [OK] AI Tashxisi: Normal
[Yuborilmoqda] Cow #4 | GPS: 44.0999, 59.3523
  -> [OK] AI Tashxisi: Ketoz / Acidosis
[Yuborilmoqda] Cow #5 | GPS: 44.0966, 59.3566
  -> [OK] AI Tashxisi: Normal
[Yuborilmoqda] Cow #6 | GPS: 44.1059, 59.3462
  -> [OK] AI Tashxisi: Normal
[Yuborilmoqda] Cow #7 | GPS: 44.1008, 59.3522
  -> [OK] AI Tashxisi: Mastit / Infeksiya
[Yuborilmoqda] Cow #8 | GPS: 44.1045, 59.3539
  -> [OK] AI Tashxisi: Normal
[Yuborilmoqda] Cow #9 | GPS: 44.0949, 59.3454
  -> [OK] AI Tashxisi: Normal
[Yuborilmoqda] Cow #10 | GPS: 44.0958, 59.3482
  -> [OK] AI Tashxisi: Normal
[Yuborilmoqda] Cow #11 | GPS: 44.0952, 59.3494
  -> [OK] AI Tashxisi: Normal
----------------------------------------
[Yuborilmoqda] Cow #1 | GPS: 44.0981, 59.3438
  -> [OK] AI Tashxisi: Normal
[Yuborilmoqda] Cow #2 | GPS: 44.1027, 59.3526
  -> [OK] AI Tashxisi: Normal
[Yuborilmoqda] Cow #3 | GPS: 44.0953, 59.3471
  -> [OK] AI Tashxisi: Normal
[Yuborilmoqda] Cow #4 | GPS: 44.1, 59.3524
  -> [OK] AI Tashxisi: Ketoz / Acidosis
[Yuborilmoqda] Cow #5 | GPS: 44.0965, 59.3567
  -> [OK] AI Tashxisi: Normal
[Yuborilmoqda] Cow #6 | GPS: 44.1057, 59.346
  -> [OK] AI Tashxisi: Normal
[Yuborilmoqda] Cow #7 | GPS: 44.1008, 59.3524
  -> [OK] AI Tashxisi: Mastit / Infeksiya
[Yuborilmoqda] Cow #8 | GPS: 44.1046, 59.3538
  -> [OK] AI Tashxisi: Normal
[Yuborilmoqda] Cow #9 | GPS: 44.095, 59.3455
  -> [OK] AI Tashxisi: Normal
[Yuborilmoqda] Cow #10 | GPS: 44.0959, 59.3483
  -> [OK] AI Tashxisi: Normal
[Yuborilmoqda] Cow #11 | GPS: 44.0953, 59.3494
  -> [OK] AI Tashxisi: Normal
----------------------------------------
[Yuborilmoqda] Cow #1 | GPS: 44.0979, 59.3437
  -> [OK] AI Tashxisi: Normal
[Yuborilmoqda] Cow #2 | GPS: 44.1027, 59.3526
  -> [OK] AI Tashxisi: Normal
[Yuborilmoqda] Cow #3 | GPS: 44.0954, 59.3472
  -> [OK] AI Tashxisi: Normal
[Yuborilmoqda] Cow #4 | GPS: 44.1001, 59.3526
  -> [OK] AI Tashxisi: Ketoz / Acidosis
[Yuborilmoqda] Cow #5 | GPS: 44.0964, 59.3569
  -> [OK] AI Tashxisi: Normal
[Yuborilmoqda] Cow #6 | GPS: 44.1056, 59.3461
  -> [OK] AI Tashxisi: Mastit / Infeksiya
[Yuborilmoqda] Cow #7 | GPS: 44.1008, 59.3524
  -> [OK] AI Tashxisi: Mastit / Infeksiya
[Yuborilmoqda] Cow #8 | GPS: 44.1047, 59.3539
  -> [OK] AI Tashxisi: Mastit / Infeksiya
[Yuborilmoqda] Cow #9 | GPS: 44.095, 59.3453
  -> [OK] AI Tashxisi: Normal
[Yuborilmoqda] Cow #10 | GPS: 44.0958, 59.3484
  -> [OK] AI Tashxisi: Mastit / Infeksiya
[Yuborilmoqda] Cow #11 | GPS: 44.0954, 59.3495
  -> [OK] AI Tashxisi: Normal
----------------------------------------
[Yuborilmoqda] Cow #1 | GPS: 44.0979, 59.3437
  -> [OK] AI Tashxisi: Normal
[Yuborilmoqda] Cow #2 | GPS: 44.1026, 59.3525
  -> [OK] AI Tashxisi: Normal
[Yuborilmoqda] Cow #3 | GPS: 44.0954, 59.3473
  -> [OK] AI Tashxisi: Normal
[Yuborilmoqda] Cow #4 | GPS: 44.1001, 59.3526
  -> [OK] AI Tashxisi: Ketoz / Acidosis
[Yuborilmoqda] Cow #5 | GPS: 44.0965, 59.3569
  -> [OK] AI Tashxisi: Normal
[Yuborilmoqda] Cow #6 | GPS: 44.1057, 59.3459
  -> [OK] AI Tashxisi: Normal
[Yuborilmoqda] Cow #7 | GPS: 44.1008, 59.3524
  -> [OK] AI Tashxisi: Mastit / Infeksiya
[Yuborilmoqda] Cow #8 | GPS: 44.1048, 59.354
  -> [OK] AI Tashxisi: Normal
[Yuborilmoqda] Cow #9 | GPS: 44.0951, 59.3455
  -> [OK] AI Tashxisi: Normal
[Yuborilmoqda] Cow #10 | GPS: 44.0959, 59.3484
  -> [OK] AI Tashxisi: Normal
[Yuborilmoqda] Cow #11 | GPS: 44.0956, 59.3494
  -> [OK] AI Tashxisi: Normal
----------------------------------------
[Yuborilmoqda] Cow #1 | GPS: 44.0979, 59.3436
  -> [OK] AI Tashxisi: Normal
[Yuborilmoqda] Cow #2 | GPS: 44.1026, 59.3525
  -> [OK] AI Tashxisi: Normal
[Yuborilmoqda] Cow #3 | GPS: 44.0953, 59.3472
  -> [OK] AI Tashxisi: Normal
[Yuborilmoqda] Cow #4 | GPS: 44.1001, 59.3526
  -> [OK] AI Tashxisi: Ketoz / Acidosis
[Yuborilmoqda] Cow #5 | GPS: 44.0963, 59.3569
  -> [OK] AI Tashxisi: Normal
[Yuborilmoqda] Cow #6 | GPS: 44.1058, 59.3459
  -> [OK] AI Tashxisi: Normal
[Yuborilmoqda] Cow #7 | GPS: 44.1007, 59.3526
  -> [OK] AI Tashxisi: Mastit / Infeksiya
[Yuborilmoqda] Cow #8 | GPS: 44.1047, 59.3539
  -> [OK] AI Tashxisi: Normal
[Yuborilmoqda] Cow #9 | GPS: 44.0951, 59.3454
  -> [OK] AI Tashxisi: Normal
[Yuborilmoqda] Cow #10 | GPS: 44.0958, 59.3483
  -> [OK] AI Tashxisi: Normal
[Yuborilmoqda] Cow #11 | GPS: 44.0956, 59.3496
  -> [OK] AI Tashxisi: Normal
----------------------------------------
[Yuborilmoqda] Cow #1 | GPS: 44.0981, 59.3436
  -> [OK] AI Tashxisi: Normal
[Yuborilmoqda] Cow #2 | GPS: 44.1025, 59.3526
  -> [OK] AI Tashxisi: Normal
[Yuborilmoqda] Cow #3 | GPS: 44.0954, 59.3473
  -> [OK] AI Tashxisi: Normal
[Yuborilmoqda] Cow #4 | GPS: 44.1001, 59.3525
  -> [OK] AI Tashxisi: Ketoz / Acidosis
[Yuborilmoqda] Cow #5 | GPS: 44.0964, 59.3571
  -> [OK] AI Tashxisi: Normal
[Yuborilmoqda] Cow #6 | GPS: 44.106, 59.3458
  -> [OK] AI Tashxisi: Normal
[Yuborilmoqda] Cow #7 | GPS: 44.1007, 59.3526
  -> [OK] AI Tashxisi: Mastit / Infeksiya
[Yuborilmoqda] Cow #8 | GPS: 44.1048, 59.3537
  -> [OK] AI Tashxisi: Mastit / Infeksiya
[Yuborilmoqda] Cow #9 | GPS: 44.0951, 59.3455
  -> [OK] AI Tashxisi: Normal
[Yuborilmoqda] Cow #10 | GPS: 44.0958, 59.3483
  -> [OK] AI Tashxisi: Normal
[Yuborilmoqda] Cow #11 | GPS: 44.0958, 59.3495
  -> [OK] AI Tashxisi: Normal
----------------------------------------
[Yuborilmoqda] Cow #1 | GPS: 44.0982, 59.3436
  -> [OK] AI Tashxisi: Normal
[Yuborilmoqda] Cow #2 | GPS: 44.1025, 59.3525
  -> [OK] AI Tashxisi: Normal
[Yuborilmoqda] Cow #3 | GPS: 44.0952, 59.3473
  -> [OK] AI Tashxisi: Normal
[Yuborilmoqda] Cow #4 | GPS: 44.1002, 59.3525
  -> [OK] AI Tashxisi: Ketoz / Acidosis
[Yuborilmoqda] Cow #5 | GPS: 44.0965, 59.357
  -> [OK] AI Tashxisi: Normal
[Yuborilmoqda] Cow #6 | GPS: 44.1058, 59.3458
  -> [OK] AI Tashxisi: Normal
[Yuborilmoqda] Cow #7 | GPS: 44.1005, 59.3525
  -> [OK] AI Tashxisi: Mastit / Infeksiya
[Yuborilmoqda] Cow #8 | GPS: 44.1048, 59.3539
  -> [OK] AI Tashxisi: Normal
[Yuborilmoqda] Cow #9 | GPS: 44.0952, 59.3456
  -> [OK] AI Tashxisi: Normal
[Yuborilmoqda] Cow #10 | GPS: 44.0958, 59.3482
  -> [OK] AI Tashxisi: Normal
[Yuborilmoqda] Cow #11 | GPS: 44.0958, 59.3494
  -> [OK] AI Tashxisi: Normal
----------------------------------------
[Yuborilmoqda] Cow #1 | GPS: 44.0981, 59.3434
  -> [OK] AI Tashxisi: Mastit / Infeksiya
[Yuborilmoqda] Cow #2 | GPS: 44.1026, 59.3523
  -> [OK] AI Tashxisi: Normal
[Yuborilmoqda] Cow #3 | GPS: 44.095, 59.3474
  -> [OK] AI Tashxisi: Normal
[Yuborilmoqda] Cow #4 | GPS: 44.1002, 59.3526
  -> [OK] AI Tashxisi: Ketoz / Acidosis
[Yuborilmoqda] Cow #5 | GPS: 44.0965, 59.357
  -> [OK] AI Tashxisi: Normal
[Yuborilmoqda] Cow #6 | GPS: 44.1058, 59.3457
  -> [OK] AI Tashxisi: Normal
[Yuborilmoqda] Cow #7 | GPS: 44.1004, 59.3526
  -> [OK] AI Tashxisi: Mastit / Infeksiya
[Yuborilmoqda] Cow #8 | GPS: 44.1049, 59.3539
  -> [OK] AI Tashxisi: Normal
[Yuborilmoqda] Cow #9 | GPS: 44.0952, 59.3456
  -> [OK] AI Tashxisi: Normal
[Yuborilmoqda] Cow #10 | GPS: 44.0958, 59.3482
  -> [OK] AI Tashxisi: Normal
[Yuborilmoqda] Cow #11 | GPS: 44.0959, 59.3493
  -> [OK] AI Tashxisi: Normal
----------------------------------------
[Yuborilmoqda] Cow #1 | GPS: 44.0982, 59.3435
  -> [OK] AI Tashxisi: Normal
[Yuborilmoqda] Cow #2 | GPS: 44.1027, 59.3523
  -> [OK] AI Tashxisi: Normal
[Yuborilmoqda] Cow #3 | GPS: 44.0951, 59.3474
  -> [OK] AI Tashxisi: Normal
[Yuborilmoqda] Cow #4 | GPS: 44.1, 59.3525
  -> [OK] AI Tashxisi: Ketoz / Acidosis
[Yuborilmoqda] Cow #5 | GPS: 44.0967, 59.3568
  -> [OK] AI Tashxisi: Normal
[Yuborilmoqda] Cow #6 | GPS: 44.1056, 59.3456
  -> [OK] AI Tashxisi: Mastit / Infeksiya
[Yuborilmoqda] Cow #7 | GPS: 44.1004, 59.3525
  -> [OK] AI Tashxisi: Mastit / Infeksiya
[Yuborilmoqda] Cow #8 | GPS: 44.1051, 59.3538
  -> [OK] AI Tashxisi: Normal
[Yuborilmoqda] Cow #9 | GPS: 44.0951, 59.3455
  -> [OK] AI Tashxisi: Normal
[Yuborilmoqda] Cow #10 | GPS: 44.0956, 59.3482
  -> [OK] AI Tashxisi: Normal
[Yuborilmoqda] Cow #11 | GPS: 44.0957, 59.3491
  -> [OK] AI Tashxisi: Normal
----------------------------------------
[Yuborilmoqda] Cow #1 | GPS: 44.098, 59.3437
  -> [OK] AI Tashxisi: Normal
[Yuborilmoqda] Cow #2 | GPS: 44.1025, 59.3524
  -> [OK] AI Tashxisi: Normal
[Yuborilmoqda] Cow #3 | GPS: 44.0949, 59.3472
  -> [OK] AI Tashxisi: Normal
[Yuborilmoqda] Cow #4 | GPS: 44.1, 59.3524
  -> [OK] AI Tashxisi: Ketoz / Acidosis
[Yuborilmoqda] Cow #5 | GPS: 44.0965, 59.3568
  -> [OK] AI Tashxisi: Normal
[Yuborilmoqda] Cow #6 | GPS: 44.1055, 59.3454
  -> [OK] AI Tashxisi: Normal
[Yuborilmoqda] Cow #7 | GPS: 44.1003, 59.3524
  -> [OK] AI Tashxisi: Mastit / Infeksiya
[Yuborilmoqda] Cow #8 | GPS: 44.1052, 59.3538
  -> [OK] AI Tashxisi: Normal
[Yuborilmoqda] Cow #9 | GPS: 44.0951, 59.3454
  -> [OK] AI Tashxisi: Normal
[Yuborilmoqda] Cow #10 | GPS: 44.0955, 59.3484
  -> [OK] AI Tashxisi: Normal
[Yuborilmoqda] Cow #11 | GPS: 44.0958, 59.3491
  -> [OK] AI Tashxisi: Normal
----------------------------------------
[Yuborilmoqda] Cow #1 | GPS: 44.0981, 59.3437
  -> [OK] AI Tashxisi: Normal
[Yuborilmoqda] Cow #2 | GPS: 44.1026, 59.3524
  -> [OK] AI Tashxisi: Normal
[Yuborilmoqda] Cow #3 | GPS: 44.0948, 59.3472
  -> [OK] AI Tashxisi: Normal
[Yuborilmoqda] Cow #4 | GPS: 44.1002, 59.3526
  -> [OK] AI Tashxisi: Ketoz / Acidosis
[Yuborilmoqda] Cow #5 | GPS: 44.0963, 59.3566
  -> [OK] AI Tashxisi: Normal
[Yuborilmoqda] Cow #6 | GPS: 44.1056, 59.3456
  -> [OK] AI Tashxisi: Normal
[Yuborilmoqda] Cow #7 | GPS: 44.1001, 59.3524
  -> [OK] AI Tashxisi: Mastit / Infeksiya
[Yuborilmoqda] Cow #8 | GPS: 44.1052, 59.3538
  -> [OK] AI Tashxisi: Normal
[Yuborilmoqda] Cow #9 | GPS: 44.0949, 59.3454
  -> [OK] AI Tashxisi: Normal
[Yuborilmoqda] Cow #10 | GPS: 44.0955, 59.3482
  -> [OK] AI Tashxisi: Normal
[Yuborilmoqda] Cow #11 | GPS: 44.0957, 59.3489
  -> [OK] AI Tashxisi: Normal
----------------------------------------
[Yuborilmoqda] Cow #1 | GPS: 44.0981, 59.3438
  -> [OK] AI Tashxisi: Normal
[Yuborilmoqda] Cow #2 | GPS: 44.1027, 59.3525
  -> [OK] AI Tashxisi: Normal
[Yuborilmoqda] Cow #3 | GPS: 44.0949, 59.3473
  -> [OK] AI Tashxisi: Normal
[Yuborilmoqda] Cow #4 | GPS: 44.1002, 59.3525
  -> [OK] AI Tashxisi: Ketoz / Acidosis
[Yuborilmoqda] Cow #5 | GPS: 44.0964, 59.3567
  -> [OK] AI Tashxisi: Normal
[Yuborilmoqda] Cow #6 | GPS: 44.1055, 59.3456
  -> [OK] AI Tashxisi: Normal
[Yuborilmoqda] Cow #7 | GPS: 44.1001, 59.3523
  -> [OK] AI Tashxisi: Mastit / Infeksiya
[Yuborilmoqda] Cow #8 | GPS: 44.105, 59.3539
  -> [OK] AI Tashxisi: Normal
[Yuborilmoqda] Cow #9 | GPS: 44.0947, 59.3455
  -> [OK] AI Tashxisi: Normal
[Yuborilmoqda] Cow #10 | GPS: 44.0954, 59.3483
  -> [OK] AI Tashxisi: Normal
[Yuborilmoqda] Cow #11 | GPS: 44.0956, 59.3489
  -> [OK] AI Tashxisi: Normal
----------------------------------------
[Yuborilmoqda] Cow #1 | GPS: 44.098, 59.3439
  -> [OK] AI Tashxisi: Normal
[Yuborilmoqda] Cow #2 | GPS: 44.1026, 59.3526
  -> [OK] AI Tashxisi: Mastit / Infeksiya
[Yuborilmoqda] Cow #3 | GPS: 44.0947, 59.3474
  -> [OK] AI Tashxisi: Normal
[Yuborilmoqda] Cow #4 | GPS: 44.1004, 59.3526
  -> [OK] AI Tashxisi: Ketoz / Acidosis
[Yuborilmoqda] Cow #5 | GPS: 44.0963, 59.3566
  -> [OK] AI Tashxisi: Normal
[Yuborilmoqda] Cow #6 | GPS: 44.1054, 59.3457
  -> [OK] AI Tashxisi: Normal
[Yuborilmoqda] Cow #7 | GPS: 44.1002, 59.3522
  -> [OK] AI Tashxisi: Mastit / Infeksiya
[Yuborilmoqda] Cow #8 | GPS: 44.1052, 59.3537
  -> [OK] AI Tashxisi: Normal
[Yuborilmoqda] Cow #9 | GPS: 44.0948, 59.3456
  -> [OK] AI Tashxisi: Normal
[Yuborilmoqda] Cow #10 | GPS: 44.0955, 59.3484
  -> [OK] AI Tashxisi: Mastit / Infeksiya
[Yuborilmoqda] Cow #11 | GPS: 44.0956, 59.3489
  -> [OK] AI Tashxisi: Normal
----------------------------------------
[Yuborilmoqda] Cow #1 | GPS: 44.0981, 59.3439
  -> [OK] AI Tashxisi: Normal
[Yuborilmoqda] Cow #2 | GPS: 44.1024, 59.3525
  -> [OK] AI Tashxisi: Normal
[Yuborilmoqda] Cow #3 | GPS: 44.0947, 59.3474
  -> [OK] AI Tashxisi: Normal
[Yuborilmoqda] Cow #4 | GPS: 44.1002, 59.3525
  -> [OK] AI Tashxisi: Ketoz / Acidosis
[Yuborilmoqda] Cow #5 | GPS: 44.0964, 59.3567
  -> [OK] AI Tashxisi: Normal
[Yuborilmoqda] Cow #6 | GPS: 44.1054, 59.3457
  -> [OK] AI Tashxisi: Normal
[Yuborilmoqda] Cow #7 | GPS: 44.1002, 59.3521
  -> [OK] AI Tashxisi: Mastit / Infeksiya
[Yuborilmoqda] Cow #8 | GPS: 44.105, 59.3538
  -> [OK] AI Tashxisi: Normal
[Yuborilmoqda] Cow #9 | GPS: 44.095, 59.3457
  -> [OK] AI Tashxisi: Normal
[Yuborilmoqda] Cow #10 | GPS: 44.0956, 59.3483
  -> [OK] AI Tashxisi: Normal
[Yuborilmoqda] Cow #11 | GPS: 44.0955, 59.3489
  -> [OK] AI Tashxisi: Normal
----------------------------------------
[Yuborilmoqda] Cow #1 | GPS: 44.0982, 59.3439
  -> [OK] AI Tashxisi: Normal
[Yuborilmoqda] Cow #2 | GPS: 44.1025, 59.3526
  -> [OK] AI Tashxisi: Normal
[Yuborilmoqda] Cow #3 | GPS: 44.0948, 59.3473
  -> [OK] AI Tashxisi: Normal
[Yuborilmoqda] Cow #4 | GPS: 44.1, 59.3527
  -> [OK] AI Tashxisi: Ketoz / Acidosis
[Yuborilmoqda] Cow #5 | GPS: 44.0963, 59.3567
  -> [OK] AI Tashxisi: Normal
[Yuborilmoqda] Cow #6 | GPS: 44.1054, 59.3456
  -> [OK] AI Tashxisi: Normal
[Yuborilmoqda] Cow #7 | GPS: 44.1004, 59.352
  -> [OK] AI Tashxisi: Mastit / Infeksiya
[Yuborilmoqda] Cow #8 | GPS: 44.105, 59.3537
  -> [OK] AI Tashxisi: Normal
[Yuborilmoqda] Cow #9 | GPS: 44.0951, 59.3459
  -> [OK] AI Tashxisi: Normal
[Yuborilmoqda] Cow #10 | GPS: 44.0958, 59.3485
  -> [OK] AI Tashxisi: Normal
[Yuborilmoqda] Cow #11 | GPS: 44.0956, 59.3488
  -> [OK] AI Tashxisi: Normal
----------------------------------------
[Yuborilmoqda] Cow #1 | GPS: 44.098, 59.3439
  -> [OK] AI Tashxisi: Normal
[Yuborilmoqda] Cow #2 | GPS: 44.1024, 59.3524
  -> [OK] AI Tashxisi: Normal
[Yuborilmoqda] Cow #3 | GPS: 44.0947, 59.3474
  -> [OK] AI Tashxisi: Normal
[Yuborilmoqda] Cow #4 | GPS: 44.1, 59.3525
  -> [OK] AI Tashxisi: Ketoz / Acidosis
[Yuborilmoqda] Cow #5 | GPS: 44.0962, 59.3565
  -> [OK] AI Tashxisi: Normal
[Yuborilmoqda] Cow #6 | GPS: 44.1054, 59.3454
  -> [OK] AI Tashxisi: Normal
[Yuborilmoqda] Cow #7 | GPS: 44.1004, 59.3521
  -> [OK] AI Tashxisi: Mastit / Infeksiya
[Yuborilmoqda] Cow #8 | GPS: 44.1051, 59.3535
  -> [OK] AI Tashxisi: Normal
[Yuborilmoqda] Cow #9 | GPS: 44.095, 59.3458
  -> [OK] AI Tashxisi: Normal
[Yuborilmoqda] Cow #10 | GPS: 44.096, 59.3485
  -> [OK] AI Tashxisi: Normal
[Yuborilmoqda] Cow #11 | GPS: 44.0954, 59.3489
  -> [OK] AI Tashxisi: Normal
----------------------------------------
[Yuborilmoqda] Cow #1 | GPS: 44.098, 59.344
  -> [OK] AI Tashxisi: Normal
[Yuborilmoqda] Cow #2 | GPS: 44.1025, 59.3522
  -> [OK] AI Tashxisi: Normal
[Yuborilmoqda] Cow #3 | GPS: 44.0945, 59.3476
  -> [OK] AI Tashxisi: Normal
[Yuborilmoqda] Cow #4 | GPS: 44.1, 59.3523
  -> [OK] AI Tashxisi: Ketoz / Acidosis
[Yuborilmoqda] Cow #5 | GPS: 44.096, 59.3566
  -> [OK] AI Tashxisi: Normal
[Yuborilmoqda] Cow #6 | GPS: 44.1056, 59.3453
  -> [OK] AI Tashxisi: Normal
[Yuborilmoqda] Cow #7 | GPS: 44.1003, 59.3521
  -> [OK] AI Tashxisi: Mastit / Infeksiya
[Yuborilmoqda] Cow #8 | GPS: 44.1053, 59.3535
  -> [OK] AI Tashxisi: Normal
[Yuborilmoqda] Cow #9 | GPS: 44.0949, 59.3457
  -> [OK] AI Tashxisi: Mastit / Infeksiya
[Yuborilmoqda] Cow #10 | GPS: 44.096, 59.3483
  -> [OK] AI Tashxisi: Normal
[Yuborilmoqda] Cow #11 | GPS: 44.0953, 59.3491
  -> [OK] AI Tashxisi: Mastit / Infeksiya
----------------------------------------
[Yuborilmoqda] Cow #1 | GPS: 44.0981, 59.344
  -> [OK] AI Tashxisi: Normal
[Yuborilmoqda] Cow #2 | GPS: 44.1026, 59.352
  -> [OK] AI Tashxisi: Normal
[Yuborilmoqda] Cow #3 | GPS: 44.0945, 59.3474
  -> [OK] AI Tashxisi: Normal
[Yuborilmoqda] Cow #4 | GPS: 44.1002, 59.3524
  -> [OK] AI Tashxisi: Ketoz / Acidosis
[Yuborilmoqda] Cow #5 | GPS: 44.0961, 59.3565
  -> [OK] AI Tashxisi: Normal
[Yuborilmoqda] Cow #6 | GPS: 44.1054, 59.3455
  -> [OK] AI Tashxisi: Normal
[Yuborilmoqda] Cow #7 | GPS: 44.1003, 59.3522
  -> [OK] AI Tashxisi: Mastit / Infeksiya
[Yuborilmoqda] Cow #8 | GPS: 44.1051, 59.3536
  -> [OK] AI Tashxisi: Normal
[Yuborilmoqda] Cow #9 | GPS: 44.0949, 59.3457
  -> [OK] AI Tashxisi: Normal
[Yuborilmoqda] Cow #10 | GPS: 44.096, 59.3483
  -> [OK] AI Tashxisi: Normal
[Yuborilmoqda] Cow #11 | GPS: 44.0952, 59.3489
  -> [OK] AI Tashxisi: Normal
----------------------------------------
[Yuborilmoqda] Cow #1 | GPS: 44.0983, 59.344
  -> [OK] AI Tashxisi: Normal
[Yuborilmoqda] Cow #2 | GPS: 44.1026, 59.3522
  -> [OK] AI Tashxisi: Normal
[Yuborilmoqda] Cow #3 | GPS: 44.0946, 59.3474
  -> [OK] AI Tashxisi: Normal
[Yuborilmoqda] Cow #4 | GPS: 44.1003, 59.3525
  -> [OK] AI Tashxisi: Ketoz / Acidosis
[Yuborilmoqda] Cow #5 | GPS: 44.0961, 59.3564
  -> [OK] AI Tashxisi: Normal
[Yuborilmoqda] Cow #6 | GPS: 44.1054, 59.3456
  -> [OK] AI Tashxisi: Normal
[Yuborilmoqda] Cow #7 | GPS: 44.1001, 59.3523
  -> [OK] AI Tashxisi: Mastit / Infeksiya
[Yuborilmoqda] Cow #8 | GPS: 44.1051, 59.3535
  -> [OK] AI Tashxisi: Normal
[Yuborilmoqda] Cow #9 | GPS: 44.0951, 59.3458
  -> [OK] AI Tashxisi: Normal
[Yuborilmoqda] Cow #10 | GPS: 44.096, 59.3483
  -> [OK] AI Tashxisi: Normal
[Yuborilmoqda] Cow #11 | GPS: 44.0951, 59.3489
  -> [OK] AI Tashxisi: Normal
----------------------------------------
[Yuborilmoqda] Cow #1 | GPS: 44.0982, 59.3442
  -> [OK] AI Tashxisi: Normal
[Yuborilmoqda] Cow #2 | GPS: 44.1024, 59.3521
  -> [OK] AI Tashxisi: Normal
[Yuborilmoqda] Cow #3 | GPS: 44.0946, 59.3472
  -> [OK] AI Tashxisi: Normal
[Yuborilmoqda] Cow #4 | GPS: 44.1004, 59.3523
  -> [OK] AI Tashxisi: Ketoz / Acidosis
[Yuborilmoqda] Cow #5 | GPS: 44.096, 59.3563
  -> [OK] AI Tashxisi: Normal
[Yuborilmoqda] Cow #6 | GPS: 44.1053, 59.3457
  -> [OK] AI Tashxisi: Normal
[Yuborilmoqda] Cow #7 | GPS: 44.0999, 59.3522
  -> [OK] AI Tashxisi: Mastit / Infeksiya
[Yuborilmoqda] Cow #8 | GPS: 44.105, 59.3534
  -> [OK] AI Tashxisi: Normal
[Yuborilmoqda] Cow #9 | GPS: 44.0951, 59.3459
  -> [OK] AI Tashxisi: Normal
[Yuborilmoqda] Cow #10 | GPS: 44.0959, 59.3482
  -> [OK] AI Tashxisi: Normal
[Yuborilmoqda] Cow #11 | GPS: 44.0949, 59.3489
  -> [OK] AI Tashxisi: Normal
----------------------------------------
[Yuborilmoqda] Cow #1 | GPS: 44.098, 59.3444
  -> [OK] AI Tashxisi: Normal
[Yuborilmoqda] Cow #2 | GPS: 44.1022, 59.3522
  -> [OK] AI Tashxisi: Normal
[Yuborilmoqda] Cow #3 | GPS: 44.0946, 59.3473
  -> [OK] AI Tashxisi: Normal
[Yuborilmoqda] Cow #4 | GPS: 44.1002, 59.3525
  -> [OK] AI Tashxisi: Ketoz / Acidosis
[Yuborilmoqda] Cow #5 | GPS: 44.0961, 59.3565
  -> [OK] AI Tashxisi: Normal
[Yuborilmoqda] Cow #6 | GPS: 44.1055, 59.3456
  -> [OK] AI Tashxisi: Normal
[Yuborilmoqda] Cow #7 | GPS: 44.0998, 59.3521
  -> [OK] AI Tashxisi: Mastit / Infeksiya
[Yuborilmoqda] Cow #8 | GPS: 44.105, 59.3533
  -> [OK] AI Tashxisi: Normal
[Yuborilmoqda] Cow #9 | GPS: 44.0951, 59.346
  -> [OK] AI Tashxisi: Normal
[Yuborilmoqda] Cow #10 | GPS: 44.0958, 59.3481
  -> [OK] AI Tashxisi: Normal
[Yuborilmoqda] Cow #11 | GPS: 44.0949, 59.349
  -> [OK] AI Tashxisi: Normal
----------------------------------------
[Yuborilmoqda] Cow #1 | GPS: 44.0982, 59.3442
  -> [OK] AI Tashxisi: Normal
[Yuborilmoqda] Cow #2 | GPS: 44.1021, 59.3521
  -> [OK] AI Tashxisi: Normal
[Yuborilmoqda] Cow #3 | GPS: 44.0947, 59.3472
  -> [OK] AI Tashxisi: Normal
[Yuborilmoqda] Cow #4 | GPS: 44.1004, 59.3523
  -> [OK] AI Tashxisi: Ketoz / Acidosis
[Yuborilmoqda] Cow #5 | GPS: 44.096, 59.3565
  -> [OK] AI Tashxisi: Normal
[Yuborilmoqda] Cow #6 | GPS: 44.1054, 59.3455
  -> [OK] AI Tashxisi: Normal
[Yuborilmoqda] Cow #7 | GPS: 44.0997, 59.3521
  -> [OK] AI Tashxisi: Mastit / Infeksiya
[Yuborilmoqda] Cow #8 | GPS: 44.1052, 59.3532
  -> [OK] AI Tashxisi: Normal
[Yuborilmoqda] Cow #9 | GPS: 44.0952, 59.346
  -> [OK] AI Tashxisi: Normal
[Yuborilmoqda] Cow #10 | GPS: 44.0959, 59.3482
  -> [OK] AI Tashxisi: Normal
[Yuborilmoqda] Cow #11 | GPS: 44.095, 59.349
  -> [OK] AI Tashxisi: Normal
----------------------------------------
[Yuborilmoqda] Cow #1 | GPS: 44.0982, 59.3441
  -> [OK] AI Tashxisi: Normal
[Yuborilmoqda] Cow #2 | GPS: 44.102, 59.352
  -> [OK] AI Tashxisi: Normal
[Yuborilmoqda] Cow #3 | GPS: 44.0947, 59.3472
  -> [OK] AI Tashxisi: Normal
[Yuborilmoqda] Cow #4 | GPS: 44.1005, 59.3522
  -> [OK] AI Tashxisi: Ketoz / Acidosis
[Yuborilmoqda] Cow #5 | GPS: 44.096, 59.3565
  -> [OK] AI Tashxisi: Normal
[Yuborilmoqda] Cow #6 | GPS: 44.1055, 59.3456
  -> [OK] AI Tashxisi: Normal
[Yuborilmoqda] Cow #7 | GPS: 44.0997, 59.3521
  -> [OK] AI Tashxisi: Mastit / Infeksiya
[Yuborilmoqda] Cow #8 | GPS: 44.1054, 59.3534
  -> [OK] AI Tashxisi: Normal
[Yuborilmoqda] Cow #9 | GPS: 44.0951, 59.3461
  -> [OK] AI Tashxisi: Normal
[Yuborilmoqda] Cow #10 | GPS: 44.0958, 59.3482
  -> [OK] AI Tashxisi: Normal
[Yuborilmoqda] Cow #11 | GPS: 44.095, 59.3492
  -> [OK] AI Tashxisi: Normal
----------------------------------------
[Yuborilmoqda] Cow #1 | GPS: 44.0983, 59.3442
  -> [OK] AI Tashxisi: Normal
[Yuborilmoqda] Cow #2 | GPS: 44.1018, 59.3521
  -> [OK] AI Tashxisi: Normal
[Yuborilmoqda] Cow #3 | GPS: 44.0947, 59.3471
  -> [OK] AI Tashxisi: Normal
[Yuborilmoqda] Cow #4 | GPS: 44.1007, 59.3524
  -> [OK] AI Tashxisi: Ketoz / Acidosis
[Yuborilmoqda] Cow #5 | GPS: 44.0961, 59.3565
  -> [OK] AI Tashxisi: Normal
[Yuborilmoqda] Cow #6 | GPS: 44.1055, 59.3456
  -> [OK] AI Tashxisi: Normal
[Yuborilmoqda] Cow #7 | GPS: 44.0997, 59.3522
  -> [OK] AI Tashxisi: Mastit / Infeksiya
[Yuborilmoqda] Cow #8 | GPS: 44.1055, 59.3535
  -> [OK] AI Tashxisi: Normal
[Yuborilmoqda] Cow #9 | GPS: 44.0951, 59.346
  -> [OK] AI Tashxisi: Normal
[Yuborilmoqda] Cow #10 | GPS: 44.0956, 59.3483
  -> [OK] AI Tashxisi: Normal
[Yuborilmoqda] Cow #11 | GPS: 44.0948, 59.3493
  -> [OK] AI Tashxisi: Normal
----------------------------------------
[Yuborilmoqda] Cow #1 | GPS: 44.0985, 59.3441
  -> [OK] AI Tashxisi: Normal
[Yuborilmoqda] Cow #2 | GPS: 44.1016, 59.3522
  -> [OK] AI Tashxisi: Normal
[Yuborilmoqda] Cow #3 | GPS: 44.0946, 59.3471
  -> [OK] AI Tashxisi: Normal
[Yuborilmoqda] Cow #4 | GPS: 44.1008, 59.3522
  -> [OK] AI Tashxisi: Ketoz / Acidosis
[Yuborilmoqda] Cow #5 | GPS: 44.096, 59.3567
  -> [OK] AI Tashxisi: Mastit / Infeksiya
[Yuborilmoqda] Cow #6 | GPS: 44.1055, 59.3456
  -> [OK] AI Tashxisi: Normal
[Yuborilmoqda] Cow #7 | GPS: 44.0998, 59.3521
  -> [OK] AI Tashxisi: Mastit / Infeksiya
[Yuborilmoqda] Cow #8 | GPS: 44.1057, 59.3535
  -> [OK] AI Tashxisi: Normal
[Yuborilmoqda] Cow #9 | GPS: 44.095, 59.3459
  -> [OK] AI Tashxisi: Normal
[Yuborilmoqda] Cow #10 | GPS: 44.0957, 59.3482
  -> [OK] AI Tashxisi: Normal
[Yuborilmoqda] Cow #11 | GPS: 44.095, 59.3492
  -> [OK] AI Tashxisi: Normal
----------------------------------------
[Yuborilmoqda] Cow #1 | GPS: 44.0984, 59.3441
  -> [OK] AI Tashxisi: Normal
[Yuborilmoqda] Cow #2 | GPS: 44.1016, 59.3521
  -> [OK] AI Tashxisi: Normal
[Yuborilmoqda] Cow #3 | GPS: 44.0947, 59.3469
  -> [OK] AI Tashxisi: Normal
[Yuborilmoqda] Cow #4 | GPS: 44.1006, 59.3524
  -> [OK] AI Tashxisi: Ketoz / Acidosis
[Yuborilmoqda] Cow #5 | GPS: 44.0961, 59.3568
  -> [OK] AI Tashxisi: Normal
[Yuborilmoqda] Cow #6 | GPS: 44.1056, 59.3458
  -> [OK] AI Tashxisi: Normal
[Yuborilmoqda] Cow #7 | GPS: 44.0999, 59.3521
  -> [OK] AI Tashxisi: Mastit / Infeksiya
[Yuborilmoqda] Cow #8 | GPS: 44.1058, 59.3536
  -> [OK] AI Tashxisi: Normal
[Yuborilmoqda] Cow #9 | GPS: 44.0952, 59.3459
  -> [OK] AI Tashxisi: Normal
[Yuborilmoqda] Cow #10 | GPS: 44.0956, 59.3481
  -> [OK] AI Tashxisi: Normal
[Yuborilmoqda] Cow #11 | GPS: 44.095, 59.3491
  -> [OK] AI Tashxisi: Normal
----------------------------------------
[Yuborilmoqda] Cow #1 | GPS: 44.0986, 59.3441
  -> [OK] AI Tashxisi: Normal
[Yuborilmoqda] Cow #2 | GPS: 44.1015, 59.3522
  -> [OK] AI Tashxisi: Normal
[Yuborilmoqda] Cow #3 | GPS: 44.0946, 59.3469
  -> [OK] AI Tashxisi: Normal
[Yuborilmoqda] Cow #4 | GPS: 44.1008, 59.3525
  -> [OK] AI Tashxisi: Ketoz / Acidosis
[Yuborilmoqda] Cow #5 | GPS: 44.0962, 59.3568
  -> [OK] AI Tashxisi: Normal
[Yuborilmoqda] Cow #6 | GPS: 44.1054, 59.346
  -> [OK] AI Tashxisi: Normal
[Yuborilmoqda] Cow #7 | GPS: 44.0998, 59.3522
  -> [OK] AI Tashxisi: Mastit / Infeksiya
[Yuborilmoqda] Cow #8 | GPS: 44.1056, 59.3538
  -> [OK] AI Tashxisi: Normal
[Yuborilmoqda] Cow #9 | GPS: 44.0952, 59.3458
  -> [OK] AI Tashxisi: Mastit / Infeksiya
[Yuborilmoqda] Cow #10 | GPS: 44.0954, 59.348
  -> [OK] AI Tashxisi: Normal
[Yuborilmoqda] Cow #11 | GPS: 44.095, 59.3491
  -> [OK] AI Tashxisi: Normal
----------------------------------------
[Yuborilmoqda] Cow #1 | GPS: 44.0987, 59.3439
  -> [OK] AI Tashxisi: Normal
[Yuborilmoqda] Cow #2 | GPS: 44.1015, 59.3523
  -> [OK] AI Tashxisi: Normal
[Yuborilmoqda] Cow #3 | GPS: 44.0945, 59.3471
  -> [OK] AI Tashxisi: Normal
[Yuborilmoqda] Cow #4 | GPS: 44.1006, 59.3527
  -> [OK] AI Tashxisi: Ketoz / Acidosis
[Yuborilmoqda] Cow #5 | GPS: 44.0963, 59.357
  -> [OK] AI Tashxisi: Normal
[Yuborilmoqda] Cow #6 | GPS: 44.1053, 59.3458
  -> [OK] AI Tashxisi: Normal
[Yuborilmoqda] Cow #7 | GPS: 44.0999, 59.3523
  -> [OK] AI Tashxisi: Mastit / Infeksiya
[Yuborilmoqda] Cow #8 | GPS: 44.1058, 59.3538
  -> [OK] AI Tashxisi: Normal
[Yuborilmoqda] Cow #9 | GPS: 44.0951, 59.3456
  -> [OK] AI Tashxisi: Normal
[Yuborilmoqda] Cow #10 | GPS: 44.0953, 59.348
  -> [OK] AI Tashxisi: Normal
[Yuborilmoqda] Cow #11 | GPS: 44.0951, 59.3492
  -> [OK] AI Tashxisi: Normal
----------------------------------------
[Yuborilmoqda] Cow #1 | GPS: 44.0989, 59.344
  -> [OK] AI Tashxisi: Normal
[Yuborilmoqda] Cow #2 | GPS: 44.1014, 59.3522
  -> [OK] AI Tashxisi: Normal
[Yuborilmoqda] Cow #3 | GPS: 44.0943, 59.3471
  -> [OK] AI Tashxisi: Normal
[Yuborilmoqda] Cow #4 | GPS: 44.1008, 59.3528
  -> [OK] AI Tashxisi: Ketoz / Acidosis
[Yuborilmoqda] Cow #5 | GPS: 44.0961, 59.3571
  -> [OK] AI Tashxisi: Normal
[Yuborilmoqda] Cow #6 | GPS: 44.1054, 59.3458
  -> [OK] AI Tashxisi: Normal
[Yuborilmoqda] Cow #7 | GPS: 44.0999, 59.3524
  -> [OK] AI Tashxisi: Mastit / Infeksiya
[Yuborilmoqda] Cow #8 | GPS: 44.1058, 59.3539
  -> [OK] AI Tashxisi: Normal
[Yuborilmoqda] Cow #9 | GPS: 44.0953, 59.3458
  -> [OK] AI Tashxisi: Normal
[Yuborilmoqda] Cow #10 | GPS: 44.0953, 59.3482
  -> [OK] AI Tashxisi: Normal
[Yuborilmoqda] Cow #11 | GPS: 44.0953, 59.3491
  -> [OK] AI Tashxisi: Normal
----------------------------------------
[Yuborilmoqda] Cow #1 | GPS: 44.0991, 59.3438
  -> [OK] AI Tashxisi: Normal
[Yuborilmoqda] Cow #2 | GPS: 44.1014, 59.352
  -> [OK] AI Tashxisi: Normal
[Yuborilmoqda] Cow #3 | GPS: 44.0943, 59.3471
  -> [OK] AI Tashxisi: Normal
[Yuborilmoqda] Cow #4 | GPS: 44.1007, 59.3527
  -> [OK] AI Tashxisi: Ketoz / Acidosis
[Yuborilmoqda] Cow #5 | GPS: 44.096, 59.357
  -> [OK] AI Tashxisi: Normal
[Yuborilmoqda] Cow #6 | GPS: 44.1055, 59.3456
  -> [OK] AI Tashxisi: Normal
[Yuborilmoqda] Cow #7 | GPS: 44.0999, 59.3524
  -> [OK] AI Tashxisi: Mastit / Infeksiya
[Yuborilmoqda] Cow #8 | GPS: 44.106, 59.3538
  -> [OK] AI Tashxisi: Normal
[Yuborilmoqda] Cow #9 | GPS: 44.0952, 59.3457
  -> [OK] AI Tashxisi: Normal
[Yuborilmoqda] Cow #10 | GPS: 44.0954, 59.348
  -> [OK] AI Tashxisi: Normal
[Yuborilmoqda] Cow #11 | GPS: 44.0951, 59.3492
  -> [OK] AI Tashxisi: Normal
----------------------------------------
[Yuborilmoqda] Cow #1 | GPS: 44.0993, 59.3438
  -> [OK] AI Tashxisi: Normal
[Yuborilmoqda] Cow #2 | GPS: 44.1013, 59.352
  -> [OK] AI Tashxisi: Normal
[Yuborilmoqda] Cow #3 | GPS: 44.0943, 59.347
  -> [OK] AI Tashxisi: Normal
[Yuborilmoqda] Cow #4 | GPS: 44.1008, 59.3526
  -> [OK] AI Tashxisi: Ketoz / Acidosis
[Yuborilmoqda] Cow #5 | GPS: 44.0961, 59.3569
  -> [OK] AI Tashxisi: Normal
[Yuborilmoqda] Cow #6 | GPS: 44.1056, 59.3454
  -> [OK] AI Tashxisi: Normal
[Yuborilmoqda] Cow #7 | GPS: 44.0998, 59.3524
  -> [OK] AI Tashxisi: Mastit / Infeksiya
[Yuborilmoqda] Cow #8 | GPS: 44.1062, 59.3539
  -> [OK] AI Tashxisi: Normal
[Yuborilmoqda] Cow #9 | GPS: 44.0951, 59.3459
  -> [OK] AI Tashxisi: Normal
[Yuborilmoqda] Cow #10 | GPS: 44.0953, 59.3479
  -> [OK] AI Tashxisi: Normal
[Yuborilmoqda] Cow #11 | GPS: 44.0953, 59.349
  -> [OK] AI Tashxisi: Normal
----------------------------------------
[Yuborilmoqda] Cow #1 | GPS: 44.0994, 59.3439
  -> [OK] AI Tashxisi: Normal
[Yuborilmoqda] Cow #2 | GPS: 44.1012, 59.3519
  -> [OK] AI Tashxisi: Normal
[Yuborilmoqda] Cow #3 | GPS: 44.0943, 59.3468
  -> [OK] AI Tashxisi: Normal
[Yuborilmoqda] Cow #4 | GPS: 44.1008, 59.3527
  -> [OK] AI Tashxisi: Ketoz / Acidosis
[Yuborilmoqda] Cow #5 | GPS: 44.0959, 59.3567
  -> [OK] AI Tashxisi: Normal
[Yuborilmoqda] Cow #6 | GPS: 44.1056, 59.3454
  -> [OK] AI Tashxisi: Normal
[Yuborilmoqda] Cow #7 | GPS: 44.0996, 59.3522
  -> [OK] AI Tashxisi: Mastit / Infeksiya
[Yuborilmoqda] Cow #8 | GPS: 44.1062, 59.3538
  -> [OK] AI Tashxisi: Normal
[Yuborilmoqda] Cow #9 | GPS: 44.0949, 59.3458
  -> [OK] AI Tashxisi: Normal
[Yuborilmoqda] Cow #10 | GPS: 44.0951, 59.3477
  -> [OK] AI Tashxisi: Normal
[Yuborilmoqda] Cow #11 | GPS: 44.0953, 59.349
  -> [OK] AI Tashxisi: Normal
----------------------------------------
[Yuborilmoqda] Cow #1 | GPS: 44.0994, 59.3441
  -> [OK] AI Tashxisi: Normal
[Yuborilmoqda] Cow #2 | GPS: 44.1012, 59.352
  -> [OK] AI Tashxisi: Normal
[Yuborilmoqda] Cow #3 | GPS: 44.0944, 59.3466
  -> [OK] AI Tashxisi: Normal
[Yuborilmoqda] Cow #4 | GPS: 44.101, 59.3528
  -> [OK] AI Tashxisi: Ketoz / Acidosis
[Yuborilmoqda] Cow #5 | GPS: 44.0958, 59.3566
  -> [OK] AI Tashxisi: Mastit / Infeksiya
[Yuborilmoqda] Cow #6 | GPS: 44.1056, 59.3455
  -> [OK] AI Tashxisi: Normal
[Yuborilmoqda] Cow #7 | GPS: 44.0995, 59.3522
  -> [OK] AI Tashxisi: Mastit / Infeksiya
[Yuborilmoqda] Cow #8 | GPS: 44.1063, 59.3539
  -> [OK] AI Tashxisi: Normal
[Yuborilmoqda] Cow #9 | GPS: 44.0948, 59.3459
  -> [OK] AI Tashxisi: Normal
[Yuborilmoqda] Cow #10 | GPS: 44.0952, 59.3477
  -> [OK] AI Tashxisi: Normal
[Yuborilmoqda] Cow #11 | GPS: 44.0954, 59.3492
  -> [OK] AI Tashxisi: Normal
----------------------------------------
[Yuborilmoqda] Cow #1 | GPS: 44.0994, 59.344
  -> [OK] AI Tashxisi: Normal
[Yuborilmoqda] Cow #2 | GPS: 44.101, 59.3519
  -> [OK] AI Tashxisi: Normal
[Yuborilmoqda] Cow #3 | GPS: 44.0942, 59.3465
  -> [OK] AI Tashxisi: Normal
[Yuborilmoqda] Cow #4 | GPS: 44.1011, 59.3529
  -> [OK] AI Tashxisi: Ketoz / Acidosis
[Yuborilmoqda] Cow #5 | GPS: 44.096, 59.3566
  -> [OK] AI Tashxisi: Normal
[Yuborilmoqda] Cow #6 | GPS: 44.1056, 59.3456
  -> [OK] AI Tashxisi: Normal
[Yuborilmoqda] Cow #7 | GPS: 44.0994, 59.3521
  -> [OK] AI Tashxisi: Mastit / Infeksiya
[Yuborilmoqda] Cow #8 | GPS: 44.1063, 59.3539
  -> [OK] AI Tashxisi: Normal
[Yuborilmoqda] Cow #9 | GPS: 44.0949, 59.3459
  -> [OK] AI Tashxisi: Normal
[Yuborilmoqda] Cow #10 | GPS: 44.095, 59.3477
  -> [OK] AI Tashxisi: Normal
[Yuborilmoqda] Cow #11 | GPS: 44.0954, 59.3493
  -> [OK] AI Tashxisi: Normal
----------------------------------------
[Yuborilmoqda] Cow #1 | GPS: 44.0993, 59.3439
  -> [OK] AI Tashxisi: Normal
[Yuborilmoqda] Cow #2 | GPS: 44.1011, 59.3518
  -> [OK] AI Tashxisi: Normal
[Yuborilmoqda] Cow #3 | GPS: 44.0942, 59.3467
  -> [OK] AI Tashxisi: Normal
[Yuborilmoqda] Cow #4 | GPS: 44.1012, 59.353
  -> [OK] AI Tashxisi: Ketoz / Acidosis
[Yuborilmoqda] Cow #5 | GPS: 44.0959, 59.3566
  -> [OK] AI Tashxisi: Normal
[Yuborilmoqda] Cow #6 | GPS: 44.1057, 59.3456
  -> [OK] AI Tashxisi: Normal
[Yuborilmoqda] Cow #7 | GPS: 44.0995, 59.352
  -> [OK] AI Tashxisi: Mastit / Infeksiya
[Yuborilmoqda] Cow #8 | GPS: 44.1065, 59.3541
  -> [OK] AI Tashxisi: Normal
[Yuborilmoqda] Cow #9 | GPS: 44.0949, 59.3457
  -> [OK] AI Tashxisi: Normal
[Yuborilmoqda] Cow #10 | GPS: 44.0949, 59.3476
  -> [OK] AI Tashxisi: Normal
[Yuborilmoqda] Cow #11 | GPS: 44.0952, 59.3494
  -> [OK] AI Tashxisi: Normal
----------------------------------------
[Yuborilmoqda] Cow #1 | GPS: 44.0993, 59.3438
  -> [OK] AI Tashxisi: Normal
[Yuborilmoqda] Cow #2 | GPS: 44.1011, 59.3517
  -> [OK] AI Tashxisi: Normal
[Yuborilmoqda] Cow #3 | GPS: 44.0942, 59.3467
  -> [OK] AI Tashxisi: Mastit / Infeksiya
[Yuborilmoqda] Cow #4 | GPS: 44.1013, 59.3532
  -> [OK] AI Tashxisi: Ketoz / Acidosis
[Yuborilmoqda] Cow #5 | GPS: 44.0957, 59.3566
  -> [OK] AI Tashxisi: Normal
[Yuborilmoqda] Cow #6 | GPS: 44.1056, 59.3457
  -> [OK] AI Tashxisi: Normal
[Yuborilmoqda] Cow #7 | GPS: 44.0996, 59.3518
  -> [OK] AI Tashxisi: Mastit / Infeksiya
[Yuborilmoqda] Cow #8 | GPS: 44.1065, 59.3539
  -> [OK] AI Tashxisi: Normal
[Yuborilmoqda] Cow #9 | GPS: 44.0948, 59.3459
  -> [OK] AI Tashxisi: Mastit / Infeksiya
[Yuborilmoqda] Cow #10 | GPS: 44.0948, 59.3478
  -> [OK] AI Tashxisi: Normal
[Yuborilmoqda] Cow #11 | GPS: 44.0953, 59.3496
  -> [OK] AI Tashxisi: Normal
----------------------------------------
[Yuborilmoqda] Cow #1 | GPS: 44.0994, 59.3437
  -> [OK] AI Tashxisi: Normal
[Yuborilmoqda] Cow #2 | GPS: 44.1011, 59.3517
  -> [OK] AI Tashxisi: Normal
[Yuborilmoqda] Cow #3 | GPS: 44.0941, 59.3468
  -> [OK] AI Tashxisi: Normal
[Yuborilmoqda] Cow #4 | GPS: 44.1012, 59.3532
  -> [OK] AI Tashxisi: Ketoz / Acidosis
[Yuborilmoqda] Cow #5 | GPS: 44.0957, 59.3565
  -> [OK] AI Tashxisi: Normal
[Yuborilmoqda] Cow #6 | GPS: 44.1055, 59.3455
  -> [OK] AI Tashxisi: Normal
[Yuborilmoqda] Cow #7 | GPS: 44.0997, 59.3518
  -> [OK] AI Tashxisi: Mastit / Infeksiya
[Yuborilmoqda] Cow #8 | GPS: 44.1067, 59.354
  -> [OK] AI Tashxisi: Normal
[Yuborilmoqda] Cow #9 | GPS: 44.0946, 59.3459
  -> [OK] AI Tashxisi: Normal
[Yuborilmoqda] Cow #10 | GPS: 44.0949, 59.348
  -> [OK] AI Tashxisi: Normal
[Yuborilmoqda] Cow #11 | GPS: 44.0954, 59.3495
  -> [OK] AI Tashxisi: Normal
----------------------------------------
[Yuborilmoqda] Cow #1 | GPS: 44.0994, 59.3435
  -> [OK] AI Tashxisi: Normal
[Yuborilmoqda] Cow #2 | GPS: 44.1012, 59.3515
  -> [OK] AI Tashxisi: Normal
[Yuborilmoqda] Cow #3 | GPS: 44.094, 59.3467
  -> [OK] AI Tashxisi: Normal
[Yuborilmoqda] Cow #4 | GPS: 44.1013, 59.3533
  -> [OK] AI Tashxisi: Ketoz / Acidosis
[Yuborilmoqda] Cow #5 | GPS: 44.0957, 59.3564
  -> [OK] AI Tashxisi: Normal
[Yuborilmoqda] Cow #6 | GPS: 44.1056, 59.3453
  -> [OK] AI Tashxisi: Normal
[Yuborilmoqda] Cow #7 | GPS: 44.0998, 59.3518
  -> [OK] AI Tashxisi: Mastit / Infeksiya
[Yuborilmoqda] Cow #8 | GPS: 44.1067, 59.354
  -> [OK] AI Tashxisi: Normal
[Yuborilmoqda] Cow #9 | GPS: 44.0947, 59.3461
  -> [OK] AI Tashxisi: Normal
[Yuborilmoqda] Cow #10 | GPS: 44.095, 59.3478
  -> [OK] AI Tashxisi: Normal
[Yuborilmoqda] Cow #11 | GPS: 44.0956, 59.3495
  -> [OK] AI Tashxisi: Normal
----------------------------------------
[Yuborilmoqda] Cow #1 | GPS: 44.0995, 59.3433
  -> [OK] AI Tashxisi: Normal
[Yuborilmoqda] Cow #2 | GPS: 44.1013, 59.3514
  -> [OK] AI Tashxisi: Normal
[Yuborilmoqda] Cow #3 | GPS: 44.0939, 59.3468
  -> [OK] AI Tashxisi: Normal
[Yuborilmoqda] Cow #4 | GPS: 44.1013, 59.3533
  -> [OK] AI Tashxisi: Ketoz / Acidosis
[Yuborilmoqda] Cow #5 | GPS: 44.0956, 59.3566
  -> [OK] AI Tashxisi: Normal
[Yuborilmoqda] Cow #6 | GPS: 44.1056, 59.3454
  -> [OK] AI Tashxisi: Normal
[Yuborilmoqda] Cow #7 | GPS: 44.0997, 59.3518
  -> [OK] AI Tashxisi: Mastit / Infeksiya
[Yuborilmoqda] Cow #8 | GPS: 44.1065, 59.354
  -> [OK] AI Tashxisi: Normal
[Yuborilmoqda] Cow #9 | GPS: 44.0948, 59.346
  -> [OK] AI Tashxisi: Normal
[Yuborilmoqda] Cow #10 | GPS: 44.095, 59.3477
  -> [OK] AI Tashxisi: Normal
[Yuborilmoqda] Cow #11 | GPS: 44.0954, 59.3495
  -> [OK] AI Tashxisi: Normal
----------------------------------------
[Yuborilmoqda] Cow #1 | GPS: 44.0995, 59.3434
  -> [OK] AI Tashxisi: Normal
[Yuborilmoqda] Cow #2 | GPS: 44.1012, 59.3513
  -> [OK] AI Tashxisi: Normal
[Yuborilmoqda] Cow #3 | GPS: 44.0939, 59.3468
  -> [OK] AI Tashxisi: Normal
[Yuborilmoqda] Cow #4 | GPS: 44.1014, 59.3535
  -> [OK] AI Tashxisi: Ketoz / Acidosis
[Yuborilmoqda] Cow #5 | GPS: 44.0955, 59.3567
  -> [OK] AI Tashxisi: Normal
[Yuborilmoqda] Cow #6 | GPS: 44.1055, 59.3452
  -> [OK] AI Tashxisi: Normal
[Yuborilmoqda] Cow #7 | GPS: 44.0996, 59.3517
  -> [OK] AI Tashxisi: Mastit / Infeksiya
[Yuborilmoqda] Cow #8 | GPS: 44.1067, 59.3538
  -> [OK] AI Tashxisi: Normal
[Yuborilmoqda] Cow #9 | GPS: 44.0949, 59.346
  -> [OK] AI Tashxisi: Mastit / Infeksiya
[Yuborilmoqda] Cow #10 | GPS: 44.095, 59.3475
  -> [OK] AI Tashxisi: Normal
[Yuborilmoqda] Cow #11 | GPS: 44.0953, 59.3493
  -> [OK] AI Tashxisi: Normal
----------------------------------------
[Yuborilmoqda] Cow #1 | GPS: 44.0994, 59.3435
  -> [OK] AI Tashxisi: Normal
[Yuborilmoqda] Cow #2 | GPS: 44.1011, 59.3511
  -> [OK] AI Tashxisi: Normal
[Yuborilmoqda] Cow #3 | GPS: 44.094, 59.3467
  -> [OK] AI Tashxisi: Normal
[Yuborilmoqda] Cow #4 | GPS: 44.1013, 59.3535
  -> [OK] AI Tashxisi: Ketoz / Acidosis
[Yuborilmoqda] Cow #5 | GPS: 44.0953, 59.3565
  -> [OK] AI Tashxisi: Normal
[Yuborilmoqda] Cow #6 | GPS: 44.1056, 59.3451
  -> [OK] AI Tashxisi: Normal
[Yuborilmoqda] Cow #7 | GPS: 44.0997, 59.3515
  -> [OK] AI Tashxisi: Mastit / Infeksiya
[Yuborilmoqda] Cow #8 | GPS: 44.1067, 59.3536
  -> [OK] AI Tashxisi: Normal
[Yuborilmoqda] Cow #9 | GPS: 44.0949, 59.346
  -> [OK] AI Tashxisi: Normal
[Yuborilmoqda] Cow #10 | GPS: 44.0951, 59.3477
  -> [OK] AI Tashxisi: Normal
[Yuborilmoqda] Cow #11 | GPS: 44.0951, 59.3495
  -> [OK] AI Tashxisi: Mastit / Infeksiya
----------------------------------------
[Yuborilmoqda] Cow #1 | GPS: 44.0994, 59.3437
  -> [OK] AI Tashxisi: Normal
[Yuborilmoqda] Cow #2 | GPS: 44.1011, 59.3511
  -> [OK] AI Tashxisi: Normal
[Yuborilmoqda] Cow #3 | GPS: 44.094, 59.3468
  -> [OK] AI Tashxisi: Mastit / Infeksiya
[Yuborilmoqda] Cow #4 | GPS: 44.1015, 59.3533
  -> [OK] AI Tashxisi: Ketoz / Acidosis
[Yuborilmoqda] Cow #5 | GPS: 44.0951, 59.3565
  -> [OK] AI Tashxisi: Normal
[Yuborilmoqda] Cow #6 | GPS: 44.1055, 59.345
  -> [OK] AI Tashxisi: Normal
[Yuborilmoqda] Cow #7 | GPS: 44.0997, 59.3516
  -> [OK] AI Tashxisi: Mastit / Infeksiya
[Yuborilmoqda] Cow #8 | GPS: 44.1068, 59.3536
  -> [OK] AI Tashxisi: Normal
[Yuborilmoqda] Cow #9 | GPS: 44.0948, 59.3461
  -> [OK] AI Tashxisi: Normal
[Yuborilmoqda] Cow #10 | GPS: 44.0952, 59.3476
  -> [OK] AI Tashxisi: Normal
[Yuborilmoqda] Cow #11 | GPS: 44.0952, 59.3495
  -> [OK] AI Tashxisi: Normal
----------------------------------------
[Yuborilmoqda] Cow #1 | GPS: 44.0995, 59.3435
  -> [OK] AI Tashxisi: Normal
[Yuborilmoqda] Cow #2 | GPS: 44.1011, 59.3513
  -> [OK] AI Tashxisi: Normal
[Yuborilmoqda] Cow #3 | GPS: 44.0942, 59.3469
  -> [OK] AI Tashxisi: Normal
[Yuborilmoqda] Cow #4 | GPS: 44.1014, 59.3532
  -> [OK] AI Tashxisi: Ketoz / Acidosis
[Yuborilmoqda] Cow #5 | GPS: 44.0949, 59.3565
  -> [OK] AI Tashxisi: Normal
[Yuborilmoqda] Cow #6 | GPS: 44.1054, 59.345
  -> [OK] AI Tashxisi: Normal
[Yuborilmoqda] Cow #7 | GPS: 44.0996, 59.3518
  -> [OK] AI Tashxisi: Mastit / Infeksiya
[Yuborilmoqda] Cow #8 | GPS: 44.1066, 59.3537
  -> [OK] AI Tashxisi: Normal
[Yuborilmoqda] Cow #9 | GPS: 44.0947, 59.3461
  -> [OK] AI Tashxisi: Normal
[Yuborilmoqda] Cow #10 | GPS: 44.0954, 59.3477
  -> [OK] AI Tashxisi: Normal
[Yuborilmoqda] Cow #11 | GPS: 44.0951, 59.3497
  -> [OK] AI Tashxisi: Normal
----------------------------------------
[Yuborilmoqda] Cow #1 | GPS: 44.0997, 59.3433
  -> [OK] AI Tashxisi: Normal
[Yuborilmoqda] Cow #2 | GPS: 44.1009, 59.3511
  -> [OK] AI Tashxisi: Normal
[Yuborilmoqda] Cow #3 | GPS: 44.094, 59.3467
  -> [OK] AI Tashxisi: Mastit / Infeksiya
[Yuborilmoqda] Cow #4 | GPS: 44.1016, 59.353
  -> [OK] AI Tashxisi: Ketoz / Acidosis
[Yuborilmoqda] Cow #5 | GPS: 44.0949, 59.3566
  -> [OK] AI Tashxisi: Normal
[Yuborilmoqda] Cow #6 | GPS: 44.1053, 59.3449
  -> [OK] AI Tashxisi: Normal
[Yuborilmoqda] Cow #7 | GPS: 44.0994, 59.3516
  -> [OK] AI Tashxisi: Mastit / Infeksiya
[Yuborilmoqda] Cow #8 | GPS: 44.1067, 59.3535
  -> [OK] AI Tashxisi: Normal
[Yuborilmoqda] Cow #9 | GPS: 44.0947, 59.3461
  -> [OK] AI Tashxisi: Normal
[Yuborilmoqda] Cow #10 | GPS: 44.0953, 59.3476
  -> [OK] AI Tashxisi: Normal
[Yuborilmoqda] Cow #11 | GPS: 44.095, 59.3497
  -> [OK] AI Tashxisi: Normal
----------------------------------------
[Yuborilmoqda] Cow #1 | GPS: 44.0996, 59.3435
  -> [OK] AI Tashxisi: Normal
[Yuborilmoqda] Cow #2 | GPS: 44.1008, 59.3511
  -> [OK] AI Tashxisi: Normal
[Yuborilmoqda] Cow #3 | GPS: 44.0939, 59.3468
  -> [OK] AI Tashxisi: Mastit / Infeksiya
[Yuborilmoqda] Cow #4 | GPS: 44.1018, 59.3531
  -> [OK] AI Tashxisi: Ketoz / Acidosis
[Yuborilmoqda] Cow #5 | GPS: 44.0947, 59.3568
  -> [OK] AI Tashxisi: Normal
[Yuborilmoqda] Cow #6 | GPS: 44.1052, 59.3448
  -> [OK] AI Tashxisi: Normal
[Yuborilmoqda] Cow #7 | GPS: 44.0995, 59.3516
  -> [OK] AI Tashxisi: Mastit / Infeksiya
[Yuborilmoqda] Cow #8 | GPS: 44.1069, 59.3534
  -> [OK] AI Tashxisi: Normal
[Yuborilmoqda] Cow #9 | GPS: 44.0946, 59.3463
  -> [OK] AI Tashxisi: Normal
[Yuborilmoqda] Cow #10 | GPS: 44.0954, 59.3476
  -> [OK] AI Tashxisi: Normal
[Yuborilmoqda] Cow #11 | GPS: 44.095, 59.3499
  -> [OK] AI Tashxisi: Normal
----------------------------------------
[Yuborilmoqda] Cow #1 | GPS: 44.0996, 59.3436
  -> [OK] AI Tashxisi: Normal
[Yuborilmoqda] Cow #2 | GPS: 44.1006, 59.3509
  -> [OK] AI Tashxisi: Normal
[Yuborilmoqda] Cow #3 | GPS: 44.0938, 59.3468
  -> [OK] AI Tashxisi: Normal
[Yuborilmoqda] Cow #4 | GPS: 44.102, 59.3532
  -> [OK] AI Tashxisi: Ketoz / Acidosis
[Yuborilmoqda] Cow #5 | GPS: 44.0945, 59.3569
  -> [OK] AI Tashxisi: Normal
[Yuborilmoqda] Cow #6 | GPS: 44.1052, 59.3449
  -> [OK] AI Tashxisi: Normal
[Yuborilmoqda] Cow #7 | GPS: 44.0995, 59.3517
  -> [OK] AI Tashxisi: Mastit / Infeksiya
[Yuborilmoqda] Cow #8 | GPS: 44.1071, 59.3536
  -> [OK] AI Tashxisi: Normal
[Yuborilmoqda] Cow #9 | GPS: 44.0947, 59.3462
  -> [OK] AI Tashxisi: Normal
[Yuborilmoqda] Cow #10 | GPS: 44.0954, 59.3475
  -> [OK] AI Tashxisi: Normal
[Yuborilmoqda] Cow #11 | GPS: 44.0951, 59.35
  -> [OK] AI Tashxisi: Normal
----------------------------------------
[Yuborilmoqda] Cow #1 | GPS: 44.0995, 59.3435
  -> [OK] AI Tashxisi: Normal
[Yuborilmoqda] Cow #2 | GPS: 44.1005, 59.351
  -> [OK] AI Tashxisi: Normal
[Yuborilmoqda] Cow #3 | GPS: 44.0937, 59.3467
  -> [OK] AI Tashxisi: Normal
[Yuborilmoqda] Cow #4 | GPS: 44.102, 59.3533
  -> [OK] AI Tashxisi: Ketoz / Acidosis
[Yuborilmoqda] Cow #5 | GPS: 44.0945, 59.3569
  -> [OK] AI Tashxisi: Normal
[Yuborilmoqda] Cow #6 | GPS: 44.1052, 59.345
  -> [OK] AI Tashxisi: Normal
[Yuborilmoqda] Cow #7 | GPS: 44.0995, 59.3518
  -> [OK] AI Tashxisi: Mastit / Infeksiya
[Yuborilmoqda] Cow #8 | GPS: 44.1071, 59.3536
  -> [OK] AI Tashxisi: Normal
[Yuborilmoqda] Cow #9 | GPS: 44.0945, 59.346
  -> [OK] AI Tashxisi: Normal
[Yuborilmoqda] Cow #10 | GPS: 44.0954, 59.3473
  -> [OK] AI Tashxisi: Normal
[Yuborilmoqda] Cow #11 | GPS: 44.0949, 59.35
  -> [OK] AI Tashxisi: Normal
----------------------------------------
[Yuborilmoqda] Cow #1 | GPS: 44.0995, 59.3434
  -> [OK] AI Tashxisi: Normal
[Yuborilmoqda] Cow #2 | GPS: 44.1004, 59.3511
  -> [OK] AI Tashxisi: Normal
[Yuborilmoqda] Cow #3 | GPS: 44.0937, 59.3467
  -> [OK] AI Tashxisi: Normal
[Yuborilmoqda] Cow #4 | GPS: 44.1019, 59.3534
  -> [OK] AI Tashxisi: Ketoz / Acidosis
[Yuborilmoqda] Cow #5 | GPS: 44.0946, 59.357
  -> [OK] AI Tashxisi: Normal
[Yuborilmoqda] Cow #6 | GPS: 44.1053, 59.3452
  -> [OK] AI Tashxisi: Normal
[Yuborilmoqda] Cow #7 | GPS: 44.0995, 59.3518
  -> [OK] AI Tashxisi: Mastit / Infeksiya
[Yuborilmoqda] Cow #8 | GPS: 44.1073, 59.3535
  -> [OK] AI Tashxisi: Normal
[Yuborilmoqda] Cow #9 | GPS: 44.0944, 59.3461
  -> [OK] AI Tashxisi: Mastit / Infeksiya
[Yuborilmoqda] Cow #10 | GPS: 44.0954, 59.3475
  -> [OK] AI Tashxisi: Normal
[Yuborilmoqda] Cow #11 | GPS: 44.0949, 59.3499
  -> [OK] AI Tashxisi: Normal
----------------------------------------
[Yuborilmoqda] Cow #1 | GPS: 44.0996, 59.3433
  -> [OK] AI Tashxisi: Normal
[Yuborilmoqda] Cow #2 | GPS: 44.1003, 59.3512
  -> [OK] AI Tashxisi: Normal
[Yuborilmoqda] Cow #3 | GPS: 44.0937, 59.3469
  -> [OK] AI Tashxisi: Mastit / Infeksiya
[Yuborilmoqda] Cow #4 | GPS: 44.102, 59.3532
  -> [OK] AI Tashxisi: Ketoz / Acidosis
[Yuborilmoqda] Cow #5 | GPS: 44.0945, 59.3571
  -> [OK] AI Tashxisi: Normal
[Yuborilmoqda] Cow #6 | GPS: 44.1055, 59.3451
  -> [OK] AI Tashxisi: Normal
[Yuborilmoqda] Cow #7 | GPS: 44.0994, 59.3518
  -> [OK] AI Tashxisi: Mastit / Infeksiya
[Yuborilmoqda] Cow #8 | GPS: 44.1072, 59.3536
  -> [OK] AI Tashxisi: Normal
[Yuborilmoqda] Cow #9 | GPS: 44.0944, 59.346
  -> [OK] AI Tashxisi: Normal
[Yuborilmoqda] Cow #10 | GPS: 44.0955, 59.3474
  -> [OK] AI Tashxisi: Normal
[Yuborilmoqda] Cow #11 | GPS: 44.0949, 59.3498
  -> [OK] AI Tashxisi: Mastit / Infeksiya
----------------------------------------
[Yuborilmoqda] Cow #1 | GPS: 44.0995, 59.3432
  -> [OK] AI Tashxisi: Normal
[Yuborilmoqda] Cow #2 | GPS: 44.1004, 59.3511
  -> [OK] AI Tashxisi: Normal
[Yuborilmoqda] Cow #3 | GPS: 44.0939, 59.347
  -> [OK] AI Tashxisi: Normal
[Yuborilmoqda] Cow #4 | GPS: 44.1019, 59.3531
  -> [OK] AI Tashxisi: Ketoz / Acidosis
[Yuborilmoqda] Cow #5 | GPS: 44.0947, 59.357
  -> [OK] AI Tashxisi: Normal
[Yuborilmoqda] Cow #6 | GPS: 44.1055, 59.3449
  -> [OK] AI Tashxisi: Normal
[Yuborilmoqda] Cow #7 | GPS: 44.0992, 59.3516
  -> [OK] AI Tashxisi: Mastit / Infeksiya
[Yuborilmoqda] Cow #8 | GPS: 44.1071, 59.3538
  -> [OK] AI Tashxisi: Normal
[Yuborilmoqda] Cow #9 | GPS: 44.0945, 59.3459
  -> [OK] AI Tashxisi: Normal
[Yuborilmoqda] Cow #10 | GPS: 44.0956, 59.3474
  -> [OK] AI Tashxisi: Normal
[Yuborilmoqda] Cow #11 | GPS: 44.0949, 59.3498
  -> [OK] AI Tashxisi: Normal
----------------------------------------
[Yuborilmoqda] Cow #1 | GPS: 44.0996, 59.343
  -> [OK] AI Tashxisi: Mastit / Infeksiya
[Yuborilmoqda] Cow #2 | GPS: 44.1005, 59.3512
  -> [OK] AI Tashxisi: Normal
[Yuborilmoqda] Cow #3 | GPS: 44.094, 59.3469
  -> [OK] AI Tashxisi: Normal
[Yuborilmoqda] Cow #4 | GPS: 44.1021, 59.353
  -> [OK] AI Tashxisi: Ketoz / Acidosis
[Yuborilmoqda] Cow #5 | GPS: 44.0947, 59.3571
  -> [OK] AI Tashxisi: Normal
[Yuborilmoqda] Cow #6 | GPS: 44.1055, 59.3451
  -> [OK] AI Tashxisi: Normal
[Yuborilmoqda] Cow #7 | GPS: 44.0991, 59.3517
  -> [OK] AI Tashxisi: Mastit / Infeksiya
[Yuborilmoqda] Cow #8 | GPS: 44.1071, 59.3539
  -> [OK] AI Tashxisi: Normal
[Yuborilmoqda] Cow #9 | GPS: 44.0943, 59.346
  -> [OK] AI Tashxisi: Normal
[Yuborilmoqda] Cow #10 | GPS: 44.0955, 59.3472
  -> [OK] AI Tashxisi: Normal
[Yuborilmoqda] Cow #11 | GPS: 44.0949, 59.3498
  -> [OK] AI Tashxisi: Normal
----------------------------------------
[Yuborilmoqda] Cow #1 | GPS: 44.0997, 59.3431
  -> [OK] AI Tashxisi: Normal
[Yuborilmoqda] Cow #2 | GPS: 44.1006, 59.3512
  -> [OK] AI Tashxisi: Normal
[Yuborilmoqda] Cow #3 | GPS: 44.0938, 59.3468
  -> [OK] AI Tashxisi: Normal
[Yuborilmoqda] Cow #4 | GPS: 44.1019, 59.3528
  -> [OK] AI Tashxisi: Ketoz / Acidosis
[Yuborilmoqda] Cow #5 | GPS: 44.0949, 59.357
  -> [OK] AI Tashxisi: Normal
[Yuborilmoqda] Cow #6 | GPS: 44.1056, 59.3452
  -> [OK] AI Tashxisi: Normal
[Yuborilmoqda] Cow #7 | GPS: 44.099, 59.3517
  -> [OK] AI Tashxisi: Mastit / Infeksiya
[Yuborilmoqda] Cow #8 | GPS: 44.107, 59.3538
  -> [OK] AI Tashxisi: Normal
[Yuborilmoqda] Cow #9 | GPS: 44.0942, 59.3459
  -> [OK] AI Tashxisi: Normal
[Yuborilmoqda] Cow #10 | GPS: 44.0955, 59.3471
  -> [OK] AI Tashxisi: Normal
[Yuborilmoqda] Cow #11 | GPS: 44.0947, 59.3499
  -> [OK] AI Tashxisi: Normal
----------------------------------------
[Yuborilmoqda] Cow #1 | GPS: 44.0997, 59.3431
  -> [OK] AI Tashxisi: Normal
[Yuborilmoqda] Cow #2 | GPS: 44.1007, 59.3511
  -> [OK] AI Tashxisi: Normal
[Yuborilmoqda] Cow #3 | GPS: 44.0936, 59.3469
  -> [OK] AI Tashxisi: Mastit / Infeksiya
[Yuborilmoqda] Cow #4 | GPS: 44.102, 59.3527
  -> [OK] AI Tashxisi: Ketoz / Acidosis
[Yuborilmoqda] Cow #5 | GPS: 44.0947, 59.3568
  -> [OK] AI Tashxisi: Normal
[Yuborilmoqda] Cow #6 | GPS: 44.1057, 59.3451
  -> [OK] AI Tashxisi: Normal
[Yuborilmoqda] Cow #7 | GPS: 44.0991, 59.3515
  -> [OK] AI Tashxisi: Mastit / Infeksiya
[Yuborilmoqda] Cow #8 | GPS: 44.107, 59.3537
  -> [OK] AI Tashxisi: Mastit / Infeksiya
[Yuborilmoqda] Cow #9 | GPS: 44.094, 59.3459
  -> [OK] AI Tashxisi: Normal
[Yuborilmoqda] Cow #10 | GPS: 44.0954, 59.3473
  -> [OK] AI Tashxisi: Mastit / Infeksiya
[Yuborilmoqda] Cow #11 | GPS: 44.0947, 59.3499
  -> [OK] AI Tashxisi: Normal
----------------------------------------
[Yuborilmoqda] Cow #1 | GPS: 44.0996, 59.3432
  -> [OK] AI Tashxisi: Mastit / Infeksiya
[Yuborilmoqda] Cow #2 | GPS: 44.1008, 59.3512
  -> [OK] AI Tashxisi: Normal
[Yuborilmoqda] Cow #3 | GPS: 44.0938, 59.3468
  -> [OK] AI Tashxisi: Normal
[Yuborilmoqda] Cow #4 | GPS: 44.1022, 59.3529
  -> [OK] AI Tashxisi: Ketoz / Acidosis
[Yuborilmoqda] Cow #5 | GPS: 44.0948, 59.3569
  -> [OK] AI Tashxisi: Normal
[Yuborilmoqda] Cow #6 | GPS: 44.1055, 59.3451
  -> [OK] AI Tashxisi: Normal
[Yuborilmoqda] Cow #7 | GPS: 44.0993, 59.3516
  -> [OK] AI Tashxisi: Mastit / Infeksiya
[Yuborilmoqda] Cow #8 | GPS: 44.107, 59.3538
  -> [OK] AI Tashxisi: Normal
[Yuborilmoqda] Cow #9 | GPS: 44.0939, 59.3457
  -> [OK] AI Tashxisi: Normal
[Yuborilmoqda] Cow #10 | GPS: 44.0954, 59.3472
  -> [OK] AI Tashxisi: Normal
[Yuborilmoqda] Cow #11 | GPS: 44.0946, 59.3497
  -> [OK] AI Tashxisi: Normal
----------------------------------------
[Yuborilmoqda] Cow #1 | GPS: 44.0997, 59.3433
  -> [OK] AI Tashxisi: Normal
[Yuborilmoqda] Cow #2 | GPS: 44.1009, 59.3511
  -> [OK] AI Tashxisi: Normal
[Yuborilmoqda] Cow #3 | GPS: 44.0939, 59.3468
  -> [OK] AI Tashxisi: Normal
[Yuborilmoqda] Cow #4 | GPS: 44.1022, 59.3528
  -> [OK] AI Tashxisi: Ketoz / Acidosis
[Yuborilmoqda] Cow #5 | GPS: 44.095, 59.357
  -> [OK] AI Tashxisi: Normal
[Yuborilmoqda] Cow #6 | GPS: 44.1054, 59.3451
  -> [OK] AI Tashxisi: Normal
[Yuborilmoqda] Cow #7 | GPS: 44.0991, 59.3518
  -> [OK] AI Tashxisi: Mastit / Infeksiya
[Yuborilmoqda] Cow #8 | GPS: 44.1072, 59.3539
  -> [OK] AI Tashxisi: Normal
[Yuborilmoqda] Cow #9 | GPS: 44.094, 59.3458
  -> [OK] AI Tashxisi: Normal
[Yuborilmoqda] Cow #10 | GPS: 44.0954, 59.3473
  -> [OK] AI Tashxisi: Normal
[Yuborilmoqda] Cow #11 | GPS: 44.0944, 59.3499
  -> [OK] AI Tashxisi: Normal
----------------------------------------
[Yuborilmoqda] Cow #1 | GPS: 44.0998, 59.3432
  -> [OK] AI Tashxisi: Mastit / Infeksiya
[Yuborilmoqda] Cow #2 | GPS: 44.1007, 59.3512
  -> [OK] AI Tashxisi: Normal
[Yuborilmoqda] Cow #3 | GPS: 44.094, 59.3468
  -> [OK] AI Tashxisi: Normal
[Yuborilmoqda] Cow #4 | GPS: 44.1024, 59.3526
  -> [OK] AI Tashxisi: Ketoz / Acidosis
[Yuborilmoqda] Cow #5 | GPS: 44.095, 59.357
  -> [OK] AI Tashxisi: Normal
[Yuborilmoqda] Cow #6 | GPS: 44.1055, 59.345
  -> [OK] AI Tashxisi: Normal
[Yuborilmoqda] Cow #7 | GPS: 44.0992, 59.352
  -> [OK] AI Tashxisi: Mastit / Infeksiya
[Yuborilmoqda] Cow #8 | GPS: 44.1071, 59.3539
  -> [OK] AI Tashxisi: Normal
[Yuborilmoqda] Cow #9 | GPS: 44.0941, 59.3458
  -> [OK] AI Tashxisi: Normal
[Yuborilmoqda] Cow #10 | GPS: 44.0956, 59.3472
  -> [OK] AI Tashxisi: Normal
[Yuborilmoqda] Cow #11 | GPS: 44.0943, 59.35
  -> [OK] AI Tashxisi: Normal
----------------------------------------
[Yuborilmoqda] Cow #1 | GPS: 44.0998, 59.3432
  -> [OK] AI Tashxisi: Normal
[Yuborilmoqda] Cow #2 | GPS: 44.1007, 59.3511
  -> [OK] AI Tashxisi: Normal
[Yuborilmoqda] Cow #3 | GPS: 44.0939, 59.347
  -> [OK] AI Tashxisi: Normal
[Yuborilmoqda] Cow #4 | GPS: 44.1025, 59.3526
  -> [OK] AI Tashxisi: Ketoz / Acidosis
[Yuborilmoqda] Cow #5 | GPS: 44.0948, 59.3569
  -> [OK] AI Tashxisi: Normal
[Yuborilmoqda] Cow #6 | GPS: 44.1053, 59.345
  -> [OK] AI Tashxisi: Normal
[Yuborilmoqda] Cow #7 | GPS: 44.0991, 59.352
  -> [OK] AI Tashxisi: Mastit / Infeksiya
[Yuborilmoqda] Cow #8 | GPS: 44.1071, 59.3541
  -> [OK] AI Tashxisi: Normal
[Yuborilmoqda] Cow #9 | GPS: 44.094, 59.346
  -> [OK] AI Tashxisi: Normal
[Yuborilmoqda] Cow #10 | GPS: 44.0954, 59.347
  -> [OK] AI Tashxisi: Normal
[Yuborilmoqda] Cow #11 | GPS: 44.0944, 59.35
  -> [OK] AI Tashxisi: Normal
----------------------------------------
[Yuborilmoqda] Cow #1 | GPS: 44.0998, 59.3433
  -> [OK] AI Tashxisi: Normal
[Yuborilmoqda] Cow #2 | GPS: 44.1009, 59.3512
  -> [OK] AI Tashxisi: Normal
[Yuborilmoqda] Cow #3 | GPS: 44.094, 59.3471
  -> [OK] AI Tashxisi: Normal
[Yuborilmoqda] Cow #4 | GPS: 44.1025, 59.3526
  -> [OK] AI Tashxisi: Ketoz / Acidosis
[Yuborilmoqda] Cow #5 | GPS: 44.0949, 59.357
  -> [OK] AI Tashxisi: Normal
[Yuborilmoqda] Cow #6 | GPS: 44.1053, 59.3451
  -> [OK] AI Tashxisi: Normal
[Yuborilmoqda] Cow #7 | GPS: 44.0992, 59.3522
  -> [OK] AI Tashxisi: Mastit / Infeksiya
[Yuborilmoqda] Cow #8 | GPS: 44.1073, 59.354
  -> [OK] AI Tashxisi: Normal
[Yuborilmoqda] Cow #9 | GPS: 44.0938, 59.3461
  -> [OK] AI Tashxisi: Normal
[Yuborilmoqda] Cow #10 | GPS: 44.0954, 59.3469
  -> [OK] AI Tashxisi: Mastit / Infeksiya
[Yuborilmoqda] Cow #11 | GPS: 44.0946, 59.35
  -> [OK] AI Tashxisi: Normal
----------------------------------------
[Yuborilmoqda] Cow #1 | GPS: 44.1, 59.3431
  -> [OK] AI Tashxisi: Normal
[Yuborilmoqda] Cow #2 | GPS: 44.101, 59.3512
  -> [OK] AI Tashxisi: Normal
[Yuborilmoqda] Cow #3 | GPS: 44.0938, 59.3472
  -> [OK] AI Tashxisi: Normal
[Yuborilmoqda] Cow #4 | GPS: 44.1024, 59.3526
  -> [OK] AI Tashxisi: Ketoz / Acidosis
[Yuborilmoqda] Cow #5 | GPS: 44.0951, 59.357
  -> [OK] AI Tashxisi: Normal
[Yuborilmoqda] Cow #6 | GPS: 44.1054, 59.3451
  -> [OK] AI Tashxisi: Normal
[Yuborilmoqda] Cow #7 | GPS: 44.0993, 59.352
  -> [OK] AI Tashxisi: Mastit / Infeksiya
[Yuborilmoqda] Cow #8 | GPS: 44.1073, 59.3538
  -> [OK] AI Tashxisi: Normal
[Yuborilmoqda] Cow #9 | GPS: 44.0939, 59.3461
  -> [OK] AI Tashxisi: Normal
[Yuborilmoqda] Cow #10 | GPS: 44.0956, 59.3467
  -> [OK] AI Tashxisi: Normal
[Yuborilmoqda] Cow #11 | GPS: 44.0945, 59.3502
  -> [OK] AI Tashxisi: Normal
----------------------------------------
[Yuborilmoqda] Cow #1 | GPS: 44.0998, 59.343
  -> [OK] AI Tashxisi: Normal
[Yuborilmoqda] Cow #2 | GPS: 44.1009, 59.3511
  -> [OK] AI Tashxisi: Normal
[Yuborilmoqda] Cow #3 | GPS: 44.0938, 59.3472
  -> [OK] AI Tashxisi: Mastit / Infeksiya
[Yuborilmoqda] Cow #4 | GPS: 44.1024, 59.3525
  -> [OK] AI Tashxisi: Ketoz / Acidosis
[Yuborilmoqda] Cow #5 | GPS: 44.0953, 59.3569
  -> [OK] AI Tashxisi: Normal
[Yuborilmoqda] Cow #6 | GPS: 44.1056, 59.3449
  -> [OK] AI Tashxisi: Mastit / Infeksiya
[Yuborilmoqda] Cow #7 | GPS: 44.0993, 59.352
  -> [OK] AI Tashxisi: Mastit / Infeksiya
[Yuborilmoqda] Cow #8 | GPS: 44.1074, 59.3536
  -> [OK] AI Tashxisi: Normal
[Yuborilmoqda] Cow #9 | GPS: 44.094, 59.3461
  -> [OK] AI Tashxisi: Normal
[Yuborilmoqda] Cow #10 | GPS: 44.0957, 59.3466
  -> [OK] AI Tashxisi: Mastit / Infeksiya
[Yuborilmoqda] Cow #11 | GPS: 44.0944, 59.35
  -> [OK] AI Tashxisi: Normal
----------------------------------------
[Yuborilmoqda] Cow #1 | GPS: 44.0998, 59.3431
  -> [OK] AI Tashxisi: Normal
[Yuborilmoqda] Cow #2 | GPS: 44.1008, 59.3511
  -> [OK] AI Tashxisi: Normal
[Yuborilmoqda] Cow #3 | GPS: 44.094, 59.3473
  -> [OK] AI Tashxisi: Normal
[Yuborilmoqda] Cow #4 | GPS: 44.1023, 59.3524
  -> [OK] AI Tashxisi: Ketoz / Acidosis
[Yuborilmoqda] Cow #5 | GPS: 44.0951, 59.3567
  -> [OK] AI Tashxisi: Normal
[Yuborilmoqda] Cow #6 | GPS: 44.1056, 59.345
  -> [OK] AI Tashxisi: Normal
[Yuborilmoqda] Cow #7 | GPS: 44.0994, 59.3519
  -> [OK] AI Tashxisi: Mastit / Infeksiya
[Yuborilmoqda] Cow #8 | GPS: 44.1072, 59.3537
  -> [OK] AI Tashxisi: Normal
[Yuborilmoqda] Cow #9 | GPS: 44.0942, 59.346
  -> [OK] AI Tashxisi: Normal
[Yuborilmoqda] Cow #10 | GPS: 44.0958, 59.3467
  -> [OK] AI Tashxisi: Mastit / Infeksiya
[Yuborilmoqda] Cow #11 | GPS: 44.0944, 59.35
  -> [OK] AI Tashxisi: Normal
----------------------------------------
[Yuborilmoqda] Cow #1 | GPS: 44.0996, 59.3431
  -> [OK] AI Tashxisi: Normal
[Yuborilmoqda] Cow #2 | GPS: 44.1007, 59.3512
  -> [OK] AI Tashxisi: Normal
[Yuborilmoqda] Cow #3 | GPS: 44.094, 59.3472
  -> [OK] AI Tashxisi: Normal
[Yuborilmoqda] Cow #4 | GPS: 44.1024, 59.3526
  -> [OK] AI Tashxisi: Ketoz / Acidosis
[Yuborilmoqda] Cow #5 | GPS: 44.095, 59.3569
  -> [OK] AI Tashxisi: Normal
[Yuborilmoqda] Cow #6 | GPS: 44.1056, 59.3449
  -> [OK] AI Tashxisi: Normal
[Yuborilmoqda] Cow #7 | GPS: 44.0992, 59.3518
  -> [OK] AI Tashxisi: Mastit / Infeksiya
[Yuborilmoqda] Cow #8 | GPS: 44.1072, 59.3538
  -> [OK] AI Tashxisi: Normal
[Yuborilmoqda] Cow #9 | GPS: 44.094, 59.3459
  -> [OK] AI Tashxisi: Normal
[Yuborilmoqda] Cow #10 | GPS: 44.0959, 59.3467
  -> [OK] AI Tashxisi: Normal
[Yuborilmoqda] Cow #11 | GPS: 44.0943, 59.3502
  -> [OK] AI Tashxisi: Mastit / Infeksiya
----------------------------------------
[Yuborilmoqda] Cow #1 | GPS: 44.0994, 59.343
  -> [OK] AI Tashxisi: Normal
[Yuborilmoqda] Cow #2 | GPS: 44.1007, 59.3513
  -> [OK] AI Tashxisi: Normal
[Yuborilmoqda] Cow #3 | GPS: 44.0941, 59.3472
  -> [OK] AI Tashxisi: Normal
[Yuborilmoqda] Cow #4 | GPS: 44.1024, 59.3527
  -> [OK] AI Tashxisi: Ketoz / Acidosis
[Yuborilmoqda] Cow #5 | GPS: 44.0949, 59.3567
  -> [OK] AI Tashxisi: Normal
[Yuborilmoqda] Cow #6 | GPS: 44.1054, 59.3449
  -> [OK] AI Tashxisi: Normal
[Yuborilmoqda] Cow #7 | GPS: 44.0993, 59.3518
  -> [OK] AI Tashxisi: Mastit / Infeksiya
[Yuborilmoqda] Cow #8 | GPS: 44.1072, 59.3538
  -> [OK] AI Tashxisi: Normal
[Yuborilmoqda] Cow #9 | GPS: 44.0939, 59.3461
  -> [OK] AI Tashxisi: Normal
[Yuborilmoqda] Cow #10 | GPS: 44.0959, 59.3468
  -> [OK] AI Tashxisi: Normal
[Yuborilmoqda] Cow #11 | GPS: 44.0944, 59.3501
  -> [OK] AI Tashxisi: Normal
----------------------------------------
[Yuborilmoqda] Cow #1 | GPS: 44.0995, 59.343
  -> [OK] AI Tashxisi: Normal
[Yuborilmoqda] Cow #2 | GPS: 44.1008, 59.3512
  -> [OK] AI Tashxisi: Normal
[Yuborilmoqda] Cow #3 | GPS: 44.0941, 59.3473
  -> [OK] AI Tashxisi: Normal
[Yuborilmoqda] Cow #4 | GPS: 44.1024, 59.3528
  -> [OK] AI Tashxisi: Ketoz / Acidosis
[Yuborilmoqda] Cow #5 | GPS: 44.0947, 59.3567
  -> [OK] AI Tashxisi: Normal
[Yuborilmoqda] Cow #6 | GPS: 44.1054, 59.3448
  -> [OK] AI Tashxisi: Normal
[Yuborilmoqda] Cow #7 | GPS: 44.0992, 59.3518
  -> [OK] AI Tashxisi: Mastit / Infeksiya
[Yuborilmoqda] Cow #8 | GPS: 44.1071, 59.3536
  -> [OK] AI Tashxisi: Normal
[Yuborilmoqda] Cow #9 | GPS: 44.0939, 59.3462
  -> [OK] AI Tashxisi: Normal
[Yuborilmoqda] Cow #10 | GPS: 44.096, 59.347
  -> [OK] AI Tashxisi: Normal
[Yuborilmoqda] Cow #11 | GPS: 44.0945, 59.3501
  -> [OK] AI Tashxisi: Normal
----------------------------------------
[Yuborilmoqda] Cow #1 | GPS: 44.0995, 59.3429
  -> [OK] AI Tashxisi: Normal
[Yuborilmoqda] Cow #2 | GPS: 44.1009, 59.3512
  -> [OK] AI Tashxisi: Normal
[Yuborilmoqda] Cow #3 | GPS: 44.0942, 59.3471
  -> [OK] AI Tashxisi: Normal
[Yuborilmoqda] Cow #4 | GPS: 44.1025, 59.3528
  -> [OK] AI Tashxisi: Ketoz / Acidosis
[Yuborilmoqda] Cow #5 | GPS: 44.0949, 59.3566
  -> [OK] AI Tashxisi: Normal
[Yuborilmoqda] Cow #6 | GPS: 44.1055, 59.3447
  -> [OK] AI Tashxisi: Normal
[Yuborilmoqda] Cow #7 | GPS: 44.0992, 59.3517
  -> [OK] AI Tashxisi: Mastit / Infeksiya
[Yuborilmoqda] Cow #8 | GPS: 44.1072, 59.3535
  -> [OK] AI Tashxisi: Mastit / Infeksiya
[Yuborilmoqda] Cow #9 | GPS: 44.094, 59.3461
  -> [OK] AI Tashxisi: Normal
[Yuborilmoqda] Cow #10 | GPS: 44.0959, 59.347
  -> [OK] AI Tashxisi: Normal
[Yuborilmoqda] Cow #11 | GPS: 44.0946, 59.3501
  -> [OK] AI Tashxisi: Normal
----------------------------------------
[Yuborilmoqda] Cow #1 | GPS: 44.0994, 59.3428
  -> [OK] AI Tashxisi: Normal
[Yuborilmoqda] Cow #2 | GPS: 44.1007, 59.3512
  -> [OK] AI Tashxisi: Normal
[Yuborilmoqda] Cow #3 | GPS: 44.0941, 59.347
  -> [OK] AI Tashxisi: Normal
[Yuborilmoqda] Cow #4 | GPS: 44.1024, 59.3529
  -> [OK] AI Tashxisi: Ketoz / Acidosis
[Yuborilmoqda] Cow #5 | GPS: 44.0948, 59.3565
  -> [OK] AI Tashxisi: Normal
[Yuborilmoqda] Cow #6 | GPS: 44.1056, 59.3447
  -> [OK] AI Tashxisi: Normal
[Yuborilmoqda] Cow #7 | GPS: 44.0993, 59.3515
  -> [OK] AI Tashxisi: Mastit / Infeksiya
[Yuborilmoqda] Cow #8 | GPS: 44.1071, 59.3535
  -> [OK] AI Tashxisi: Normal
[Yuborilmoqda] Cow #9 | GPS: 44.0938, 59.3462
  -> [OK] AI Tashxisi: Normal
[Yuborilmoqda] Cow #10 | GPS: 44.0958, 59.3469
  -> [OK] AI Tashxisi: Normal
[Yuborilmoqda] Cow #11 | GPS: 44.0947, 59.3501
  -> [OK] AI Tashxisi: Normal
----------------------------------------
[Yuborilmoqda] Cow #1 | GPS: 44.0993, 59.3427
  -> [OK] AI Tashxisi: Normal
[Yuborilmoqda] Cow #2 | GPS: 44.1008, 59.3514
  -> [OK] AI Tashxisi: Normal
[Yuborilmoqda] Cow #3 | GPS: 44.0943, 59.3471
  -> [OK] AI Tashxisi: Normal
[Yuborilmoqda] Cow #4 | GPS: 44.1025, 59.3528
  -> [OK] AI Tashxisi: Ketoz / Acidosis
[Yuborilmoqda] Cow #5 | GPS: 44.0948, 59.3564
  -> [OK] AI Tashxisi: Normal
[Yuborilmoqda] Cow #6 | GPS: 44.1056, 59.3449
  -> [OK] AI Tashxisi: Normal
[Yuborilmoqda] Cow #7 | GPS: 44.0993, 59.3514
  -> [OK] AI Tashxisi: Mastit / Infeksiya
[Yuborilmoqda] Cow #8 | GPS: 44.1072, 59.3533
  -> [OK] AI Tashxisi: Normal
[Yuborilmoqda] Cow #9 | GPS: 44.094, 59.3463
  -> [OK] AI Tashxisi: Normal
[Yuborilmoqda] Cow #10 | GPS: 44.0959, 59.3471
  -> [OK] AI Tashxisi: Normal
[Yuborilmoqda] Cow #11 | GPS: 44.0949, 59.35
  -> [OK] AI Tashxisi: Normal
----------------------------------------
[Yuborilmoqda] Cow #1 | GPS: 44.0994, 59.3427
  -> [OK] AI Tashxisi: Normal
[Yuborilmoqda] Cow #2 | GPS: 44.1009, 59.3515
  -> [OK] AI Tashxisi: Normal
[Yuborilmoqda] Cow #3 | GPS: 44.0944, 59.347
  -> [OK] AI Tashxisi: Normal
[Yuborilmoqda] Cow #4 | GPS: 44.1024, 59.3526
  -> [OK] AI Tashxisi: Ketoz / Acidosis
[Yuborilmoqda] Cow #5 | GPS: 44.0946, 59.3565
  -> [OK] AI Tashxisi: Normal
[Yuborilmoqda] Cow #6 | GPS: 44.1055, 59.3448
  -> [OK] AI Tashxisi: Normal
[Yuborilmoqda] Cow #7 | GPS: 44.0994, 59.3514
  -> [OK] AI Tashxisi: Mastit / Infeksiya
[Yuborilmoqda] Cow #8 | GPS: 44.1071, 59.3533
  -> [OK] AI Tashxisi: Normal
[Yuborilmoqda] Cow #9 | GPS: 44.0941, 59.3464
  -> [OK] AI Tashxisi: Normal
[Yuborilmoqda] Cow #10 | GPS: 44.096, 59.347
  -> [OK] AI Tashxisi: Normal
[Yuborilmoqda] Cow #11 | GPS: 44.0947, 59.3498
  -> [OK] AI Tashxisi: Normal
----------------------------------------
[Yuborilmoqda] Cow #1 | GPS: 44.0995, 59.3428
  -> [OK] AI Tashxisi: Normal
[Yuborilmoqda] Cow #2 | GPS: 44.1009, 59.3515
  -> [OK] AI Tashxisi: Normal
[Yuborilmoqda] Cow #3 | GPS: 44.0943, 59.347
  -> [OK] AI Tashxisi: Normal
[Yuborilmoqda] Cow #4 | GPS: 44.1023, 59.3525
  -> [OK] AI Tashxisi: Ketoz / Acidosis
[Yuborilmoqda] Cow #5 | GPS: 44.0945, 59.3564
  -> [OK] AI Tashxisi: Normal
[Yuborilmoqda] Cow #6 | GPS: 44.1053, 59.3448
  -> [OK] AI Tashxisi: Normal
[Yuborilmoqda] Cow #7 | GPS: 44.0994, 59.3516
  -> [OK] AI Tashxisi: Mastit / Infeksiya
[Yuborilmoqda] Cow #8 | GPS: 44.107, 59.3532
  -> [OK] AI Tashxisi: Normal
[Yuborilmoqda] Cow #9 | GPS: 44.0943, 59.3464
  -> [OK] AI Tashxisi: Normal
[Yuborilmoqda] Cow #10 | GPS: 44.0961, 59.347
  -> [OK] AI Tashxisi: Normal
[Yuborilmoqda] Cow #11 | GPS: 44.0949, 59.35
  -> [OK] AI Tashxisi: Normal
----------------------------------------
[Yuborilmoqda] Cow #1 | GPS: 44.0994, 59.3429
  -> [OK] AI Tashxisi: Normal
[Yuborilmoqda] Cow #2 | GPS: 44.1008, 59.3517
  -> [OK] AI Tashxisi: Normal
[Yuborilmoqda] Cow #3 | GPS: 44.0942, 59.3468
  -> [OK] AI Tashxisi: Normal
[Yuborilmoqda] Cow #4 | GPS: 44.1024, 59.3524
  -> [OK] AI Tashxisi: Ketoz / Acidosis
[Yuborilmoqda] Cow #5 | GPS: 44.0944, 59.3564
  -> [OK] AI Tashxisi: Normal
[Yuborilmoqda] Cow #6 | GPS: 44.1054, 59.3447
  -> [OK] AI Tashxisi: Normal
[Yuborilmoqda] Cow #7 | GPS: 44.0994, 59.3517
  -> [OK] AI Tashxisi: Mastit / Infeksiya
[Yuborilmoqda] Cow #8 | GPS: 44.1071, 59.3531
  -> [OK] AI Tashxisi: Normal
[Yuborilmoqda] Cow #9 | GPS: 44.0945, 59.3464
  -> [OK] AI Tashxisi: Normal
[Yuborilmoqda] Cow #10 | GPS: 44.0962, 59.3471
  -> [OK] AI Tashxisi: Normal
[Yuborilmoqda] Cow #11 | GPS: 44.0947, 59.3499
  -> [OK] AI Tashxisi: Normal
----------------------------------------
[Yuborilmoqda] Cow #1 | GPS: 44.0995, 59.3429
  -> [OK] AI Tashxisi: Mastit / Infeksiya
[Yuborilmoqda] Cow #2 | GPS: 44.1008, 59.3517
  -> [OK] AI Tashxisi: Normal
[Yuborilmoqda] Cow #3 | GPS: 44.0942, 59.3467
  -> [OK] AI Tashxisi: Normal
[Yuborilmoqda] Cow #4 | GPS: 44.1025, 59.3526
  -> [OK] AI Tashxisi: Ketoz / Acidosis
[Yuborilmoqda] Cow #5 | GPS: 44.0944, 59.3563
  -> [OK] AI Tashxisi: Normal
[Yuborilmoqda] Cow #6 | GPS: 44.1054, 59.3448
  -> [OK] AI Tashxisi: Normal
[Yuborilmoqda] Cow #7 | GPS: 44.0992, 59.3515
  -> [OK] AI Tashxisi: Mastit / Infeksiya
[Yuborilmoqda] Cow #8 | GPS: 44.107, 59.3529
  -> [OK] AI Tashxisi: Normal
[Yuborilmoqda] Cow #9 | GPS: 44.0945, 59.3465
  -> [OK] AI Tashxisi: Normal
[Yuborilmoqda] Cow #10 | GPS: 44.0963, 59.3472
  -> [OK] AI Tashxisi: Normal
[Yuborilmoqda] Cow #11 | GPS: 44.0949, 59.3499
  -> [OK] AI Tashxisi: Normal
----------------------------------------
[Yuborilmoqda] Cow #1 | GPS: 44.0994, 59.3429
  -> [OK] AI Tashxisi: Normal
[Yuborilmoqda] Cow #2 | GPS: 44.1008, 59.3515
  -> [OK] AI Tashxisi: Normal
[Yuborilmoqda] Cow #3 | GPS: 44.0942, 59.3469
  -> [OK] AI Tashxisi: Normal
[Yuborilmoqda] Cow #4 | GPS: 44.1024, 59.3526
  -> [OK] AI Tashxisi: Ketoz / Acidosis
[Yuborilmoqda] Cow #5 | GPS: 44.0943, 59.3565
  -> [OK] AI Tashxisi: Normal
[Yuborilmoqda] Cow #6 | GPS: 44.1055, 59.3447
  -> [OK] AI Tashxisi: Normal
[Yuborilmoqda] Cow #7 | GPS: 44.099, 59.3516
  -> [OK] AI Tashxisi: Mastit / Infeksiya
[Yuborilmoqda] Cow #8 | GPS: 44.107, 59.3531
  -> [OK] AI Tashxisi: Normal
[Yuborilmoqda] Cow #9 | GPS: 44.0944, 59.3467
  -> [OK] AI Tashxisi: Normal
[Yuborilmoqda] Cow #10 | GPS: 44.0963, 59.3473
  -> [OK] AI Tashxisi: Normal
[Yuborilmoqda] Cow #11 | GPS: 44.0951, 59.3498
  -> [OK] AI Tashxisi: Normal
----------------------------------------
[Yuborilmoqda] Cow #1 | GPS: 44.0992, 59.3431
  -> [OK] AI Tashxisi: Mastit / Infeksiya
[Yuborilmoqda] Cow #2 | GPS: 44.1007, 59.3514
  -> [OK] AI Tashxisi: Normal
[Yuborilmoqda] Cow #3 | GPS: 44.094, 59.3468
  -> [OK] AI Tashxisi: Normal
[Yuborilmoqda] Cow #4 | GPS: 44.1024, 59.3528
  -> [OK] AI Tashxisi: Ketoz / Acidosis
[Yuborilmoqda] Cow #5 | GPS: 44.0944, 59.3564
  -> [OK] AI Tashxisi: Normal
[Yuborilmoqda] Cow #6 | GPS: 44.1054, 59.3447
  -> [OK] AI Tashxisi: Normal
[Yuborilmoqda] Cow #7 | GPS: 44.099, 59.3515
  -> [OK] AI Tashxisi: Mastit / Infeksiya
[Yuborilmoqda] Cow #8 | GPS: 44.1072, 59.353
  -> [OK] AI Tashxisi: Normal
[Yuborilmoqda] Cow #9 | GPS: 44.0946, 59.3465
  -> [OK] AI Tashxisi: Normal
[Yuborilmoqda] Cow #10 | GPS: 44.0964, 59.3472
  -> [OK] AI Tashxisi: Normal
[Yuborilmoqda] Cow #11 | GPS: 44.0951, 59.3496
  -> [OK] AI Tashxisi: Normal
----------------------------------------
[Yuborilmoqda] Cow #1 | GPS: 44.0992, 59.3433
  -> [OK] AI Tashxisi: Normal
[Yuborilmoqda] Cow #2 | GPS: 44.1009, 59.3513
  -> [OK] AI Tashxisi: Normal
[Yuborilmoqda] Cow #3 | GPS: 44.094, 59.3469
  -> [OK] AI Tashxisi: Normal
[Yuborilmoqda] Cow #4 | GPS: 44.1024, 59.3528
  -> [OK] AI Tashxisi: Ketoz / Acidosis
[Yuborilmoqda] Cow #5 | GPS: 44.0942, 59.3564
  -> [OK] AI Tashxisi: Normal
[Yuborilmoqda] Cow #6 | GPS: 44.1056, 59.3445
  -> [OK] AI Tashxisi: Normal
[Yuborilmoqda] Cow #7 | GPS: 44.0992, 59.3515
  -> [OK] AI Tashxisi: Mastit / Infeksiya
[Yuborilmoqda] Cow #8 | GPS: 44.1073, 59.3532
  -> [OK] AI Tashxisi: Normal
[Yuborilmoqda] Cow #9 | GPS: 44.0946, 59.3466
  -> [OK] AI Tashxisi: Normal
[Yuborilmoqda] Cow #10 | GPS: 44.0963, 59.3471
  -> [OK] AI Tashxisi: Normal
[Yuborilmoqda] Cow #11 | GPS: 44.095, 59.3495
  -> [OK] AI Tashxisi: Normal
----------------------------------------
[Yuborilmoqda] Cow #1 | GPS: 44.0993, 59.3434
  -> [OK] AI Tashxisi: Normal
[Yuborilmoqda] Cow #2 | GPS: 44.101, 59.3515
  -> [OK] AI Tashxisi: Normal
[Yuborilmoqda] Cow #3 | GPS: 44.0942, 59.3469
  -> [OK] AI Tashxisi: Normal
[Yuborilmoqda] Cow #4 | GPS: 44.1026, 59.353
  -> [OK] AI Tashxisi: Ketoz / Acidosis
[Yuborilmoqda] Cow #5 | GPS: 44.0943, 59.3563
  -> [OK] AI Tashxisi: Normal
[Yuborilmoqda] Cow #6 | GPS: 44.1054, 59.3447
  -> [OK] AI Tashxisi: Normal
[Yuborilmoqda] Cow #7 | GPS: 44.0991, 59.3515
  -> [OK] AI Tashxisi: Mastit / Infeksiya
[Yuborilmoqda] Cow #8 | GPS: 44.1075, 59.3534
  -> [OK] AI Tashxisi: Normal
[Yuborilmoqda] Cow #9 | GPS: 44.0944, 59.3466
  -> [OK] AI Tashxisi: Normal
[Yuborilmoqda] Cow #10 | GPS: 44.0962, 59.347
  -> [OK] AI Tashxisi: Normal
[Yuborilmoqda] Cow #11 | GPS: 44.095, 59.3494
  -> [OK] AI Tashxisi: Normal
----------------------------------------
[Yuborilmoqda] Cow #1 | GPS: 44.0992, 59.3435
  -> [OK] AI Tashxisi: Normal
[Yuborilmoqda] Cow #2 | GPS: 44.1009, 59.3514
  -> [OK] AI Tashxisi: Normal
[Yuborilmoqda] Cow #3 | GPS: 44.0943, 59.347
  -> [OK] AI Tashxisi: Normal
[Yuborilmoqda] Cow #4 | GPS: 44.1026, 59.353
  -> [OK] AI Tashxisi: Ketoz / Acidosis
[Yuborilmoqda] Cow #5 | GPS: 44.0941, 59.3562
  -> [OK] AI Tashxisi: Normal
[Yuborilmoqda] Cow #6 | GPS: 44.1054, 59.3447
  -> [OK] AI Tashxisi: Normal
[Yuborilmoqda] Cow #7 | GPS: 44.099, 59.3513
  -> [OK] AI Tashxisi: Mastit / Infeksiya
[Yuborilmoqda] Cow #8 | GPS: 44.1073, 59.3533
  -> [OK] AI Tashxisi: Normal
[Yuborilmoqda] Cow #9 | GPS: 44.0945, 59.3465
  -> [OK] AI Tashxisi: Normal
[Yuborilmoqda] Cow #10 | GPS: 44.0962, 59.3469
  -> [OK] AI Tashxisi: Normal
[Yuborilmoqda] Cow #11 | GPS: 44.0951, 59.3496
  -> [OK] AI Tashxisi: Normal
----------------------------------------
[Yuborilmoqda] Cow #1 | GPS: 44.0992, 59.3435
  -> [OK] AI Tashxisi: Normal
[Yuborilmoqda] Cow #2 | GPS: 44.1007, 59.3514
  -> [OK] AI Tashxisi: Normal
[Yuborilmoqda] Cow #3 | GPS: 44.0943, 59.3469
  -> [OK] AI Tashxisi: Normal
[Yuborilmoqda] Cow #4 | GPS: 44.1025, 59.3531
  -> [OK] AI Tashxisi: Ketoz / Acidosis
[Yuborilmoqda] Cow #5 | GPS: 44.0943, 59.3561
  -> [OK] AI Tashxisi: Normal
[Yuborilmoqda] Cow #6 | GPS: 44.1053, 59.3446
  -> [OK] AI Tashxisi: Normal
[Yuborilmoqda] Cow #7 | GPS: 44.099, 59.3513
  -> [OK] AI Tashxisi: Mastit / Infeksiya
[Yuborilmoqda] Cow #8 | GPS: 44.1072, 59.3535
  -> [OK] AI Tashxisi: Normal
[Yuborilmoqda] Cow #9 | GPS: 44.0943, 59.3467
  -> [OK] AI Tashxisi: Normal
[Yuborilmoqda] Cow #10 | GPS: 44.0962, 59.3468
  -> [OK] AI Tashxisi: Normal
[Yuborilmoqda] Cow #11 | GPS: 44.0951, 59.3495
  -> [OK] AI Tashxisi: Normal
----------------------------------------
[Yuborilmoqda] Cow #1 | GPS: 44.0991, 59.3436
  -> [OK] AI Tashxisi: Normal
[Yuborilmoqda] Cow #2 | GPS: 44.1009, 59.3515
  -> [OK] AI Tashxisi: Normal
[Yuborilmoqda] Cow #3 | GPS: 44.0941, 59.3469
  -> [OK] AI Tashxisi: Normal
[Yuborilmoqda] Cow #4 | GPS: 44.1024, 59.3532
  -> [OK] AI Tashxisi: Ketoz / Acidosis
[Yuborilmoqda] Cow #5 | GPS: 44.0943, 59.3563
  -> [OK] AI Tashxisi: Normal
[Yuborilmoqda] Cow #6 | GPS: 44.1053, 59.3446
  -> [OK] AI Tashxisi: Normal
[Yuborilmoqda] Cow #7 | GPS: 44.0991, 59.3515
  -> [OK] AI Tashxisi: Mastit / Infeksiya
[Yuborilmoqda] Cow #8 | GPS: 44.1073, 59.3535
  -> [OK] AI Tashxisi: Normal
[Yuborilmoqda] Cow #9 | GPS: 44.0942, 59.3465
  -> [OK] AI Tashxisi: Normal
[Yuborilmoqda] Cow #10 | GPS: 44.0964, 59.3468
  -> [OK] AI Tashxisi: Normal
[Yuborilmoqda] Cow #11 | GPS: 44.0952, 59.3495
  -> [OK] AI Tashxisi: Normal
----------------------------------------
[Yuborilmoqda] Cow #1 | GPS: 44.0992, 59.3437
  -> [OK] AI Tashxisi: Normal
[Yuborilmoqda] Cow #2 | GPS: 44.1008, 59.3514
  -> [OK] AI Tashxisi: Normal
[Yuborilmoqda] Cow #3 | GPS: 44.0942, 59.347
  -> [OK] AI Tashxisi: Mastit / Infeksiya
[Yuborilmoqda] Cow #4 | GPS: 44.1025, 59.3532
  -> [OK] AI Tashxisi: Ketoz / Acidosis
[Yuborilmoqda] Cow #5 | GPS: 44.0941, 59.3562
  -> [OK] AI Tashxisi: Normal
[Yuborilmoqda] Cow #6 | GPS: 44.1052, 59.3446
  -> [OK] AI Tashxisi: Normal
[Yuborilmoqda] Cow #7 | GPS: 44.0991, 59.3516
  -> [OK] AI Tashxisi: Mastit / Infeksiya
[Yuborilmoqda] Cow #8 | GPS: 44.1071, 59.3534
  -> [OK] AI Tashxisi: Normal
[Yuborilmoqda] Cow #9 | GPS: 44.0943, 59.3463
  -> [OK] AI Tashxisi: Normal
[Yuborilmoqda] Cow #10 | GPS: 44.0965, 59.3466
  -> [OK] AI Tashxisi: Normal
[Yuborilmoqda] Cow #11 | GPS: 44.0951, 59.3495
  -> [OK] AI Tashxisi: Normal
----------------------------------------
[Yuborilmoqda] Cow #1 | GPS: 44.0993, 59.3438
  -> [OK] AI Tashxisi: Normal
[Yuborilmoqda] Cow #2 | GPS: 44.1009, 59.3514
  -> [OK] AI Tashxisi: Normal
[Yuborilmoqda] Cow #3 | GPS: 44.0943, 59.3471
  -> [OK] AI Tashxisi: Normal
[Yuborilmoqda] Cow #4 | GPS: 44.1026, 59.3533
  -> [OK] AI Tashxisi: Ketoz / Acidosis
[Yuborilmoqda] Cow #5 | GPS: 44.094, 59.356
  -> [OK] AI Tashxisi: Normal
[Yuborilmoqda] Cow #6 | GPS: 44.1053, 59.3448
  -> [OK] AI Tashxisi: Normal
[Yuborilmoqda] Cow #7 | GPS: 44.099, 59.3516
  -> [OK] AI Tashxisi: Mastit / Infeksiya
[Yuborilmoqda] Cow #8 | GPS: 44.1071, 59.3533
  -> [OK] AI Tashxisi: Normal
[Yuborilmoqda] Cow #9 | GPS: 44.0941, 59.3462
  -> [OK] AI Tashxisi: Normal
[Yuborilmoqda] Cow #10 | GPS: 44.0964, 59.3465
  -> [OK] AI Tashxisi: Normal
[Yuborilmoqda] Cow #11 | GPS: 44.0952, 59.3497
  -> [OK] AI Tashxisi: Normal
----------------------------------------
[Yuborilmoqda] Cow #1 | GPS: 44.0994, 59.3438
  -> [OK] AI Tashxisi: Normal
[Yuborilmoqda] Cow #2 | GPS: 44.1008, 59.3515
  -> [OK] AI Tashxisi: Normal
[Yuborilmoqda] Cow #3 | GPS: 44.0942, 59.3473
  -> [OK] AI Tashxisi: Normal
[Yuborilmoqda] Cow #4 | GPS: 44.1028, 59.3531
  -> [OK] AI Tashxisi: Ketoz / Acidosis
[Yuborilmoqda] Cow #5 | GPS: 44.0941, 59.3558
  -> [OK] AI Tashxisi: Mastit / Infeksiya
[Yuborilmoqda] Cow #6 | GPS: 44.1055, 59.3447
  -> [OK] AI Tashxisi: Normal
[Yuborilmoqda] Cow #7 | GPS: 44.0991, 59.3518
  -> [OK] AI Tashxisi: Mastit / Infeksiya
[Yuborilmoqda] Cow #8 | GPS: 44.1073, 59.3531
  -> [OK] AI Tashxisi: Normal
[Yuborilmoqda] Cow #9 | GPS: 44.0942, 59.3461
  -> [OK] AI Tashxisi: Normal
[Yuborilmoqda] Cow #10 | GPS: 44.0964, 59.3463
  -> [OK] AI Tashxisi: Normal
[Yuborilmoqda] Cow #11 | GPS: 44.0951, 59.3498
  -> [OK] AI Tashxisi: Normal
----------------------------------------
[Yuborilmoqda] Cow #1 | GPS: 44.0992, 59.3437
  -> [OK] AI Tashxisi: Normal
[Yuborilmoqda] Cow #2 | GPS: 44.1008, 59.3514
  -> [OK] AI Tashxisi: Normal
[Yuborilmoqda] Cow #3 | GPS: 44.094, 59.3473
  -> [OK] AI Tashxisi: Normal
[Yuborilmoqda] Cow #4 | GPS: 44.1026, 59.3531
  -> [OK] AI Tashxisi: Ketoz / Acidosis
[Yuborilmoqda] Cow #5 | GPS: 44.094, 59.3558
  -> [OK] AI Tashxisi: Normal
[Yuborilmoqda] Cow #6 | GPS: 44.1056, 59.3445
  -> [OK] AI Tashxisi: Normal
[Yuborilmoqda] Cow #7 | GPS: 44.0992, 59.3517
  -> [OK] AI Tashxisi: Mastit / Infeksiya
[Yuborilmoqda] Cow #8 | GPS: 44.1074, 59.3533
  -> [OK] AI Tashxisi: Normal
[Yuborilmoqda] Cow #9 | GPS: 44.0941, 59.346
  -> [OK] AI Tashxisi: Normal
[Yuborilmoqda] Cow #10 | GPS: 44.0964, 59.3461
  -> [OK] AI Tashxisi: Mastit / Infeksiya
[Yuborilmoqda] Cow #11 | GPS: 44.0952, 59.35
  -> [OK] AI Tashxisi: Normal
----------------------------------------
[Yuborilmoqda] Cow #1 | GPS: 44.0993, 59.3436
  -> [OK] AI Tashxisi: Normal
[Yuborilmoqda] Cow #2 | GPS: 44.1008, 59.3514
  -> [OK] AI Tashxisi: Normal
[Yuborilmoqda] Cow #3 | GPS: 44.0942, 59.3473
  -> [OK] AI Tashxisi: Normal
[Yuborilmoqda] Cow #4 | GPS: 44.1027, 59.3529
  -> [OK] AI Tashxisi: Ketoz / Acidosis
[Yuborilmoqda] Cow #5 | GPS: 44.0941, 59.3559
  -> [OK] AI Tashxisi: Normal
[Yuborilmoqda] Cow #6 | GPS: 44.1054, 59.3444
  -> [OK] AI Tashxisi: Normal
[Yuborilmoqda] Cow #7 | GPS: 44.0992, 59.3518
  -> [OK] AI Tashxisi: Mastit / Infeksiya
[Yuborilmoqda] Cow #8 | GPS: 44.1075, 59.3534
  -> [OK] AI Tashxisi: Normal
[Yuborilmoqda] Cow #9 | GPS: 44.094, 59.3459
  -> [OK] AI Tashxisi: Normal
[Yuborilmoqda] Cow #10 | GPS: 44.0963, 59.3462
  -> [OK] AI Tashxisi: Normal
[Yuborilmoqda] Cow #11 | GPS: 44.0953, 59.3498
  -> [OK] AI Tashxisi: Normal
----------------------------------------
[Yuborilmoqda] Cow #1 | GPS: 44.0993, 59.3435
  -> [OK] AI Tashxisi: Normal
[Yuborilmoqda] Cow #2 | GPS: 44.1007, 59.3514
  -> [OK] AI Tashxisi: Normal
[Yuborilmoqda] Cow #3 | GPS: 44.0942, 59.3472
  -> [OK] AI Tashxisi: Normal
[Yuborilmoqda] Cow #4 | GPS: 44.1028, 59.353
  -> [OK] AI Tashxisi: Ketoz / Acidosis
[Yuborilmoqda] Cow #5 | GPS: 44.0942, 59.3557
  -> [OK] AI Tashxisi: Normal
[Yuborilmoqda] Cow #6 | GPS: 44.1053, 59.3443
  -> [OK] AI Tashxisi: Normal
[Yuborilmoqda] Cow #7 | GPS: 44.0992, 59.3519
  -> [OK] AI Tashxisi: Mastit / Infeksiya
[Yuborilmoqda] Cow #8 | GPS: 44.1077, 59.3533
  -> [OK] AI Tashxisi: Normal
[Yuborilmoqda] Cow #9 | GPS: 44.094, 59.346
  -> [OK] AI Tashxisi: Normal
[Yuborilmoqda] Cow #10 | GPS: 44.0962, 59.3461
  -> [OK] AI Tashxisi: Normal
[Yuborilmoqda] Cow #11 | GPS: 44.0953, 59.3497
  -> [OK] AI Tashxisi: Normal
----------------------------------------
[Yuborilmoqda] Cow #1 | GPS: 44.0994, 59.3436
  -> [OK] AI Tashxisi: Normal
[Yuborilmoqda] Cow #2 | GPS: 44.1007, 59.3516
  -> [OK] AI Tashxisi: Normal
[Yuborilmoqda] Cow #3 | GPS: 44.0943, 59.3474
  -> [OK] AI Tashxisi: Normal
[Yuborilmoqda] Cow #4 | GPS: 44.1026, 59.3531
  -> [OK] AI Tashxisi: Ketoz / Acidosis
[Yuborilmoqda] Cow #5 | GPS: 44.0944, 59.3557
  -> [OK] AI Tashxisi: Normal
[Yuborilmoqda] Cow #6 | GPS: 44.1053, 59.3443
  -> [OK] AI Tashxisi: Normal
[Yuborilmoqda] Cow #7 | GPS: 44.0993, 59.3517
  -> [OK] AI Tashxisi: Mastit / Infeksiya
[Yuborilmoqda] Cow #8 | GPS: 44.1077, 59.3532
  -> [OK] AI Tashxisi: Normal
[Yuborilmoqda] Cow #9 | GPS: 44.0941, 59.3462
  -> [OK] AI Tashxisi: Normal
[Yuborilmoqda] Cow #10 | GPS: 44.096, 59.346
  -> [OK] AI Tashxisi: Normal
[Yuborilmoqda] Cow #11 | GPS: 44.0953, 59.3497
  -> [OK] AI Tashxisi: Normal
----------------------------------------
[Yuborilmoqda] Cow #1 | GPS: 44.0994, 59.3436
  -> [OK] AI Tashxisi: Normal
[Yuborilmoqda] Cow #2 | GPS: 44.1006, 59.3514
  -> [OK] AI Tashxisi: Normal
[Yuborilmoqda] Cow #3 | GPS: 44.0941, 59.3474
  -> [OK] AI Tashxisi: Normal
[Yuborilmoqda] Cow #4 | GPS: 44.1025, 59.3533
  -> [OK] AI Tashxisi: Ketoz / Acidosis
[Yuborilmoqda] Cow #5 | GPS: 44.0945, 59.3558
  -> [OK] AI Tashxisi: Normal
[Yuborilmoqda] Cow #6 | GPS: 44.1052, 59.3443
  -> [OK] AI Tashxisi: Normal
[Yuborilmoqda] Cow #7 | GPS: 44.0995, 59.3518
  -> [OK] AI Tashxisi: Mastit / Infeksiya
[Yuborilmoqda] Cow #8 | GPS: 44.1078, 59.3531
  -> [OK] AI Tashxisi: Mastit / Infeksiya
[Yuborilmoqda] Cow #9 | GPS: 44.0941, 59.3462
  -> [OK] AI Tashxisi: Normal
[Yuborilmoqda] Cow #10 | GPS: 44.0958, 59.3462
  -> [OK] AI Tashxisi: Normal
[Yuborilmoqda] Cow #11 | GPS: 44.0952, 59.3495
  -> [OK] AI Tashxisi: Normal
----------------------------------------
[Yuborilmoqda] Cow #1 | GPS: 44.0994, 59.3435
  -> [OK] AI Tashxisi: Normal
[Yuborilmoqda] Cow #2 | GPS: 44.1005, 59.3515
  -> [OK] AI Tashxisi: Normal
[Yuborilmoqda] Cow #3 | GPS: 44.0939, 59.3475
  -> [OK] AI Tashxisi: Normal
[Yuborilmoqda] Cow #4 | GPS: 44.1023, 59.3533
  -> [OK] AI Tashxisi: Ketoz / Acidosis
[Yuborilmoqda] Cow #5 | GPS: 44.0943, 59.3557
  -> [OK] AI Tashxisi: Normal
[Yuborilmoqda] Cow #6 | GPS: 44.1051, 59.3442
  -> [OK] AI Tashxisi: Normal
[Yuborilmoqda] Cow #7 | GPS: 44.0995, 59.3518
  -> [OK] AI Tashxisi: Mastit / Infeksiya
[Yuborilmoqda] Cow #8 | GPS: 44.1077, 59.3531
  -> [OK] AI Tashxisi: Mastit / Infeksiya
[Yuborilmoqda] Cow #9 | GPS: 44.0939, 59.3461
  -> [OK] AI Tashxisi: Normal
[Yuborilmoqda] Cow #10 | GPS: 44.0959, 59.3462
  -> [OK] AI Tashxisi: Normal
[Yuborilmoqda] Cow #11 | GPS: 44.0953, 59.3495
  -> [OK] AI Tashxisi: Normal
----------------------------------------
[Yuborilmoqda] Cow #1 | GPS: 44.0992, 59.3433
  -> [OK] AI Tashxisi: Normal
[Yuborilmoqda] Cow #2 | GPS: 44.1004, 59.3513
  -> [OK] AI Tashxisi: Normal
[Yuborilmoqda] Cow #3 | GPS: 44.0937, 59.3475
  -> [OK] AI Tashxisi: Normal
[Yuborilmoqda] Cow #4 | GPS: 44.1023, 59.3532
  -> [OK] AI Tashxisi: Ketoz / Acidosis
[Yuborilmoqda] Cow #5 | GPS: 44.0944, 59.3556
  -> [OK] AI Tashxisi: Normal
[Yuborilmoqda] Cow #6 | GPS: 44.1049, 59.3443
  -> [OK] AI Tashxisi: Normal
[Yuborilmoqda] Cow #7 | GPS: 44.0995, 59.3519
  -> [OK] AI Tashxisi: Mastit / Infeksiya
[Yuborilmoqda] Cow #8 | GPS: 44.1079, 59.3533
  -> [OK] AI Tashxisi: Normal
[Yuborilmoqda] Cow #9 | GPS: 44.094, 59.3462
  -> [OK] AI Tashxisi: Normal
[Yuborilmoqda] Cow #10 | GPS: 44.0958, 59.3464
  -> [OK] AI Tashxisi: Normal
[Yuborilmoqda] Cow #11 | GPS: 44.0951, 59.3496
  -> [OK] AI Tashxisi: Normal
----------------------------------------
[Yuborilmoqda] Cow #1 | GPS: 44.0994, 59.3435
  -> [OK] AI Tashxisi: Normal
[Yuborilmoqda] Cow #2 | GPS: 44.1003, 59.3512
  -> [OK] AI Tashxisi: Mastit / Infeksiya
[Yuborilmoqda] Cow #3 | GPS: 44.0939, 59.3476
  -> [OK] AI Tashxisi: Normal
[Yuborilmoqda] Cow #4 | GPS: 44.1023, 59.353
  -> [OK] AI Tashxisi: Ketoz / Acidosis
[Yuborilmoqda] Cow #5 | GPS: 44.0944, 59.3557
  -> [OK] AI Tashxisi: Normal
[Yuborilmoqda] Cow #6 | GPS: 44.1047, 59.3444
  -> [OK] AI Tashxisi: Normal
[Yuborilmoqda] Cow #7 | GPS: 44.0995, 59.3517
  -> [OK] AI Tashxisi: Mastit / Infeksiya
[Yuborilmoqda] Cow #8 | GPS: 44.1079, 59.3532
  -> [OK] AI Tashxisi: Normal
[Yuborilmoqda] Cow #9 | GPS: 44.0938, 59.3463
  -> [OK] AI Tashxisi: Normal
[Yuborilmoqda] Cow #10 | GPS: 44.0956, 59.3463
  -> [OK] AI Tashxisi: Normal
[Yuborilmoqda] Cow #11 | GPS: 44.095, 59.3495
  -> [OK] AI Tashxisi: Normal
----------------------------------------
[Yuborilmoqda] Cow #1 | GPS: 44.0993, 59.3436
  -> [OK] AI Tashxisi: Normal
[Yuborilmoqda] Cow #2 | GPS: 44.1005, 59.3511
  -> [OK] AI Tashxisi: Normal
[Yuborilmoqda] Cow #3 | GPS: 44.0938, 59.3476
  -> [OK] AI Tashxisi: Normal
[Yuborilmoqda] Cow #4 | GPS: 44.1022, 59.3531
  -> [OK] AI Tashxisi: Ketoz / Acidosis
[Yuborilmoqda] Cow #5 | GPS: 44.0944, 59.3556
  -> [OK] AI Tashxisi: Normal
[Yuborilmoqda] Cow #6 | GPS: 44.1047, 59.3443
  -> [OK] AI Tashxisi: Normal
[Yuborilmoqda] Cow #7 | GPS: 44.0995, 59.3516
  -> [OK] AI Tashxisi: Mastit / Infeksiya
[Yuborilmoqda] Cow #8 | GPS: 44.108, 59.353
  -> [OK] AI Tashxisi: Normal
[Yuborilmoqda] Cow #9 | GPS: 44.0937, 59.3461
  -> [OK] AI Tashxisi: Normal
[Yuborilmoqda] Cow #10 | GPS: 44.0957, 59.3465
  -> [OK] AI Tashxisi: Normal
[Yuborilmoqda] Cow #11 | GPS: 44.0951, 59.3495
  -> [OK] AI Tashxisi: Normal
----------------------------------------
[Yuborilmoqda] Cow #1 | GPS: 44.0992, 59.3437
  -> [OK] AI Tashxisi: Normal
[Yuborilmoqda] Cow #2 | GPS: 44.1005, 59.3509
  -> [OK] AI Tashxisi: Normal
[Yuborilmoqda] Cow #3 | GPS: 44.0937, 59.3477
  -> [OK] AI Tashxisi: Normal
[Yuborilmoqda] Cow #4 | GPS: 44.1024, 59.3532
  -> [OK] AI Tashxisi: Ketoz / Acidosis
[Yuborilmoqda] Cow #5 | GPS: 44.0942, 59.3554
  -> [OK] AI Tashxisi: Normal
[Yuborilmoqda] Cow #6 | GPS: 44.1047, 59.3445
  -> [OK] AI Tashxisi: Mastit / Infeksiya
[Yuborilmoqda] Cow #7 | GPS: 44.0993, 59.3516
  -> [OK] AI Tashxisi: Mastit / Infeksiya
[Yuborilmoqda] Cow #8 | GPS: 44.1078, 59.353
  -> [OK] AI Tashxisi: Normal
[Yuborilmoqda] Cow #9 | GPS: 44.0937, 59.346
  -> [OK] AI Tashxisi: Normal
[Yuborilmoqda] Cow #10 | GPS: 44.0955, 59.3466
  -> [OK] AI Tashxisi: Normal
[Yuborilmoqda] Cow #11 | GPS: 44.0952, 59.3496
  -> [OK] AI Tashxisi: Normal
----------------------------------------
[Yuborilmoqda] Cow #1 | GPS: 44.0992, 59.3438
  -> [OK] AI Tashxisi: Normal
[Yuborilmoqda] Cow #2 | GPS: 44.1003, 59.3508
  -> [OK] AI Tashxisi: Normal
[Yuborilmoqda] Cow #3 | GPS: 44.0937, 59.3475
  -> [OK] AI Tashxisi: Normal
[Yuborilmoqda] Cow #4 | GPS: 44.1026, 59.3531
  -> [OK] AI Tashxisi: Ketoz / Acidosis
[Yuborilmoqda] Cow #5 | GPS: 44.0943, 59.3556
  -> [OK] AI Tashxisi: Normal
[Yuborilmoqda] Cow #6 | GPS: 44.1048, 59.3446
  -> [OK] AI Tashxisi: Normal
[Yuborilmoqda] Cow #7 | GPS: 44.0994, 59.3517
  -> [OK] AI Tashxisi: Mastit / Infeksiya
[Yuborilmoqda] Cow #8 | GPS: 44.1079, 59.3529
  -> [OK] AI Tashxisi: Normal
[Yuborilmoqda] Cow #9 | GPS: 44.0936, 59.3458
  -> [OK] AI Tashxisi: Normal
[Yuborilmoqda] Cow #10 | GPS: 44.0957, 59.3468
  -> [OK] AI Tashxisi: Normal
[Yuborilmoqda] Cow #11 | GPS: 44.095, 59.3494
  -> [OK] AI Tashxisi: Normal
----------------------------------------
[Yuborilmoqda] Cow #1 | GPS: 44.0991, 59.3437
  -> [OK] AI Tashxisi: Normal
[Yuborilmoqda] Cow #2 | GPS: 44.1005, 59.3507
  -> [OK] AI Tashxisi: Normal
[Yuborilmoqda] Cow #3 | GPS: 44.0936, 59.3476
  -> [OK] AI Tashxisi: Normal
[Yuborilmoqda] Cow #4 | GPS: 44.1025, 59.3529
  -> [OK] AI Tashxisi: Ketoz / Acidosis
[Yuborilmoqda] Cow #5 | GPS: 44.0942, 59.3555
  -> [OK] AI Tashxisi: Normal
[Yuborilmoqda] Cow #6 | GPS: 44.1048, 59.3444
  -> [OK] AI Tashxisi: Normal
[Yuborilmoqda] Cow #7 | GPS: 44.0994, 59.3516
  -> [OK] AI Tashxisi: Mastit / Infeksiya
[Yuborilmoqda] Cow #8 | GPS: 44.108, 59.353
  -> [OK] AI Tashxisi: Normal
[Yuborilmoqda] Cow #9 | GPS: 44.0938, 59.346
  -> [OK] AI Tashxisi: Normal
[Yuborilmoqda] Cow #10 | GPS: 44.0958, 59.347
  -> [OK] AI Tashxisi: Normal
[Yuborilmoqda] Cow #11 | GPS: 44.0951, 59.3496
  -> [OK] AI Tashxisi: Normal
----------------------------------------
[Yuborilmoqda] Cow #1 | GPS: 44.0992, 59.3437
  -> [OK] AI Tashxisi: Normal
[Yuborilmoqda] Cow #2 | GPS: 44.1005, 59.3508
  -> [OK] AI Tashxisi: Normal
[Yuborilmoqda] Cow #3 | GPS: 44.0938, 59.3477
  -> [OK] AI Tashxisi: Normal
[Yuborilmoqda] Cow #4 | GPS: 44.1027, 59.3529
  -> [OK] AI Tashxisi: Ketoz / Acidosis
[Yuborilmoqda] Cow #5 | GPS: 44.0941, 59.3554
  -> [OK] AI Tashxisi: Normal
[Yuborilmoqda] Cow #6 | GPS: 44.1049, 59.3445
  -> [OK] AI Tashxisi: Normal
[Yuborilmoqda] Cow #7 | GPS: 44.0996, 59.3517
  -> [OK] AI Tashxisi: Mastit / Infeksiya
[Yuborilmoqda] Cow #8 | GPS: 44.1081, 59.3531
  -> [OK] AI Tashxisi: Normal
[Yuborilmoqda] Cow #9 | GPS: 44.0939, 59.346
  -> [OK] AI Tashxisi: Normal
[Yuborilmoqda] Cow #10 | GPS: 44.0956, 59.3468
  -> [OK] AI Tashxisi: Normal
[Yuborilmoqda] Cow #11 | GPS: 44.095, 59.3495
  -> [OK] AI Tashxisi: Normal
----------------------------------------
[Yuborilmoqda] Cow #1 | GPS: 44.0992, 59.3438
  -> [OK] AI Tashxisi: Normal
[Yuborilmoqda] Cow #2 | GPS: 44.1005, 59.3508
  -> [OK] AI Tashxisi: Normal
[Yuborilmoqda] Cow #3 | GPS: 44.094, 59.3476
  -> [OK] AI Tashxisi: Normal
[Yuborilmoqda] Cow #4 | GPS: 44.1029, 59.353
  -> [OK] AI Tashxisi: Ketoz / Acidosis
[Yuborilmoqda] Cow #5 | GPS: 44.094, 59.3554
  -> [OK] AI Tashxisi: Normal
[Yuborilmoqda] Cow #6 | GPS: 44.1048, 59.3447
  -> [OK] AI Tashxisi: Normal
[Yuborilmoqda] Cow #7 | GPS: 44.0995, 59.3515
  -> [OK] AI Tashxisi: Mastit / Infeksiya
[Yuborilmoqda] Cow #8 | GPS: 44.1083, 59.3532
  -> [OK] AI Tashxisi: Normal
[Yuborilmoqda] Cow #9 | GPS: 44.0939, 59.3462
  -> [OK] AI Tashxisi: Normal
[Yuborilmoqda] Cow #10 | GPS: 44.0955, 59.347
  -> [OK] AI Tashxisi: Normal
[Yuborilmoqda] Cow #11 | GPS: 44.0949, 59.3497
  -> [OK] AI Tashxisi: Normal
----------------------------------------
[Yuborilmoqda] Cow #1 | GPS: 44.099, 59.3438
  -> [OK] AI Tashxisi: Normal
[Yuborilmoqda] Cow #2 | GPS: 44.1005, 59.3508
  -> [OK] AI Tashxisi: Normal
[Yuborilmoqda] Cow #3 | GPS: 44.0939, 59.3474
  -> [OK] AI Tashxisi: Normal
[Yuborilmoqda] Cow #4 | GPS: 44.1028, 59.3529
  -> [OK] AI Tashxisi: Ketoz / Acidosis
[Yuborilmoqda] Cow #5 | GPS: 44.094, 59.3553
  -> [OK] AI Tashxisi: Normal
[Yuborilmoqda] Cow #6 | GPS: 44.1046, 59.3446
  -> [OK] AI Tashxisi: Normal
[Yuborilmoqda] Cow #7 | GPS: 44.0997, 59.3515
  -> [OK] AI Tashxisi: Mastit / Infeksiya
[Yuborilmoqda] Cow #8 | GPS: 44.1082, 59.3534
  -> [OK] AI Tashxisi: Normal
[Yuborilmoqda] Cow #9 | GPS: 44.0937, 59.3461
  -> [OK] AI Tashxisi: Normal
[Yuborilmoqda] Cow #10 | GPS: 44.0953, 59.3468
  -> [OK] AI Tashxisi: Normal
[Yuborilmoqda] Cow #11 | GPS: 44.0947, 59.3496
  -> [OK] AI Tashxisi: Normal
----------------------------------------
[Yuborilmoqda] Cow #1 | GPS: 44.0989, 59.3439
  -> [OK] AI Tashxisi: Normal
[Yuborilmoqda] Cow #2 | GPS: 44.1006, 59.351
  -> [OK] AI Tashxisi: Normal
[Yuborilmoqda] Cow #3 | GPS: 44.094, 59.3474
  -> [OK] AI Tashxisi: Mastit / Infeksiya
[Yuborilmoqda] Cow #4 | GPS: 44.1029, 59.353
  -> [OK] AI Tashxisi: Ketoz / Acidosis
[Yuborilmoqda] Cow #5 | GPS: 44.0939, 59.3553
  -> [OK] AI Tashxisi: Normal
[Yuborilmoqda] Cow #6 | GPS: 44.1045, 59.3448
  -> [OK] AI Tashxisi: Normal
[Yuborilmoqda] Cow #7 | GPS: 44.0998, 59.3516
  -> [OK] AI Tashxisi: Mastit / Infeksiya
[Yuborilmoqda] Cow #8 | GPS: 44.1082, 59.3532
  -> [OK] AI Tashxisi: Normal
[Yuborilmoqda] Cow #9 | GPS: 44.0936, 59.3462
  -> [OK] AI Tashxisi: Normal
[Yuborilmoqda] Cow #10 | GPS: 44.0955, 59.3468
  -> [OK] AI Tashxisi: Normal
[Yuborilmoqda] Cow #11 | GPS: 44.0946, 59.3497
  -> [OK] AI Tashxisi: Normal
----------------------------------------
[Yuborilmoqda] Cow #1 | GPS: 44.099, 59.3438
  -> [OK] AI Tashxisi: Normal
[Yuborilmoqda] Cow #2 | GPS: 44.1007, 59.3511
  -> [OK] AI Tashxisi: Normal
[Yuborilmoqda] Cow #3 | GPS: 44.094, 59.3475
  -> [OK] AI Tashxisi: Normal
[Yuborilmoqda] Cow #4 | GPS: 44.1028, 59.3532
  -> [OK] AI Tashxisi: Ketoz / Acidosis
[Yuborilmoqda] Cow #5 | GPS: 44.094, 59.3555
  -> [OK] AI Tashxisi: Normal
[Yuborilmoqda] Cow #6 | GPS: 44.1045, 59.3446
  -> [OK] AI Tashxisi: Normal
[Yuborilmoqda] Cow #7 | GPS: 44.1, 59.3516
  -> [OK] AI Tashxisi: Mastit / Infeksiya
[Yuborilmoqda] Cow #8 | GPS: 44.1081, 59.3533
  -> [OK] AI Tashxisi: Normal
[Yuborilmoqda] Cow #9 | GPS: 44.0936, 59.3461
  -> [OK] AI Tashxisi: Mastit / Infeksiya
[Yuborilmoqda] Cow #10 | GPS: 44.0956, 59.3469
  -> [OK] AI Tashxisi: Normal
[Yuborilmoqda] Cow #11 | GPS: 44.0948, 59.3499
  -> [OK] AI Tashxisi: Mastit / Infeksiya
----------------------------------------
[Yuborilmoqda] Cow #1 | GPS: 44.099, 59.3437
  -> [OK] AI Tashxisi: Mastit / Infeksiya
[Yuborilmoqda] Cow #2 | GPS: 44.1005, 59.3511
  -> [OK] AI Tashxisi: Normal
[Yuborilmoqda] Cow #3 | GPS: 44.0941, 59.3476
  -> [OK] AI Tashxisi: Normal
[Yuborilmoqda] Cow #4 | GPS: 44.1029, 59.3533
  -> [OK] AI Tashxisi: Ketoz / Acidosis
[Yuborilmoqda] Cow #5 | GPS: 44.0939, 59.3556
  -> [OK] AI Tashxisi: Normal
[Yuborilmoqda] Cow #6 | GPS: 44.1045, 59.3446
  -> [OK] AI Tashxisi: Normal
[Yuborilmoqda] Cow #7 | GPS: 44.0998, 59.3517
  -> [OK] AI Tashxisi: Mastit / Infeksiya
[Yuborilmoqda] Cow #8 | GPS: 44.1082, 59.3531
  -> [OK] AI Tashxisi: Normal
[Yuborilmoqda] Cow #9 | GPS: 44.0936, 59.346
  -> [OK] AI Tashxisi: Normal
[Yuborilmoqda] Cow #10 | GPS: 44.0957, 59.3468
  -> [OK] AI Tashxisi: Normal
[Yuborilmoqda] Cow #11 | GPS: 44.0946, 59.3498
  -> [OK] AI Tashxisi: Normal
----------------------------------------
[Yuborilmoqda] Cow #1 | GPS: 44.099, 59.3437
  -> [OK] AI Tashxisi: Normal
[Yuborilmoqda] Cow #2 | GPS: 44.1007, 59.3511
  -> [OK] AI Tashxisi: Normal
[Yuborilmoqda] Cow #3 | GPS: 44.0942, 59.3477
  -> [OK] AI Tashxisi: Mastit / Infeksiya
[Yuborilmoqda] Cow #4 | GPS: 44.1028, 59.3531
  -> [OK] AI Tashxisi: Ketoz / Acidosis
[Yuborilmoqda] Cow #5 | GPS: 44.0939, 59.3557
  -> [OK] AI Tashxisi: Normal
[Yuborilmoqda] Cow #6 | GPS: 44.1045, 59.3448
  -> [OK] AI Tashxisi: Normal
[Yuborilmoqda] Cow #7 | GPS: 44.0999, 59.3518
  -> [OK] AI Tashxisi: Mastit / Infeksiya
[Yuborilmoqda] Cow #8 | GPS: 44.1083, 59.3531
  -> [OK] AI Tashxisi: Normal
[Yuborilmoqda] Cow #9 | GPS: 44.0936, 59.3459
  -> [OK] AI Tashxisi: Normal
[Yuborilmoqda] Cow #10 | GPS: 44.0957, 59.3468
  -> [OK] AI Tashxisi: Normal
[Yuborilmoqda] Cow #11 | GPS: 44.0948, 59.3498
  -> [OK] AI Tashxisi: Normal
----------------------------------------
[Yuborilmoqda] Cow #1 | GPS: 44.0991, 59.3438
  -> [OK] AI Tashxisi: Normal
[Yuborilmoqda] Cow #2 | GPS: 44.1005, 59.3512
  -> [OK] AI Tashxisi: Mastit / Infeksiya
[Yuborilmoqda] Cow #3 | GPS: 44.0943, 59.3478
  -> [OK] AI Tashxisi: Normal
[Yuborilmoqda] Cow #4 | GPS: 44.1029, 59.3531
  -> [OK] AI Tashxisi: Ketoz / Acidosis
[Yuborilmoqda] Cow #5 | GPS: 44.0938, 59.3556
  -> [OK] AI Tashxisi: Normal
[Yuborilmoqda] Cow #6 | GPS: 44.1046, 59.3448
  -> [OK] AI Tashxisi: Normal
[Yuborilmoqda] Cow #7 | GPS: 44.1, 59.3518
  -> [OK] AI Tashxisi: Mastit / Infeksiya
[Yuborilmoqda] Cow #8 | GPS: 44.1084, 59.3533
  -> [OK] AI Tashxisi: Normal
[Yuborilmoqda] Cow #9 | GPS: 44.0937, 59.3461
  -> [OK] AI Tashxisi: Normal
[Yuborilmoqda] Cow #10 | GPS: 44.0957, 59.3468
  -> [OK] AI Tashxisi: Normal
[Yuborilmoqda] Cow #11 | GPS: 44.0947, 59.3498
  -> [OK] AI Tashxisi: Normal
----------------------------------------
[Yuborilmoqda] Cow #1 | GPS: 44.099, 59.3438
  -> [OK] AI Tashxisi: Normal
[Yuborilmoqda] Cow #2 | GPS: 44.1007, 59.3511
  -> [OK] AI Tashxisi: Normal
[Yuborilmoqda] Cow #3 | GPS: 44.0942, 59.3478
  -> [OK] AI Tashxisi: Normal
[Yuborilmoqda] Cow #4 | GPS: 44.1027, 59.353
  -> [OK] AI Tashxisi: Ketoz / Acidosis
[Yuborilmoqda] Cow #5 | GPS: 44.0937, 59.3556
  -> [OK] AI Tashxisi: Normal
[Yuborilmoqda] Cow #6 | GPS: 44.1045, 59.3446
  -> [OK] AI Tashxisi: Normal
[Yuborilmoqda] Cow #7 | GPS: 44.1, 59.3518
  -> [OK] AI Tashxisi: Mastit / Infeksiya
[Yuborilmoqda] Cow #8 | GPS: 44.1086, 59.3532
  -> [OK] AI Tashxisi: Normal
[Yuborilmoqda] Cow #9 | GPS: 44.0935, 59.3459
  -> [OK] AI Tashxisi: Normal
[Yuborilmoqda] Cow #10 | GPS: 44.0959, 59.3469
  -> [OK] AI Tashxisi: Normal
[Yuborilmoqda] Cow #11 | GPS: 44.0948, 59.35
  -> [OK] AI Tashxisi: Normal
----------------------------------------
[Yuborilmoqda] Cow #1 | GPS: 44.099, 59.344
  -> [OK] AI Tashxisi: Normal
[Yuborilmoqda] Cow #2 | GPS: 44.1007, 59.3509
  -> [OK] AI Tashxisi: Normal
[Yuborilmoqda] Cow #3 | GPS: 44.0943, 59.348
  -> [OK] AI Tashxisi: Normal
[Yuborilmoqda] Cow #4 | GPS: 44.1026, 59.3528
  -> [OK] AI Tashxisi: Ketoz / Acidosis
[Yuborilmoqda] Cow #5 | GPS: 44.0938, 59.3556
  -> [OK] AI Tashxisi: Normal
[Yuborilmoqda] Cow #6 | GPS: 44.1045, 59.3446
  -> [OK] AI Tashxisi: Normal
[Yuborilmoqda] Cow #7 | GPS: 44.1002, 59.3517
  -> [OK] AI Tashxisi: Mastit / Infeksiya
[Yuborilmoqda] Cow #8 | GPS: 44.1086, 59.353
  -> [OK] AI Tashxisi: Normal
[Yuborilmoqda] Cow #9 | GPS: 44.0937, 59.3459
  -> [OK] AI Tashxisi: Normal
[Yuborilmoqda] Cow #10 | GPS: 44.0958, 59.3468
  -> [OK] AI Tashxisi: Normal
[Yuborilmoqda] Cow #11 | GPS: 44.0947, 59.3502
  -> [OK] AI Tashxisi: Normal
----------------------------------------
[Yuborilmoqda] Cow #1 | GPS: 44.0991, 59.344
  -> [OK] AI Tashxisi: Normal
[Yuborilmoqda] Cow #2 | GPS: 44.1007, 59.3508
  -> [OK] AI Tashxisi: Normal
[Yuborilmoqda] Cow #3 | GPS: 44.0944, 59.3479
  -> [OK] AI Tashxisi: Normal
[Yuborilmoqda] Cow #4 | GPS: 44.1025, 59.3527
  -> [OK] AI Tashxisi: Ketoz / Acidosis
[Yuborilmoqda] Cow #5 | GPS: 44.094, 59.3557
  -> [OK] AI Tashxisi: Normal
[Yuborilmoqda] Cow #6 | GPS: 44.1045, 59.3447
  -> [OK] AI Tashxisi: Normal
[Yuborilmoqda] Cow #7 | GPS: 44.1, 59.3517
  -> [OK] AI Tashxisi: Mastit / Infeksiya
[Yuborilmoqda] Cow #8 | GPS: 44.1085, 59.353
  -> [OK] AI Tashxisi: Normal
[Yuborilmoqda] Cow #9 | GPS: 44.0936, 59.3457
  -> [OK] AI Tashxisi: Normal
[Yuborilmoqda] Cow #10 | GPS: 44.096, 59.3469
  -> [OK] AI Tashxisi: Normal
[Yuborilmoqda] Cow #11 | GPS: 44.0947, 59.3502
  -> [OK] AI Tashxisi: Normal
----------------------------------------
[Yuborilmoqda] Cow #1 | GPS: 44.099, 59.3438
  -> [OK] AI Tashxisi: Normal
[Yuborilmoqda] Cow #2 | GPS: 44.1008, 59.3508
  -> [OK] AI Tashxisi: Normal
[Yuborilmoqda] Cow #3 | GPS: 44.0944, 59.3478
  -> [OK] AI Tashxisi: Normal
[Yuborilmoqda] Cow #4 | GPS: 44.1026, 59.3529
  -> [OK] AI Tashxisi: Ketoz / Acidosis
[Yuborilmoqda] Cow #5 | GPS: 44.0939, 59.3556
  -> [OK] AI Tashxisi: Normal
[Yuborilmoqda] Cow #6 | GPS: 44.1044, 59.3448
  -> [OK] AI Tashxisi: Mastit / Infeksiya
[Yuborilmoqda] Cow #7 | GPS: 44.0999, 59.3518
  -> [OK] AI Tashxisi: Mastit / Infeksiya
[Yuborilmoqda] Cow #8 | GPS: 44.1087, 59.3529
  -> [OK] AI Tashxisi: Mastit / Infeksiya
[Yuborilmoqda] Cow #9 | GPS: 44.0935, 59.3457
  -> [OK] AI Tashxisi: Normal
[Yuborilmoqda] Cow #10 | GPS: 44.0961, 59.3468
  -> [OK] AI Tashxisi: Normal
[Yuborilmoqda] Cow #11 | GPS: 44.0949, 59.3501
  -> [OK] AI Tashxisi: Normal
----------------------------------------
[Yuborilmoqda] Cow #1 | GPS: 44.0991, 59.344
  -> [OK] AI Tashxisi: Mastit / Infeksiya
[Yuborilmoqda] Cow #2 | GPS: 44.1009, 59.3507
  -> [OK] AI Tashxisi: Normal
[Yuborilmoqda] Cow #3 | GPS: 44.0943, 59.3478
  -> [OK] AI Tashxisi: Normal
[Yuborilmoqda] Cow #4 | GPS: 44.1027, 59.3529
  -> [OK] AI Tashxisi: Ketoz / Acidosis
[Yuborilmoqda] Cow #5 | GPS: 44.0941, 59.3555
  -> [OK] AI Tashxisi: Normal
[Yuborilmoqda] Cow #6 | GPS: 44.1044, 59.3448
  -> [OK] AI Tashxisi: Normal
[Yuborilmoqda] Cow #7 | GPS: 44.0997, 59.3518
  -> [OK] AI Tashxisi: Mastit / Infeksiya
[Yuborilmoqda] Cow #8 | GPS: 44.1087, 59.3529
  -> [OK] AI Tashxisi: Normal
[Yuborilmoqda] Cow #9 | GPS: 44.0934, 59.3458
  -> [OK] AI Tashxisi: Normal
[Yuborilmoqda] Cow #10 | GPS: 44.0959, 59.3469
  -> [OK] AI Tashxisi: Normal
[Yuborilmoqda] Cow #11 | GPS: 44.0947, 59.35
  -> [OK] AI Tashxisi: Normal
----------------------------------------
[Yuborilmoqda] Cow #1 | GPS: 44.0989, 59.3438
  -> [OK] AI Tashxisi: Normal
[Yuborilmoqda] Cow #2 | GPS: 44.1009, 59.3507
  -> [OK] AI Tashxisi: Normal
[Yuborilmoqda] Cow #3 | GPS: 44.0942, 59.3478
  -> [OK] AI Tashxisi: Normal
[Yuborilmoqda] Cow #4 | GPS: 44.1025, 59.3529
  -> [OK] AI Tashxisi: Ketoz / Acidosis
[Yuborilmoqda] Cow #5 | GPS: 44.094, 59.3557
  -> [OK] AI Tashxisi: Normal
[Yuborilmoqda] Cow #6 | GPS: 44.1045, 59.3446
  -> [OK] AI Tashxisi: Normal
[Yuborilmoqda] Cow #7 | GPS: 44.0996, 59.3518
  -> [OK] AI Tashxisi: Mastit / Infeksiya
[Yuborilmoqda] Cow #8 | GPS: 44.1089, 59.3529
  -> [OK] AI Tashxisi: Normal
[Yuborilmoqda] Cow #9 | GPS: 44.0935, 59.3459
  -> [OK] AI Tashxisi: Normal
[Yuborilmoqda] Cow #10 | GPS: 44.0958, 59.347
  -> [OK] AI Tashxisi: Normal
[Yuborilmoqda] Cow #11 | GPS: 44.0948, 59.3501
  -> [OK] AI Tashxisi: Normal
----------------------------------------
[Yuborilmoqda] Cow #1 | GPS: 44.0987, 59.3438
  -> [OK] AI Tashxisi: Normal
[Yuborilmoqda] Cow #2 | GPS: 44.1008, 59.3507
  -> [OK] AI Tashxisi: Normal
[Yuborilmoqda] Cow #3 | GPS: 44.0942, 59.3476
  -> [OK] AI Tashxisi: Normal
[Yuborilmoqda] Cow #4 | GPS: 44.1024, 59.3528
  -> [OK] AI Tashxisi: Ketoz / Acidosis
[Yuborilmoqda] Cow #5 | GPS: 44.0939, 59.3559
  -> [OK] AI Tashxisi: Normal
[Yuborilmoqda] Cow #6 | GPS: 44.1046, 59.3446
  -> [OK] AI Tashxisi: Normal
[Yuborilmoqda] Cow #7 | GPS: 44.0996, 59.3519
  -> [OK] AI Tashxisi: Mastit / Infeksiya
[Yuborilmoqda] Cow #8 | GPS: 44.109, 59.3531
  -> [OK] AI Tashxisi: Normal
[Yuborilmoqda] Cow #9 | GPS: 44.0937, 59.3458
  -> [OK] AI Tashxisi: Normal
[Yuborilmoqda] Cow #10 | GPS: 44.0957, 59.3468
  -> [OK] AI Tashxisi: Normal
[Yuborilmoqda] Cow #11 | GPS: 44.095, 59.3502
  -> [OK] AI Tashxisi: Normal
----------------------------------------
[Yuborilmoqda] Cow #1 | GPS: 44.0987, 59.3436
  -> [OK] AI Tashxisi: Normal
[Yuborilmoqda] Cow #2 | GPS: 44.1007, 59.3507
  -> [OK] AI Tashxisi: Normal
[Yuborilmoqda] Cow #3 | GPS: 44.094, 59.3476
  -> [OK] AI Tashxisi: Normal
[Yuborilmoqda] Cow #4 | GPS: 44.1023, 59.3527
  -> [OK] AI Tashxisi: Ketoz / Acidosis
[Yuborilmoqda] Cow #5 | GPS: 44.0938, 59.3557
  -> [OK] AI Tashxisi: Normal
[Yuborilmoqda] Cow #6 | GPS: 44.1044, 59.3445
  -> [OK] AI Tashxisi: Normal
[Yuborilmoqda] Cow #7 | GPS: 44.0996, 59.3518
  -> [OK] AI Tashxisi: Mastit / Infeksiya
[Yuborilmoqda] Cow #8 | GPS: 44.109, 59.3529
  -> [OK] AI Tashxisi: Normal
[Yuborilmoqda] Cow #9 | GPS: 44.0936, 59.3457
  -> [OK] AI Tashxisi: Normal
[Yuborilmoqda] Cow #10 | GPS: 44.0955, 59.3469
  -> [OK] AI Tashxisi: Normal
[Yuborilmoqda] Cow #11 | GPS: 44.0949, 59.35
  -> [OK] AI Tashxisi: Normal
----------------------------------------
[Yuborilmoqda] Cow #1 | GPS: 44.0987, 59.3437
  -> [OK] AI Tashxisi: Normal
[Yuborilmoqda] Cow #2 | GPS: 44.1007, 59.3505
  -> [OK] AI Tashxisi: Normal
[Yuborilmoqda] Cow #3 | GPS: 44.0941, 59.3476
  -> [OK] AI Tashxisi: Normal
[Yuborilmoqda] Cow #4 | GPS: 44.1022, 59.3525
  -> [OK] AI Tashxisi: Ketoz / Acidosis
[Yuborilmoqda] Cow #5 | GPS: 44.0938, 59.3558
  -> [OK] AI Tashxisi: Normal
[Yuborilmoqda] Cow #6 | GPS: 44.1046, 59.3444
  -> [OK] AI Tashxisi: Normal
[Yuborilmoqda] Cow #7 | GPS: 44.0997, 59.3519
  -> [OK] AI Tashxisi: Mastit / Infeksiya
[Yuborilmoqda] Cow #8 | GPS: 44.1089, 59.3531
  -> [OK] AI Tashxisi: Normal
[Yuborilmoqda] Cow #9 | GPS: 44.0935, 59.3456
  -> [OK] AI Tashxisi: Normal
[Yuborilmoqda] Cow #10 | GPS: 44.0957, 59.347
  -> [OK] AI Tashxisi: Normal
[Yuborilmoqda] Cow #11 | GPS: 44.0948, 59.35
  -> [OK] AI Tashxisi: Normal
----------------------------------------
[Yuborilmoqda] Cow #1 | GPS: 44.0988, 59.3437
  -> [OK] AI Tashxisi: Normal
[Yuborilmoqda] Cow #2 | GPS: 44.1006, 59.3507
  -> [OK] AI Tashxisi: Normal
[Yuborilmoqda] Cow #3 | GPS: 44.0941, 59.3477
  -> [OK] AI Tashxisi: Normal
[Yuborilmoqda] Cow #4 | GPS: 44.102, 59.3525
  -> [OK] AI Tashxisi: Ketoz / Acidosis
[Yuborilmoqda] Cow #5 | GPS: 44.0937, 59.3559
  -> [OK] AI Tashxisi: Normal
[Yuborilmoqda] Cow #6 | GPS: 44.1046, 59.3443
  -> [OK] AI Tashxisi: Normal
[Yuborilmoqda] Cow #7 | GPS: 44.0997, 59.3518
  -> [OK] AI Tashxisi: Mastit / Infeksiya
[Yuborilmoqda] Cow #8 | GPS: 44.1088, 59.3531
  -> [OK] AI Tashxisi: Normal
[Yuborilmoqda] Cow #9 | GPS: 44.0936, 59.3456
  -> [OK] AI Tashxisi: Normal
[Yuborilmoqda] Cow #10 | GPS: 44.0958, 59.3469
  -> [OK] AI Tashxisi: Normal
[Yuborilmoqda] Cow #11 | GPS: 44.0948, 59.3501
  -> [OK] AI Tashxisi: Normal
----------------------------------------
[Yuborilmoqda] Cow #1 | GPS: 44.0986, 59.3437
  -> [OK] AI Tashxisi: Normal
[Yuborilmoqda] Cow #2 | GPS: 44.1008, 59.3508
  -> [OK] AI Tashxisi: Mastit / Infeksiya
[Yuborilmoqda] Cow #3 | GPS: 44.0941, 59.3478
  -> [OK] AI Tashxisi: Normal
[Yuborilmoqda] Cow #4 | GPS: 44.1018, 59.3524
  -> [OK] AI Tashxisi: Ketoz / Acidosis
[Yuborilmoqda] Cow #5 | GPS: 44.0938, 59.3559
  -> [OK] AI Tashxisi: Normal
[Yuborilmoqda] Cow #6 | GPS: 44.1045, 59.3444
  -> [OK] AI Tashxisi: Normal
[Yuborilmoqda] Cow #7 | GPS: 44.0998, 59.3519
  -> [OK] AI Tashxisi: Mastit / Infeksiya
[Yuborilmoqda] Cow #8 | GPS: 44.109, 59.3529
  -> [OK] AI Tashxisi: Normal
[Yuborilmoqda] Cow #9 | GPS: 44.0936, 59.3456
  -> [OK] AI Tashxisi: Normal
[Yuborilmoqda] Cow #10 | GPS: 44.0959, 59.3469
  -> [OK] AI Tashxisi: Normal
[Yuborilmoqda] Cow #11 | GPS: 44.0948, 59.3503
  -> [OK] AI Tashxisi: Normal
----------------------------------------
[Yuborilmoqda] Cow #1 | GPS: 44.0987, 59.3435
  -> [OK] AI Tashxisi: Normal
[Yuborilmoqda] Cow #2 | GPS: 44.1008, 59.3509
  -> [OK] AI Tashxisi: Normal
[Yuborilmoqda] Cow #3 | GPS: 44.0943, 59.3479
  -> [OK] AI Tashxisi: Normal
[Yuborilmoqda] Cow #4 | GPS: 44.1017, 59.3523
  -> [OK] AI Tashxisi: Ketoz / Acidosis
[Yuborilmoqda] Cow #5 | GPS: 44.0937, 59.3557
  -> [OK] AI Tashxisi: Normal
[Yuborilmoqda] Cow #6 | GPS: 44.1043, 59.3446
  -> [OK] AI Tashxisi: Normal
[Yuborilmoqda] Cow #7 | GPS: 44.0998, 59.352
  -> [OK] AI Tashxisi: Mastit / Infeksiya
[Yuborilmoqda] Cow #8 | GPS: 44.1089, 59.353
  -> [OK] AI Tashxisi: Normal
[Yuborilmoqda] Cow #9 | GPS: 44.0935, 59.3456
  -> [OK] AI Tashxisi: Normal
[Yuborilmoqda] Cow #10 | GPS: 44.096, 59.3469
  -> [OK] AI Tashxisi: Normal
[Yuborilmoqda] Cow #11 | GPS: 44.095, 59.3505
  -> [OK] AI Tashxisi: Normal
----------------------------------------
[Yuborilmoqda] Cow #1 | GPS: 44.0986, 59.3437
  -> [OK] AI Tashxisi: Normal
[Yuborilmoqda] Cow #2 | GPS: 44.101, 59.3508
  -> [OK] AI Tashxisi: Normal
[Yuborilmoqda] Cow #3 | GPS: 44.0944, 59.3477
  -> [OK] AI Tashxisi: Normal
[Yuborilmoqda] Cow #4 | GPS: 44.1016, 59.3524
  -> [OK] AI Tashxisi: Ketoz / Acidosis
[Yuborilmoqda] Cow #5 | GPS: 44.0936, 59.3556
  -> [OK] AI Tashxisi: Normal
[Yuborilmoqda] Cow #6 | GPS: 44.1042, 59.3447
  -> [OK] AI Tashxisi: Normal
[Yuborilmoqda] Cow #7 | GPS: 44.0997, 59.3521
  -> [OK] AI Tashxisi: Mastit / Infeksiya
[Yuborilmoqda] Cow #8 | GPS: 44.1087, 59.3532
  -> [OK] AI Tashxisi: Normal
[Yuborilmoqda] Cow #9 | GPS: 44.0935, 59.3456
  -> [OK] AI Tashxisi: Normal
[Yuborilmoqda] Cow #10 | GPS: 44.0961, 59.3467
  -> [OK] AI Tashxisi: Normal
[Yuborilmoqda] Cow #11 | GPS: 44.0951, 59.3505
  -> [OK] AI Tashxisi: Normal
----------------------------------------
[Yuborilmoqda] Cow #1 | GPS: 44.0986, 59.3438
  -> [OK] AI Tashxisi: Mastit / Infeksiya
[Yuborilmoqda] Cow #2 | GPS: 44.101, 59.3508
  -> [OK] AI Tashxisi: Normal
[Yuborilmoqda] Cow #3 | GPS: 44.0942, 59.3476
  -> [OK] AI Tashxisi: Normal
[Yuborilmoqda] Cow #4 | GPS: 44.1015, 59.3523
  -> [OK] AI Tashxisi: Ketoz / Acidosis
[Yuborilmoqda] Cow #5 | GPS: 44.0938, 59.3555
  -> [OK] AI Tashxisi: Normal
[Yuborilmoqda] Cow #6 | GPS: 44.1042, 59.3448
  -> [OK] AI Tashxisi: Normal
[Yuborilmoqda] Cow #7 | GPS: 44.0997, 59.3521
  -> [OK] AI Tashxisi: Mastit / Infeksiya
[Yuborilmoqda] Cow #8 | GPS: 44.1086, 59.3533
  -> [OK] AI Tashxisi: Normal
[Yuborilmoqda] Cow #9 | GPS: 44.0933, 59.3457
  -> [OK] AI Tashxisi: Normal
[Yuborilmoqda] Cow #10 | GPS: 44.0959, 59.3467
  -> [OK] AI Tashxisi: Normal
[Yuborilmoqda] Cow #11 | GPS: 44.095, 59.3505
  -> [OK] AI Tashxisi: Normal
----------------------------------------
[Yuborilmoqda] Cow #1 | GPS: 44.0988, 59.3438
  -> [OK] AI Tashxisi: Normal
[Yuborilmoqda] Cow #2 | GPS: 44.1011, 59.3506
  -> [OK] AI Tashxisi: Normal
[Yuborilmoqda] Cow #3 | GPS: 44.0942, 59.3477
  -> [OK] AI Tashxisi: Normal
[Yuborilmoqda] Cow #4 | GPS: 44.1014, 59.3521
  -> [OK] AI Tashxisi: Ketoz / Acidosis
[Yuborilmoqda] Cow #5 | GPS: 44.0939, 59.3556
  -> [OK] AI Tashxisi: Normal
[Yuborilmoqda] Cow #6 | GPS: 44.1043, 59.3449
  -> [OK] AI Tashxisi: Normal
[Yuborilmoqda] Cow #7 | GPS: 44.0997, 59.352
  -> [OK] AI Tashxisi: Mastit / Infeksiya
[Yuborilmoqda] Cow #8 | GPS: 44.1084, 59.3535
  -> [OK] AI Tashxisi: Normal
[Yuborilmoqda] Cow #9 | GPS: 44.0932, 59.3456
  -> [OK] AI Tashxisi: Normal
[Yuborilmoqda] Cow #10 | GPS: 44.0959, 59.3469
  -> [OK] AI Tashxisi: Normal
[Yuborilmoqda] Cow #11 | GPS: 44.095, 59.3504
  -> [OK] AI Tashxisi: Normal
----------------------------------------
[Yuborilmoqda] Cow #1 | GPS: 44.0989, 59.3438
  -> [OK] AI Tashxisi: Normal
[Yuborilmoqda] Cow #2 | GPS: 44.101, 59.3508
  -> [OK] AI Tashxisi: Normal
[Yuborilmoqda] Cow #3 | GPS: 44.0941, 59.3475
  -> [OK] AI Tashxisi: Normal
[Yuborilmoqda] Cow #4 | GPS: 44.1013, 59.3521
  -> [OK] AI Tashxisi: Ketoz / Acidosis
[Yuborilmoqda] Cow #5 | GPS: 44.0939, 59.3555
  -> [OK] AI Tashxisi: Normal
[Yuborilmoqda] Cow #6 | GPS: 44.1044, 59.3451
  -> [OK] AI Tashxisi: Normal
[Yuborilmoqda] Cow #7 | GPS: 44.0995, 59.3519
  -> [OK] AI Tashxisi: Mastit / Infeksiya
[Yuborilmoqda] Cow #8 | GPS: 44.1082, 59.3537
  -> [OK] AI Tashxisi: Normal
[Yuborilmoqda] Cow #9 | GPS: 44.0932, 59.3456
  -> [OK] AI Tashxisi: Normal
[Yuborilmoqda] Cow #10 | GPS: 44.0957, 59.347
  -> [OK] AI Tashxisi: Normal
[Yuborilmoqda] Cow #11 | GPS: 44.0951, 59.3503
  -> [OK] AI Tashxisi: Normal
----------------------------------------
[Yuborilmoqda] Cow #1 | GPS: 44.0989, 59.3439
  -> [OK] AI Tashxisi: Normal
[Yuborilmoqda] Cow #2 | GPS: 44.1009, 59.3506
  -> [OK] AI Tashxisi: Normal
[Yuborilmoqda] Cow #3 | GPS: 44.0941, 59.3477
  -> [OK] AI Tashxisi: Normal
[Yuborilmoqda] Cow #4 | GPS: 44.1011, 59.3521
  -> [OK] AI Tashxisi: Ketoz / Acidosis
[Yuborilmoqda] Cow #5 | GPS: 44.094, 59.3553
  -> [OK] AI Tashxisi: Mastit / Infeksiya
[Yuborilmoqda] Cow #6 | GPS: 44.1042, 59.3452
  -> [OK] AI Tashxisi: Normal
[Yuborilmoqda] Cow #7 | GPS: 44.0994, 59.3519
  -> [OK] AI Tashxisi: Mastit / Infeksiya
[Yuborilmoqda] Cow #8 | GPS: 44.1081, 59.3538
  -> [OK] AI Tashxisi: Normal
[Yuborilmoqda] Cow #9 | GPS: 44.093, 59.3455
  -> [OK] AI Tashxisi: Normal
[Yuborilmoqda] Cow #10 | GPS: 44.0955, 59.3469
  -> [OK] AI Tashxisi: Normal
[Yuborilmoqda] Cow #11 | GPS: 44.0949, 59.3502
  -> [OK] AI Tashxisi: Normal
----------------------------------------
[Yuborilmoqda] Cow #1 | GPS: 44.099, 59.3439
  -> [OK] AI Tashxisi: Normal
[Yuborilmoqda] Cow #2 | GPS: 44.1008, 59.3504
  -> [OK] AI Tashxisi: Normal
[Yuborilmoqda] Cow #3 | GPS: 44.094, 59.3479
  -> [OK] AI Tashxisi: Normal
[Yuborilmoqda] Cow #4 | GPS: 44.1013, 59.3523
  -> [OK] AI Tashxisi: Ketoz / Acidosis
[Yuborilmoqda] Cow #5 | GPS: 44.0939, 59.3552
  -> [OK] AI Tashxisi: Normal
[Yuborilmoqda] Cow #6 | GPS: 44.1041, 59.3453
  -> [OK] AI Tashxisi: Normal
[Yuborilmoqda] Cow #7 | GPS: 44.0995, 59.3519
  -> [OK] AI Tashxisi: Mastit / Infeksiya
[Yuborilmoqda] Cow #8 | GPS: 44.1079, 59.3539
  -> [OK] AI Tashxisi: Normal
[Yuborilmoqda] Cow #9 | GPS: 44.0929, 59.3455
  -> [OK] AI Tashxisi: Normal
[Yuborilmoqda] Cow #10 | GPS: 44.0953, 59.3468
  -> [OK] AI Tashxisi: Normal
[Yuborilmoqda] Cow #11 | GPS: 44.0951, 59.3504
  -> [OK] AI Tashxisi: Normal
----------------------------------------
[Yuborilmoqda] Cow #1 | GPS: 44.0989, 59.3441
  -> [OK] AI Tashxisi: Normal
[Yuborilmoqda] Cow #2 | GPS: 44.1009, 59.3503
  -> [OK] AI Tashxisi: Normal
[Yuborilmoqda] Cow #3 | GPS: 44.0939, 59.3479
  -> [OK] AI Tashxisi: Normal
[Yuborilmoqda] Cow #4 | GPS: 44.1011, 59.3524
  -> [OK] AI Tashxisi: Ketoz / Acidosis
[Yuborilmoqda] Cow #5 | GPS: 44.0937, 59.3552
  -> [OK] AI Tashxisi: Normal
[Yuborilmoqda] Cow #6 | GPS: 44.1042, 59.3454
  -> [OK] AI Tashxisi: Mastit / Infeksiya
[Yuborilmoqda] Cow #7 | GPS: 44.0996, 59.352
  -> [OK] AI Tashxisi: Mastit / Infeksiya
[Yuborilmoqda] Cow #8 | GPS: 44.108, 59.3538
  -> [OK] AI Tashxisi: Normal
[Yuborilmoqda] Cow #9 | GPS: 44.0928, 59.3457
  -> [OK] AI Tashxisi: Normal
[Yuborilmoqda] Cow #10 | GPS: 44.0953, 59.3466
  -> [OK] AI Tashxisi: Normal
[Yuborilmoqda] Cow #11 | GPS: 44.0951, 59.3503
  -> [OK] AI Tashxisi: Normal
----------------------------------------
[Yuborilmoqda] Cow #1 | GPS: 44.0987, 59.344
  -> [OK] AI Tashxisi: Normal
[Yuborilmoqda] Cow #2 | GPS: 44.101, 59.3502
  -> [OK] AI Tashxisi: Normal
[Yuborilmoqda] Cow #3 | GPS: 44.0938, 59.3478
  -> [OK] AI Tashxisi: Normal
[Yuborilmoqda] Cow #4 | GPS: 44.1012, 59.3526
  -> [OK] AI Tashxisi: Ketoz / Acidosis
[Yuborilmoqda] Cow #5 | GPS: 44.0937, 59.3554
  -> [OK] AI Tashxisi: Normal
[Yuborilmoqda] Cow #6 | GPS: 44.104, 59.3456
  -> [OK] AI Tashxisi: Normal
[Yuborilmoqda] Cow #7 | GPS: 44.0995, 59.3519
  -> [OK] AI Tashxisi: Mastit / Infeksiya
[Yuborilmoqda] Cow #8 | GPS: 44.1079, 59.3537
  -> [OK] AI Tashxisi: Normal
[Yuborilmoqda] Cow #9 | GPS: 44.0927, 59.3458
  -> [OK] AI Tashxisi: Normal
[Yuborilmoqda] Cow #10 | GPS: 44.0954, 59.3465
  -> [OK] AI Tashxisi: Normal
[Yuborilmoqda] Cow #11 | GPS: 44.0952, 59.3502
  -> [OK] AI Tashxisi: Normal
----------------------------------------
[Yuborilmoqda] Cow #1 | GPS: 44.0988, 59.3441
  -> [OK] AI Tashxisi: Normal
[Yuborilmoqda] Cow #2 | GPS: 44.101, 59.3504
  -> [OK] AI Tashxisi: Normal
[Yuborilmoqda] Cow #3 | GPS: 44.0938, 59.348
  -> [OK] AI Tashxisi: Mastit / Infeksiya
[Yuborilmoqda] Cow #4 | GPS: 44.1012, 59.3527
  -> [OK] AI Tashxisi: Ketoz / Acidosis
[Yuborilmoqda] Cow #5 | GPS: 44.0936, 59.3553
  -> [OK] AI Tashxisi: Normal
[Yuborilmoqda] Cow #6 | GPS: 44.1041, 59.3455
  -> [OK] AI Tashxisi: Normal
[Yuborilmoqda] Cow #7 | GPS: 44.0996, 59.3517
  -> [OK] AI Tashxisi: Mastit / Infeksiya
[Yuborilmoqda] Cow #8 | GPS: 44.108, 59.3536
  -> [OK] AI Tashxisi: Normal
[Yuborilmoqda] Cow #9 | GPS: 44.0928, 59.3457
  -> [OK] AI Tashxisi: Mastit / Infeksiya
[Yuborilmoqda] Cow #10 | GPS: 44.0955, 59.3465
  -> [OK] AI Tashxisi: Normal
[Yuborilmoqda] Cow #11 | GPS: 44.0951, 59.3503
  -> [OK] AI Tashxisi: Normal
----------------------------------------
[Yuborilmoqda] Cow #1 | GPS: 44.099, 59.3442
  -> [OK] AI Tashxisi: Normal
[Yuborilmoqda] Cow #2 | GPS: 44.1008, 59.3504
  -> [OK] AI Tashxisi: Normal
[Yuborilmoqda] Cow #3 | GPS: 44.0939, 59.3479
  -> [OK] AI Tashxisi: Normal
[Yuborilmoqda] Cow #4 | GPS: 44.1014, 59.3529
  -> [OK] AI Tashxisi: Ketoz / Acidosis
[Yuborilmoqda] Cow #5 | GPS: 44.0934, 59.3552
  -> [OK] AI Tashxisi: Normal
[Yuborilmoqda] Cow #6 | GPS: 44.1039, 59.3455
  -> [OK] AI Tashxisi: Normal
[Yuborilmoqda] Cow #7 | GPS: 44.0996, 59.3519
  -> [OK] AI Tashxisi: Mastit / Infeksiya
[Yuborilmoqda] Cow #8 | GPS: 44.1081, 59.3535
  -> [OK] AI Tashxisi: Normal
[Yuborilmoqda] Cow #9 | GPS: 44.0929, 59.3459
  -> [OK] AI Tashxisi: Normal
[Yuborilmoqda] Cow #10 | GPS: 44.0954, 59.3464
  -> [OK] AI Tashxisi: Normal
[Yuborilmoqda] Cow #11 | GPS: 44.0951, 59.3503
  -> [OK] AI Tashxisi: Normal
----------------------------------------
[Yuborilmoqda] Cow #1 | GPS: 44.099, 59.3443
  -> [OK] AI Tashxisi: Normal
[Yuborilmoqda] Cow #2 | GPS: 44.1006, 59.3502
  -> [OK] AI Tashxisi: Normal
[Yuborilmoqda] Cow #3 | GPS: 44.0938, 59.3477
  -> [OK] AI Tashxisi: Normal
[Yuborilmoqda] Cow #4 | GPS: 44.1014, 59.3528
  -> [OK] AI Tashxisi: Ketoz / Acidosis
[Yuborilmoqda] Cow #5 | GPS: 44.0934, 59.3551
  -> [OK] AI Tashxisi: Normal
[Yuborilmoqda] Cow #6 | GPS: 44.1041, 59.3454
  -> [OK] AI Tashxisi: Normal
[Yuborilmoqda] Cow #7 | GPS: 44.0995, 59.3519
  -> [OK] AI Tashxisi: Mastit / Infeksiya
[Yuborilmoqda] Cow #8 | GPS: 44.108, 59.3536
  -> [OK] AI Tashxisi: Normal
[Yuborilmoqda] Cow #9 | GPS: 44.093, 59.3457
  -> [OK] AI Tashxisi: Normal
[Yuborilmoqda] Cow #10 | GPS: 44.0956, 59.3463
  -> [OK] AI Tashxisi: Normal
[Yuborilmoqda] Cow #11 | GPS: 44.0951, 59.3505
  -> [OK] AI Tashxisi: Normal
----------------------------------------
[Yuborilmoqda] Cow #1 | GPS: 44.0989, 59.3442
  -> [OK] AI Tashxisi: Normal
[Yuborilmoqda] Cow #2 | GPS: 44.1008, 59.3501
  -> [OK] AI Tashxisi: Normal
[Yuborilmoqda] Cow #3 | GPS: 44.0938, 59.3476
  -> [OK] AI Tashxisi: Normal
[Yuborilmoqda] Cow #4 | GPS: 44.1015, 59.3528
  -> [OK] AI Tashxisi: Ketoz / Acidosis
[Yuborilmoqda] Cow #5 | GPS: 44.0934, 59.355
  -> [OK] AI Tashxisi: Normal
[Yuborilmoqda] Cow #6 | GPS: 44.1041, 59.3453
  -> [OK] AI Tashxisi: Normal
[Yuborilmoqda] Cow #7 | GPS: 44.0996, 59.3519
  -> [OK] AI Tashxisi: Mastit / Infeksiya
[Yuborilmoqda] Cow #8 | GPS: 44.1078, 59.3536
  -> [OK] AI Tashxisi: Normal
[Yuborilmoqda] Cow #9 | GPS: 44.0932, 59.3456
  -> [OK] AI Tashxisi: Normal
[Yuborilmoqda] Cow #10 | GPS: 44.0956, 59.3463
  -> [OK] AI Tashxisi: Normal
[Yuborilmoqda] Cow #11 | GPS: 44.0952, 59.3506
  -> [OK] AI Tashxisi: Normal
----------------------------------------
[Yuborilmoqda] Cow #1 | GPS: 44.0987, 59.3442
  -> [OK] AI Tashxisi: Normal
[Yuborilmoqda] Cow #2 | GPS: 44.1009, 59.3502
  -> [OK] AI Tashxisi: Normal
[Yuborilmoqda] Cow #3 | GPS: 44.0939, 59.3475
  -> [OK] AI Tashxisi: Normal
[Yuborilmoqda] Cow #4 | GPS: 44.1016, 59.3529
  -> [OK] AI Tashxisi: Ketoz / Acidosis
[Yuborilmoqda] Cow #5 | GPS: 44.0932, 59.3551
  -> [OK] AI Tashxisi: Normal
[Yuborilmoqda] Cow #6 | GPS: 44.1041, 59.3451
  -> [OK] AI Tashxisi: Normal
[Yuborilmoqda] Cow #7 | GPS: 44.0994, 59.3521
  -> [OK] AI Tashxisi: Mastit / Infeksiya
[Yuborilmoqda] Cow #8 | GPS: 44.108, 59.3538
  -> [OK] AI Tashxisi: Normal
[Yuborilmoqda] Cow #9 | GPS: 44.0933, 59.3456
  -> [OK] AI Tashxisi: Normal
[Yuborilmoqda] Cow #10 | GPS: 44.0955, 59.3462
  -> [OK] AI Tashxisi: Mastit / Infeksiya
[Yuborilmoqda] Cow #11 | GPS: 44.0954, 59.3507
  -> [OK] AI Tashxisi: Normal
----------------------------------------
[Yuborilmoqda] Cow #1 | GPS: 44.0987, 59.344
  -> [OK] AI Tashxisi: Normal
[Yuborilmoqda] Cow #2 | GPS: 44.1011, 59.3501
  -> [OK] AI Tashxisi: Normal
[Yuborilmoqda] Cow #3 | GPS: 44.0937, 59.3474
  -> [OK] AI Tashxisi: Normal
[Yuborilmoqda] Cow #4 | GPS: 44.1015, 59.353
  -> [OK] AI Tashxisi: Ketoz / Acidosis
[Yuborilmoqda] Cow #5 | GPS: 44.0932, 59.3552
  -> [OK] AI Tashxisi: Normal
[Yuborilmoqda] Cow #6 | GPS: 44.1042, 59.345
  -> [OK] AI Tashxisi: Normal
[Yuborilmoqda] Cow #7 | GPS: 44.0993, 59.352
  -> [OK] AI Tashxisi: Mastit / Infeksiya
[Yuborilmoqda] Cow #8 | GPS: 44.1082, 59.3539
  -> [OK] AI Tashxisi: Normal
[Yuborilmoqda] Cow #9 | GPS: 44.0932, 59.3456
  -> [OK] AI Tashxisi: Normal
[Yuborilmoqda] Cow #10 | GPS: 44.0954, 59.3462
  -> [OK] AI Tashxisi: Mastit / Infeksiya
[Yuborilmoqda] Cow #11 | GPS: 44.0953, 59.3507
  -> [OK] AI Tashxisi: Normal
----------------------------------------
[Yuborilmoqda] Cow #1 | GPS: 44.0986, 59.344
  -> [OK] AI Tashxisi: Normal
[Yuborilmoqda] Cow #2 | GPS: 44.1009, 59.3501
  -> [OK] AI Tashxisi: Normal
[Yuborilmoqda] Cow #3 | GPS: 44.0936, 59.3475
  -> [OK] AI Tashxisi: Normal
[Yuborilmoqda] Cow #4 | GPS: 44.1016, 59.3528
  -> [OK] AI Tashxisi: Ketoz / Acidosis
[Yuborilmoqda] Cow #5 | GPS: 44.0932, 59.3551
  -> [OK] AI Tashxisi: Normal
[Yuborilmoqda] Cow #6 | GPS: 44.1043, 59.3451
  -> [OK] AI Tashxisi: Mastit / Infeksiya
[Yuborilmoqda] Cow #7 | GPS: 44.0991, 59.3522
  -> [OK] AI Tashxisi: Mastit / Infeksiya
[Yuborilmoqda] Cow #8 | GPS: 44.1082, 59.3539
  -> [OK] AI Tashxisi: Normal
[Yuborilmoqda] Cow #9 | GPS: 44.0933, 59.3455
  -> [OK] AI Tashxisi: Normal
[Yuborilmoqda] Cow #10 | GPS: 44.0952, 59.346
  -> [OK] AI Tashxisi: Normal
[Yuborilmoqda] Cow #11 | GPS: 44.0955, 59.3509
  -> [OK] AI Tashxisi: Normal
----------------------------------------
[Yuborilmoqda] Cow #1 | GPS: 44.0986, 59.3441
  -> [OK] AI Tashxisi: Normal
[Yuborilmoqda] Cow #2 | GPS: 44.1009, 59.3501
  -> [OK] AI Tashxisi: Normal
[Yuborilmoqda] Cow #3 | GPS: 44.0937, 59.3475
  -> [OK] AI Tashxisi: Normal
[Yuborilmoqda] Cow #4 | GPS: 44.1017, 59.3529
  -> [OK] AI Tashxisi: Ketoz / Acidosis
[Yuborilmoqda] Cow #5 | GPS: 44.0934, 59.3551
  -> [OK] AI Tashxisi: Normal
[Yuborilmoqda] Cow #6 | GPS: 44.1042, 59.3449
  -> [OK] AI Tashxisi: Normal
[Yuborilmoqda] Cow #7 | GPS: 44.0991, 59.3521
  -> [OK] AI Tashxisi: Mastit / Infeksiya
[Yuborilmoqda] Cow #8 | GPS: 44.1082, 59.3538
  -> [OK] AI Tashxisi: Normal
[Yuborilmoqda] Cow #9 | GPS: 44.0932, 59.3455
  -> [OK] AI Tashxisi: Normal
[Yuborilmoqda] Cow #10 | GPS: 44.0952, 59.3461
  -> [OK] AI Tashxisi: Normal
[Yuborilmoqda] Cow #11 | GPS: 44.0956, 59.351
  -> [OK] AI Tashxisi: Normal
----------------------------------------
[Yuborilmoqda] Cow #1 | GPS: 44.0985, 59.344
  -> [OK] AI Tashxisi: Normal
[Yuborilmoqda] Cow #2 | GPS: 44.1009, 59.3501
  -> [OK] AI Tashxisi: Normal
[Yuborilmoqda] Cow #3 | GPS: 44.0936, 59.3473
  -> [OK] AI Tashxisi: Normal
[Yuborilmoqda] Cow #4 | GPS: 44.1019, 59.3529
  -> [OK] AI Tashxisi: Ketoz / Acidosis
[Yuborilmoqda] Cow #5 | GPS: 44.0933, 59.3551
  -> [OK] AI Tashxisi: Normal
[Yuborilmoqda] Cow #6 | GPS: 44.1044, 59.345
  -> [OK] AI Tashxisi: Normal
[Yuborilmoqda] Cow #7 | GPS: 44.0993, 59.352
  -> [OK] AI Tashxisi: Mastit / Infeksiya
[Yuborilmoqda] Cow #8 | GPS: 44.1084, 59.3537
  -> [OK] AI Tashxisi: Normal
[Yuborilmoqda] Cow #9 | GPS: 44.0932, 59.3454
  -> [OK] AI Tashxisi: Normal
[Yuborilmoqda] Cow #10 | GPS: 44.0951, 59.346
  -> [OK] AI Tashxisi: Normal
[Yuborilmoqda] Cow #11 | GPS: 44.0956, 59.3512
  -> [OK] AI Tashxisi: Normal
----------------------------------------
[Yuborilmoqda] Cow #1 | GPS: 44.0983, 59.3442
  -> [OK] AI Tashxisi: Normal
[Yuborilmoqda] Cow #2 | GPS: 44.101, 59.35
  -> [OK] AI Tashxisi: Normal
[Yuborilmoqda] Cow #3 | GPS: 44.0934, 59.3474
  -> [OK] AI Tashxisi: Normal
[Yuborilmoqda] Cow #4 | GPS: 44.102, 59.3527
  -> [OK] AI Tashxisi: Ketoz / Acidosis
[Yuborilmoqda] Cow #5 | GPS: 44.0935, 59.3551
  -> [OK] AI Tashxisi: Normal
[Yuborilmoqda] Cow #6 | GPS: 44.1044, 59.3449
  -> [OK] AI Tashxisi: Normal
[Yuborilmoqda] Cow #7 | GPS: 44.0991, 59.352
  -> [OK] AI Tashxisi: Mastit / Infeksiya
[Yuborilmoqda] Cow #8 | GPS: 44.1084, 59.3537
  -> [OK] AI Tashxisi: Normal
[Yuborilmoqda] Cow #9 | GPS: 44.0931, 59.3452
  -> [OK] AI Tashxisi: Normal
[Yuborilmoqda] Cow #10 | GPS: 44.095, 59.3461
  -> [OK] AI Tashxisi: Normal
[Yuborilmoqda] Cow #11 | GPS: 44.0955, 59.3512
  -> [OK] AI Tashxisi: Normal
----------------------------------------
[Yuborilmoqda] Cow #1 | GPS: 44.0983, 59.3441
  -> [OK] AI Tashxisi: Normal
[Yuborilmoqda] Cow #2 | GPS: 44.101, 59.3501
  -> [OK] AI Tashxisi: Normal
[Yuborilmoqda] Cow #3 | GPS: 44.0934, 59.3472
  -> [OK] AI Tashxisi: Normal
[Yuborilmoqda] Cow #4 | GPS: 44.1021, 59.3528
  -> [OK] AI Tashxisi: Ketoz / Acidosis
[Yuborilmoqda] Cow #5 | GPS: 44.0935, 59.3551
  -> [OK] AI Tashxisi: Normal
[Yuborilmoqda] Cow #6 | GPS: 44.1043, 59.345
  -> [OK] AI Tashxisi: Normal
[Yuborilmoqda] Cow #7 | GPS: 44.0993, 59.352
  -> [OK] AI Tashxisi: Mastit / Infeksiya
[Yuborilmoqda] Cow #8 | GPS: 44.1082, 59.3539
  -> [OK] AI Tashxisi: Normal
[Yuborilmoqda] Cow #9 | GPS: 44.0933, 59.3454
  -> [OK] AI Tashxisi: Normal
[Yuborilmoqda] Cow #10 | GPS: 44.0951, 59.3459
  -> [OK] AI Tashxisi: Normal
[Yuborilmoqda] Cow #11 | GPS: 44.0954, 59.3512
  -> [OK] AI Tashxisi: Normal
----------------------------------------
[Yuborilmoqda] Cow #1 | GPS: 44.0982, 59.3442
  -> [OK] AI Tashxisi: Normal
[Yuborilmoqda] Cow #2 | GPS: 44.101, 59.35
  -> [OK] AI Tashxisi: Normal
[Yuborilmoqda] Cow #3 | GPS: 44.0933, 59.3472
  -> [OK] AI Tashxisi: Normal
[Yuborilmoqda] Cow #4 | GPS: 44.1021, 59.3528
  -> [OK] AI Tashxisi: Ketoz / Acidosis
[Yuborilmoqda] Cow #5 | GPS: 44.0933, 59.3553
  -> [OK] AI Tashxisi: Normal
[Yuborilmoqda] Cow #6 | GPS: 44.1042, 59.3452
  -> [OK] AI Tashxisi: Normal
[Yuborilmoqda] Cow #7 | GPS: 44.0993, 59.3522
  -> [OK] AI Tashxisi: Mastit / Infeksiya
[Yuborilmoqda] Cow #8 | GPS: 44.1081, 59.3538
  -> [OK] AI Tashxisi: Normal
[Yuborilmoqda] Cow #9 | GPS: 44.0931, 59.3455
  -> [OK] AI Tashxisi: Normal
[Yuborilmoqda] Cow #10 | GPS: 44.095, 59.3461
  -> [OK] AI Tashxisi: Normal
[Yuborilmoqda] Cow #11 | GPS: 44.0953, 59.3514
  -> [OK] AI Tashxisi: Normal
----------------------------------------
[Yuborilmoqda] Cow #1 | GPS: 44.0984, 59.3441
  -> [OK] AI Tashxisi: Normal
[Yuborilmoqda] Cow #2 | GPS: 44.1011, 59.35
  -> [OK] AI Tashxisi: Normal
[Yuborilmoqda] Cow #3 | GPS: 44.0934, 59.3471
  -> [OK] AI Tashxisi: Normal
[Yuborilmoqda] Cow #4 | GPS: 44.102, 59.3528
  -> [OK] AI Tashxisi: Ketoz / Acidosis
[Yuborilmoqda] Cow #5 | GPS: 44.0934, 59.3551
  -> [OK] AI Tashxisi: Normal
[Yuborilmoqda] Cow #6 | GPS: 44.1043, 59.3453
  -> [OK] AI Tashxisi: Normal
[Yuborilmoqda] Cow #7 | GPS: 44.0991, 59.352
  -> [OK] AI Tashxisi: Mastit / Infeksiya
[Yuborilmoqda] Cow #8 | GPS: 44.108, 59.3538
  -> [OK] AI Tashxisi: Normal
[Yuborilmoqda] Cow #9 | GPS: 44.0932, 59.3455
  -> [OK] AI Tashxisi: Normal
[Yuborilmoqda] Cow #10 | GPS: 44.0952, 59.3462
  -> [OK] AI Tashxisi: Normal
[Yuborilmoqda] Cow #11 | GPS: 44.0955, 59.3513
  -> [OK] AI Tashxisi: Normal
----------------------------------------
[Yuborilmoqda] Cow #1 | GPS: 44.0986, 59.3442
  -> [OK] AI Tashxisi: Normal
[Yuborilmoqda] Cow #2 | GPS: 44.1013, 59.3502
  -> [OK] AI Tashxisi: Mastit / Infeksiya
[Yuborilmoqda] Cow #3 | GPS: 44.0936, 59.347
  -> [OK] AI Tashxisi: Normal
[Yuborilmoqda] Cow #4 | GPS: 44.102, 59.3528
  -> [OK] AI Tashxisi: Ketoz / Acidosis
[Yuborilmoqda] Cow #5 | GPS: 44.0935, 59.355
  -> [OK] AI Tashxisi: Normal
[Yuborilmoqda] Cow #6 | GPS: 44.1045, 59.3451
  -> [OK] AI Tashxisi: Normal
[Yuborilmoqda] Cow #7 | GPS: 44.0991, 59.3521
  -> [OK] AI Tashxisi: Mastit / Infeksiya
[Yuborilmoqda] Cow #8 | GPS: 44.108, 59.3539
  -> [OK] AI Tashxisi: Normal
[Yuborilmoqda] Cow #9 | GPS: 44.0931, 59.3456
  -> [OK] AI Tashxisi: Normal
[Yuborilmoqda] Cow #10 | GPS: 44.0952, 59.3464
  -> [OK] AI Tashxisi: Normal
[Yuborilmoqda] Cow #11 | GPS: 44.0953, 59.3511
  -> [OK] AI Tashxisi: Normal
----------------------------------------
[Yuborilmoqda] Cow #1 | GPS: 44.0988, 59.3442
  -> [OK] AI Tashxisi: Normal
[Yuborilmoqda] Cow #2 | GPS: 44.1014, 59.3503
  -> [OK] AI Tashxisi: Normal
[Yuborilmoqda] Cow #3 | GPS: 44.0936, 59.347
  -> [OK] AI Tashxisi: Mastit / Infeksiya
[Yuborilmoqda] Cow #4 | GPS: 44.1019, 59.3529
  -> [OK] AI Tashxisi: Ketoz / Acidosis
[Yuborilmoqda] Cow #5 | GPS: 44.0936, 59.355
  -> [OK] AI Tashxisi: Normal
[Yuborilmoqda] Cow #6 | GPS: 44.1046, 59.345
  -> [OK] AI Tashxisi: Normal
[Yuborilmoqda] Cow #7 | GPS: 44.0992, 59.3521
  -> [OK] AI Tashxisi: Mastit / Infeksiya
[Yuborilmoqda] Cow #8 | GPS: 44.1079, 59.3537
  -> [OK] AI Tashxisi: Normal
[Yuborilmoqda] Cow #9 | GPS: 44.0931, 59.3458
  -> [OK] AI Tashxisi: Normal
[Yuborilmoqda] Cow #10 | GPS: 44.0953, 59.3464
  -> [OK] AI Tashxisi: Normal
[Yuborilmoqda] Cow #11 | GPS: 44.0952, 59.3509
  -> [OK] AI Tashxisi: Mastit / Infeksiya
----------------------------------------
[Yuborilmoqda] Cow #1 | GPS: 44.0989, 59.344
  -> [OK] AI Tashxisi: Normal
[Yuborilmoqda] Cow #2 | GPS: 44.1016, 59.3503
  -> [OK] AI Tashxisi: Normal
[Yuborilmoqda] Cow #3 | GPS: 44.0937, 59.3472
  -> [OK] AI Tashxisi: Normal
[Yuborilmoqda] Cow #4 | GPS: 44.1018, 59.3528
  -> [OK] AI Tashxisi: Ketoz / Acidosis
[Yuborilmoqda] Cow #5 | GPS: 44.0938, 59.3551
  -> [OK] AI Tashxisi: Normal
[Yuborilmoqda] Cow #6 | GPS: 44.1044, 59.3448
  -> [OK] AI Tashxisi: Normal
[Yuborilmoqda] Cow #7 | GPS: 44.0992, 59.352
  -> [OK] AI Tashxisi: Mastit / Infeksiya
[Yuborilmoqda] Cow #8 | GPS: 44.1081, 59.3538
  -> [OK] AI Tashxisi: Normal
[Yuborilmoqda] Cow #9 | GPS: 44.0931, 59.3458
  -> [OK] AI Tashxisi: Normal
[Yuborilmoqda] Cow #10 | GPS: 44.0954, 59.3466
  -> [OK] AI Tashxisi: Normal
[Yuborilmoqda] Cow #11 | GPS: 44.0951, 59.351
  -> [OK] AI Tashxisi: Normal
----------------------------------------
[Yuborilmoqda] Cow #1 | GPS: 44.0988, 59.344
  -> [OK] AI Tashxisi: Normal
[Yuborilmoqda] Cow #2 | GPS: 44.1016, 59.3503
  -> [OK] AI Tashxisi: Normal
[Yuborilmoqda] Cow #3 | GPS: 44.0936, 59.3471
  -> [OK] AI Tashxisi: Normal
[Yuborilmoqda] Cow #4 | GPS: 44.1016, 59.3529
  -> [OK] AI Tashxisi: Ketoz / Acidosis
[Yuborilmoqda] Cow #5 | GPS: 44.0939, 59.3551
  -> [OK] AI Tashxisi: Normal
[Yuborilmoqda] Cow #6 | GPS: 44.1042, 59.3447
  -> [OK] AI Tashxisi: Normal
[Yuborilmoqda] Cow #7 | GPS: 44.0992, 59.3519
  -> [OK] AI Tashxisi: Mastit / Infeksiya
[Yuborilmoqda] Cow #8 | GPS: 44.1082, 59.3537
  -> [OK] AI Tashxisi: Normal
[Yuborilmoqda] Cow #9 | GPS: 44.0931, 59.3457
  -> [OK] AI Tashxisi: Normal
[Yuborilmoqda] Cow #10 | GPS: 44.0953, 59.3466
  -> [OK] AI Tashxisi: Normal
[Yuborilmoqda] Cow #11 | GPS: 44.0949, 59.3509
  -> [OK] AI Tashxisi: Normal
----------------------------------------
[Yuborilmoqda] Cow #1 | GPS: 44.0988, 59.3442
  -> [OK] AI Tashxisi: Normal
[Yuborilmoqda] Cow #2 | GPS: 44.1015, 59.3505
  -> [OK] AI Tashxisi: Normal
[Yuborilmoqda] Cow #3 | GPS: 44.0937, 59.3472
  -> [OK] AI Tashxisi: Normal
[Yuborilmoqda] Cow #4 | GPS: 44.1018, 59.353
  -> [OK] AI Tashxisi: Ketoz / Acidosis
[Yuborilmoqda] Cow #5 | GPS: 44.0938, 59.355
  -> [OK] AI Tashxisi: Normal
[Yuborilmoqda] Cow #6 | GPS: 44.1043, 59.3446
  -> [OK] AI Tashxisi: Normal
[Yuborilmoqda] Cow #7 | GPS: 44.0993, 59.3517
  -> [OK] AI Tashxisi: Mastit / Infeksiya
[Yuborilmoqda] Cow #8 | GPS: 44.1082, 59.3538
  -> [OK] AI Tashxisi: Normal
[Yuborilmoqda] Cow #9 | GPS: 44.0931, 59.3457
  -> [OK] AI Tashxisi: Normal
[Yuborilmoqda] Cow #10 | GPS: 44.0951, 59.3468
  -> [OK] AI Tashxisi: Normal
[Yuborilmoqda] Cow #11 | GPS: 44.0948, 59.351
  -> [OK] AI Tashxisi: Normal
----------------------------------------
[Yuborilmoqda] Cow #1 | GPS: 44.0988, 59.3442
  -> [OK] AI Tashxisi: Mastit / Infeksiya
[Yuborilmoqda] Cow #2 | GPS: 44.1016, 59.3506
  -> [OK] AI Tashxisi: Normal
[Yuborilmoqda] Cow #3 | GPS: 44.0938, 59.3472
  -> [OK] AI Tashxisi: Normal
[Yuborilmoqda] Cow #4 | GPS: 44.1018, 59.353
  -> [OK] AI Tashxisi: Ketoz / Acidosis
[Yuborilmoqda] Cow #5 | GPS: 44.0939, 59.3548
  -> [OK] AI Tashxisi: Normal
[Yuborilmoqda] Cow #6 | GPS: 44.1041, 59.3447
  -> [OK] AI Tashxisi: Normal
[Yuborilmoqda] Cow #7 | GPS: 44.0992, 59.3517
  -> [OK] AI Tashxisi: Mastit / Infeksiya
[Yuborilmoqda] Cow #8 | GPS: 44.1082, 59.3538
  -> [OK] AI Tashxisi: Normal
[Yuborilmoqda] Cow #9 | GPS: 44.0931, 59.3458
  -> [OK] AI Tashxisi: Normal
[Yuborilmoqda] Cow #10 | GPS: 44.0951, 59.3468
  -> [OK] AI Tashxisi: Normal
[Yuborilmoqda] Cow #11 | GPS: 44.0948, 59.351
  -> [OK] AI Tashxisi: Normal
----------------------------------------
[Yuborilmoqda] Cow #1 | GPS: 44.0986, 59.3441
  -> [OK] AI Tashxisi: Normal
[Yuborilmoqda] Cow #2 | GPS: 44.1016, 59.3507
  -> [OK] AI Tashxisi: Normal
[Yuborilmoqda] Cow #3 | GPS: 44.0937, 59.3472
  -> [OK] AI Tashxisi: Normal
[Yuborilmoqda] Cow #4 | GPS: 44.1017, 59.3531
  -> [OK] AI Tashxisi: Ketoz / Acidosis
[Yuborilmoqda] Cow #5 | GPS: 44.0939, 59.3549
  -> [OK] AI Tashxisi: Normal
[Yuborilmoqda] Cow #6 | GPS: 44.104, 59.3447
  -> [OK] AI Tashxisi: Normal
[Yuborilmoqda] Cow #7 | GPS: 44.0991, 59.3518
  -> [OK] AI Tashxisi: Mastit / Infeksiya
[Yuborilmoqda] Cow #8 | GPS: 44.1081, 59.3538
  -> [OK] AI Tashxisi: Normal
[Yuborilmoqda] Cow #9 | GPS: 44.093, 59.3459
  -> [OK] AI Tashxisi: Normal
[Yuborilmoqda] Cow #10 | GPS: 44.0951, 59.3468
  -> [OK] AI Tashxisi: Normal
[Yuborilmoqda] Cow #11 | GPS: 44.0946, 59.3509
  -> [OK] AI Tashxisi: Normal
----------------------------------------
[Yuborilmoqda] Cow #1 | GPS: 44.0988, 59.3439
  -> [OK] AI Tashxisi: Normal
[Yuborilmoqda] Cow #2 | GPS: 44.1015, 59.3505
  -> [OK] AI Tashxisi: Normal
[Yuborilmoqda] Cow #3 | GPS: 44.0938, 59.3472
  -> [OK] AI Tashxisi: Normal
[Yuborilmoqda] Cow #4 | GPS: 44.1017, 59.3532
  -> [OK] AI Tashxisi: Ketoz / Acidosis
[Yuborilmoqda] Cow #5 | GPS: 44.094, 59.355
  -> [OK] AI Tashxisi: Normal
[Yuborilmoqda] Cow #6 | GPS: 44.104, 59.3448
  -> [OK] AI Tashxisi: Normal
[Yuborilmoqda] Cow #7 | GPS: 44.0993, 59.3517
  -> [OK] AI Tashxisi: Mastit / Infeksiya
[Yuborilmoqda] Cow #8 | GPS: 44.1083, 59.3538
  -> [OK] AI Tashxisi: Normal
[Yuborilmoqda] Cow #9 | GPS: 44.0931, 59.3457
  -> [OK] AI Tashxisi: Normal
[Yuborilmoqda] Cow #10 | GPS: 44.0949, 59.3468
  -> [OK] AI Tashxisi: Normal
[Yuborilmoqda] Cow #11 | GPS: 44.0945, 59.3507
  -> [OK] AI Tashxisi: Normal
----------------------------------------
[Yuborilmoqda] Cow #1 | GPS: 44.0988, 59.3438
  -> [OK] AI Tashxisi: Normal
[Yuborilmoqda] Cow #2 | GPS: 44.1017, 59.3507
  -> [OK] AI Tashxisi: Normal
[Yuborilmoqda] Cow #3 | GPS: 44.0936, 59.3471
  -> [OK] AI Tashxisi: Normal
[Yuborilmoqda] Cow #4 | GPS: 44.1019, 59.3533
  -> [OK] AI Tashxisi: Ketoz / Acidosis
[Yuborilmoqda] Cow #5 | GPS: 44.0941, 59.3551
  -> [OK] AI Tashxisi: Normal
[Yuborilmoqda] Cow #6 | GPS: 44.104, 59.3448
  -> [OK] AI Tashxisi: Normal
[Yuborilmoqda] Cow #7 | GPS: 44.0993, 59.3519
  -> [OK] AI Tashxisi: Mastit / Infeksiya
[Yuborilmoqda] Cow #8 | GPS: 44.1082, 59.3539
  -> [OK] AI Tashxisi: Normal
[Yuborilmoqda] Cow #9 | GPS: 44.0932, 59.3458
  -> [OK] AI Tashxisi: Normal
[Yuborilmoqda] Cow #10 | GPS: 44.095, 59.3468
  -> [OK] AI Tashxisi: Normal
[Yuborilmoqda] Cow #11 | GPS: 44.0943, 59.3509
  -> [OK] AI Tashxisi: Normal
----------------------------------------
[Yuborilmoqda] Cow #1 | GPS: 44.0989, 59.3438
  -> [OK] AI Tashxisi: Normal
[Yuborilmoqda] Cow #2 | GPS: 44.1018, 59.3508
  -> [OK] AI Tashxisi: Normal
[Yuborilmoqda] Cow #3 | GPS: 44.0936, 59.347
  -> [OK] AI Tashxisi: Normal
[Yuborilmoqda] Cow #4 | GPS: 44.102, 59.3535
  -> [OK] AI Tashxisi: Ketoz / Acidosis
[Yuborilmoqda] Cow #5 | GPS: 44.0943, 59.355
  -> [OK] AI Tashxisi: Normal
[Yuborilmoqda] Cow #6 | GPS: 44.1041, 59.3448
  -> [OK] AI Tashxisi: Normal
[Yuborilmoqda] Cow #7 | GPS: 44.0993, 59.3517
  -> [OK] AI Tashxisi: Mastit / Infeksiya
[Yuborilmoqda] Cow #8 | GPS: 44.1083, 59.3538
  -> [OK] AI Tashxisi: Normal
[Yuborilmoqda] Cow #9 | GPS: 44.093, 59.3458
  -> [OK] AI Tashxisi: Normal
[Yuborilmoqda] Cow #10 | GPS: 44.0949, 59.347
  -> [OK] AI Tashxisi: Normal
[Yuborilmoqda] Cow #11 | GPS: 44.0943, 59.3509
  -> [OK] AI Tashxisi: Normal
----------------------------------------
[Yuborilmoqda] Cow #1 | GPS: 44.0988, 59.3438
  -> [OK] AI Tashxisi: Normal
[Yuborilmoqda] Cow #2 | GPS: 44.102, 59.351
  -> [OK] AI Tashxisi: Normal
[Yuborilmoqda] Cow #3 | GPS: 44.0936, 59.3468
  -> [OK] AI Tashxisi: Normal
[Yuborilmoqda] Cow #4 | GPS: 44.1019, 59.3533
  -> [OK] AI Tashxisi: Ketoz / Acidosis
[Yuborilmoqda] Cow #5 | GPS: 44.0944, 59.3551
  -> [OK] AI Tashxisi: Normal
[Yuborilmoqda] Cow #6 | GPS: 44.104, 59.3448
  -> [OK] AI Tashxisi: Normal
[Yuborilmoqda] Cow #7 | GPS: 44.0992, 59.3517
  -> [OK] AI Tashxisi: Mastit / Infeksiya
[Yuborilmoqda] Cow #8 | GPS: 44.1083, 59.3539
  -> [OK] AI Tashxisi: Normal
[Yuborilmoqda] Cow #9 | GPS: 44.093, 59.3459
  -> [OK] AI Tashxisi: Normal
[Yuborilmoqda] Cow #10 | GPS: 44.0951, 59.347
  -> [OK] AI Tashxisi: Normal
[Yuborilmoqda] Cow #11 | GPS: 44.0945, 59.3511
  -> [OK] AI Tashxisi: Normal
----------------------------------------
[Yuborilmoqda] Cow #1 | GPS: 44.0988, 59.3436
  -> [OK] AI Tashxisi: Normal
[Yuborilmoqda] Cow #2 | GPS: 44.1019, 59.3511
  -> [OK] AI Tashxisi: Normal
[Yuborilmoqda] Cow #3 | GPS: 44.0937, 59.3469
  -> [OK] AI Tashxisi: Normal
[Yuborilmoqda] Cow #4 | GPS: 44.102, 59.3533
  -> [OK] AI Tashxisi: Ketoz / Acidosis
[Yuborilmoqda] Cow #5 | GPS: 44.0945, 59.3553
  -> [OK] AI Tashxisi: Normal
[Yuborilmoqda] Cow #6 | GPS: 44.104, 59.3448
  -> [OK] AI Tashxisi: Normal
[Yuborilmoqda] Cow #7 | GPS: 44.0992, 59.3518
  -> [OK] AI Tashxisi: Mastit / Infeksiya
[Yuborilmoqda] Cow #8 | GPS: 44.1083, 59.354
  -> [OK] AI Tashxisi: Normal
[Yuborilmoqda] Cow #9 | GPS: 44.0931, 59.3461
  -> [OK] AI Tashxisi: Normal
[Yuborilmoqda] Cow #10 | GPS: 44.0953, 59.3469
  -> [OK] AI Tashxisi: Normal
[Yuborilmoqda] Cow #11 | GPS: 44.0945, 59.351
  -> [OK] AI Tashxisi: Normal
----------------------------------------
[Yuborilmoqda] Cow #1 | GPS: 44.0988, 59.3434
  -> [OK] AI Tashxisi: Normal
[Yuborilmoqda] Cow #2 | GPS: 44.1019, 59.3511
  -> [OK] AI Tashxisi: Mastit / Infeksiya
[Yuborilmoqda] Cow #3 | GPS: 44.0936, 59.347
  -> [OK] AI Tashxisi: Normal
[Yuborilmoqda] Cow #4 | GPS: 44.102, 59.3532
  -> [OK] AI Tashxisi: Ketoz / Acidosis
[Yuborilmoqda] Cow #5 | GPS: 44.0945, 59.3551
  -> [OK] AI Tashxisi: Normal
[Yuborilmoqda] Cow #6 | GPS: 44.1038, 59.3448
  -> [OK] AI Tashxisi: Normal
[Yuborilmoqda] Cow #7 | GPS: 44.0992, 59.352
  -> [OK] AI Tashxisi: Mastit / Infeksiya
[Yuborilmoqda] Cow #8 | GPS: 44.1083, 59.354
  -> [OK] AI Tashxisi: Normal
[Yuborilmoqda] Cow #9 | GPS: 44.0931, 59.3462
  -> [OK] AI Tashxisi: Normal
[Yuborilmoqda] Cow #10 | GPS: 44.0952, 59.3471
  -> [OK] AI Tashxisi: Normal
[Yuborilmoqda] Cow #11 | GPS: 44.0945, 59.351
  -> [OK] AI Tashxisi: Normal
----------------------------------------
[Yuborilmoqda] Cow #1 | GPS: 44.0986, 59.3435
  -> [OK] AI Tashxisi: Normal
[Yuborilmoqda] Cow #2 | GPS: 44.102, 59.3513
  -> [OK] AI Tashxisi: Normal
[Yuborilmoqda] Cow #3 | GPS: 44.0934, 59.347
  -> [OK] AI Tashxisi: Normal
[Yuborilmoqda] Cow #4 | GPS: 44.1021, 59.3532
  -> [OK] AI Tashxisi: Ketoz / Acidosis
[Yuborilmoqda] Cow #5 | GPS: 44.0945, 59.355
  -> [OK] AI Tashxisi: Normal
[Yuborilmoqda] Cow #6 | GPS: 44.1036, 59.345
  -> [OK] AI Tashxisi: Normal
[Yuborilmoqda] Cow #7 | GPS: 44.099, 59.3521
  -> [OK] AI Tashxisi: Mastit / Infeksiya
[Yuborilmoqda] Cow #8 | GPS: 44.1084, 59.3539
  -> [OK] AI Tashxisi: Normal
[Yuborilmoqda] Cow #9 | GPS: 44.0931, 59.3464
  -> [OK] AI Tashxisi: Normal
[Yuborilmoqda] Cow #10 | GPS: 44.0952, 59.3471
  -> [OK] AI Tashxisi: Normal
[Yuborilmoqda] Cow #11 | GPS: 44.0946, 59.3511
  -> [OK] AI Tashxisi: Normal
----------------------------------------
[Yuborilmoqda] Cow #1 | GPS: 44.0986, 59.3434
  -> [OK] AI Tashxisi: Normal
[Yuborilmoqda] Cow #2 | GPS: 44.102, 59.3514
  -> [OK] AI Tashxisi: Normal
[Yuborilmoqda] Cow #3 | GPS: 44.0932, 59.3472
  -> [OK] AI Tashxisi: Normal
[Yuborilmoqda] Cow #4 | GPS: 44.1019, 59.3533
  -> [OK] AI Tashxisi: Ketoz / Acidosis
[Yuborilmoqda] Cow #5 | GPS: 44.0944, 59.3551
  -> [OK] AI Tashxisi: Normal
[Yuborilmoqda] Cow #6 | GPS: 44.1035, 59.3451
  -> [OK] AI Tashxisi: Normal
[Yuborilmoqda] Cow #7 | GPS: 44.099, 59.352
  -> [OK] AI Tashxisi: Mastit / Infeksiya
[Yuborilmoqda] Cow #8 | GPS: 44.1083, 59.3538
  -> [OK] AI Tashxisi: Normal
[Yuborilmoqda] Cow #9 | GPS: 44.0932, 59.3465
  -> [OK] AI Tashxisi: Normal
[Yuborilmoqda] Cow #10 | GPS: 44.0953, 59.347
  -> [OK] AI Tashxisi: Normal
[Yuborilmoqda] Cow #11 | GPS: 44.0946, 59.3512
  -> [OK] AI Tashxisi: Normal
----------------------------------------
[Yuborilmoqda] Cow #1 | GPS: 44.0985, 59.3435
  -> [OK] AI Tashxisi: Normal
[Yuborilmoqda] Cow #2 | GPS: 44.1019, 59.3513
  -> [OK] AI Tashxisi: Normal
[Yuborilmoqda] Cow #3 | GPS: 44.0931, 59.3472
  -> [OK] AI Tashxisi: Normal
[Yuborilmoqda] Cow #4 | GPS: 44.1021, 59.3531
  -> [OK] AI Tashxisi: Ketoz / Acidosis
[Yuborilmoqda] Cow #5 | GPS: 44.0944, 59.3552
  -> [OK] AI Tashxisi: Normal
[Yuborilmoqda] Cow #6 | GPS: 44.1033, 59.345
  -> [OK] AI Tashxisi: Normal
[Yuborilmoqda] Cow #7 | GPS: 44.0989, 59.3521
  -> [OK] AI Tashxisi: Mastit / Infeksiya
[Yuborilmoqda] Cow #8 | GPS: 44.1084, 59.3537
  -> [OK] AI Tashxisi: Normal
[Yuborilmoqda] Cow #9 | GPS: 44.0931, 59.3465
  -> [OK] AI Tashxisi: Normal
[Yuborilmoqda] Cow #10 | GPS: 44.0952, 59.347
  -> [OK] AI Tashxisi: Normal
[Yuborilmoqda] Cow #11 | GPS: 44.0946, 59.3514
  -> [OK] AI Tashxisi: Mastit / Infeksiya
----------------------------------------
[Yuborilmoqda] Cow #1 | GPS: 44.0984, 59.3434
  -> [OK] AI Tashxisi: Normal
[Yuborilmoqda] Cow #2 | GPS: 44.1019, 59.3514
  -> [OK] AI Tashxisi: Normal
[Yuborilmoqda] Cow #3 | GPS: 44.0931, 59.3473
  -> [OK] AI Tashxisi: Normal
[Yuborilmoqda] Cow #4 | GPS: 44.1019, 59.3531
  -> [OK] AI Tashxisi: Ketoz / Acidosis
[Yuborilmoqda] Cow #5 | GPS: 44.0946, 59.3552
  -> [OK] AI Tashxisi: Normal
[Yuborilmoqda] Cow #6 | GPS: 44.1032, 59.3449
  -> [OK] AI Tashxisi: Normal
[Yuborilmoqda] Cow #7 | GPS: 44.0988, 59.3521
  -> [OK] AI Tashxisi: Mastit / Infeksiya
[Yuborilmoqda] Cow #8 | GPS: 44.1084, 59.3536
  -> [OK] AI Tashxisi: Normal
[Yuborilmoqda] Cow #9 | GPS: 44.0929, 59.3466
  -> [OK] AI Tashxisi: Normal
[Yuborilmoqda] Cow #10 | GPS: 44.0953, 59.3471
  -> [OK] AI Tashxisi: Normal
[Yuborilmoqda] Cow #11 | GPS: 44.0947, 59.3515
  -> [OK] AI Tashxisi: Normal
----------------------------------------
[Yuborilmoqda] Cow #1 | GPS: 44.0983, 59.3434
  -> [OK] AI Tashxisi: Normal
[Yuborilmoqda] Cow #2 | GPS: 44.1018, 59.3516
  -> [OK] AI Tashxisi: Normal
[Yuborilmoqda] Cow #3 | GPS: 44.0932, 59.3474
  -> [OK] AI Tashxisi: Normal
[Yuborilmoqda] Cow #4 | GPS: 44.102, 59.3533
  -> [OK] AI Tashxisi: Ketoz / Acidosis
[Yuborilmoqda] Cow #5 | GPS: 44.0944, 59.3552
  -> [OK] AI Tashxisi: Normal
[Yuborilmoqda] Cow #6 | GPS: 44.1034, 59.3451
  -> [OK] AI Tashxisi: Normal
[Yuborilmoqda] Cow #7 | GPS: 44.0987, 59.3519
  -> [OK] AI Tashxisi: Mastit / Infeksiya
[Yuborilmoqda] Cow #8 | GPS: 44.1082, 59.3534
  -> [OK] AI Tashxisi: Mastit / Infeksiya
[Yuborilmoqda] Cow #9 | GPS: 44.093, 59.3467
  -> [OK] AI Tashxisi: Normal
[Yuborilmoqda] Cow #10 | GPS: 44.0952, 59.3471
  -> [OK] AI Tashxisi: Normal
[Yuborilmoqda] Cow #11 | GPS: 44.0946, 59.3515
  -> [OK] AI Tashxisi: Normal
----------------------------------------
[Yuborilmoqda] Cow #1 | GPS: 44.0982, 59.3433
  -> [OK] AI Tashxisi: Normal
[Yuborilmoqda] Cow #2 | GPS: 44.1019, 59.3516
  -> [OK] AI Tashxisi: Normal
[Yuborilmoqda] Cow #3 | GPS: 44.093, 59.3474
  -> [OK] AI Tashxisi: Normal
[Yuborilmoqda] Cow #4 | GPS: 44.102, 59.3533
  -> [OK] AI Tashxisi: Ketoz / Acidosis
[Yuborilmoqda] Cow #5 | GPS: 44.0943, 59.3552
  -> [OK] AI Tashxisi: Normal
[Yuborilmoqda] Cow #6 | GPS: 44.1034, 59.3452
  -> [OK] AI Tashxisi: Normal
[Yuborilmoqda] Cow #7 | GPS: 44.0989, 59.3518
  -> [OK] AI Tashxisi: Mastit / Infeksiya
[Yuborilmoqda] Cow #8 | GPS: 44.1081, 59.3534
  -> [OK] AI Tashxisi: Normal
[Yuborilmoqda] Cow #9 | GPS: 44.0929, 59.3468
  -> [OK] AI Tashxisi: Normal
[Yuborilmoqda] Cow #10 | GPS: 44.0952, 59.3471
  -> [OK] AI Tashxisi: Normal
[Yuborilmoqda] Cow #11 | GPS: 44.0947, 59.3515
  -> [OK] AI Tashxisi: Normal
----------------------------------------
[Yuborilmoqda] Cow #1 | GPS: 44.0982, 59.3434
  -> [OK] AI Tashxisi: Normal
[Yuborilmoqda] Cow #2 | GPS: 44.1019, 59.3517
  -> [OK] AI Tashxisi: Normal
[Yuborilmoqda] Cow #3 | GPS: 44.0932, 59.3473
  -> [OK] AI Tashxisi: Normal
[Yuborilmoqda] Cow #4 | GPS: 44.1018, 59.3532
  -> [OK] AI Tashxisi: Ketoz / Acidosis
[Yuborilmoqda] Cow #5 | GPS: 44.0943, 59.3552
  -> [OK] AI Tashxisi: Normal
[Yuborilmoqda] Cow #6 | GPS: 44.1032, 59.3454
  -> [OK] AI Tashxisi: Normal
[Yuborilmoqda] Cow #7 | GPS: 44.099, 59.352
  -> [OK] AI Tashxisi: Mastit / Infeksiya
[Yuborilmoqda] Cow #8 | GPS: 44.1082, 59.3533
  -> [OK] AI Tashxisi: Normal
[Yuborilmoqda] Cow #9 | GPS: 44.0928, 59.3469
  -> [OK] AI Tashxisi: Normal
[Yuborilmoqda] Cow #10 | GPS: 44.0953, 59.3472
  -> [OK] AI Tashxisi: Normal
[Yuborilmoqda] Cow #11 | GPS: 44.0947, 59.3516
  -> [OK] AI Tashxisi: Normal
----------------------------------------
[Yuborilmoqda] Cow #1 | GPS: 44.0981, 59.3436
  -> [OK] AI Tashxisi: Normal
[Yuborilmoqda] Cow #2 | GPS: 44.1017, 59.3518
  -> [OK] AI Tashxisi: Normal
[Yuborilmoqda] Cow #3 | GPS: 44.0932, 59.3473
  -> [OK] AI Tashxisi: Normal
[Yuborilmoqda] Cow #4 | GPS: 44.1017, 59.3533
  -> [OK] AI Tashxisi: Ketoz / Acidosis
[Yuborilmoqda] Cow #5 | GPS: 44.0944, 59.3554
  -> [OK] AI Tashxisi: Normal
[Yuborilmoqda] Cow #6 | GPS: 44.1031, 59.3456
  -> [OK] AI Tashxisi: Normal
[Yuborilmoqda] Cow #7 | GPS: 44.0988, 59.3522
  -> [OK] AI Tashxisi: Mastit / Infeksiya
[Yuborilmoqda] Cow #8 | GPS: 44.1084, 59.3532
  -> [OK] AI Tashxisi: Normal
[Yuborilmoqda] Cow #9 | GPS: 44.093, 59.3468
  -> [OK] AI Tashxisi: Normal
[Yuborilmoqda] Cow #10 | GPS: 44.0955, 59.3472
  -> [OK] AI Tashxisi: Normal
[Yuborilmoqda] Cow #11 | GPS: 44.0948, 59.3517
  -> [OK] AI Tashxisi: Normal
----------------------------------------
[Yuborilmoqda] Cow #1 | GPS: 44.0981, 59.3437
  -> [OK] AI Tashxisi: Normal
[Yuborilmoqda] Cow #2 | GPS: 44.1015, 59.3517
  -> [OK] AI Tashxisi: Normal
[Yuborilmoqda] Cow #3 | GPS: 44.0932, 59.3475
  -> [OK] AI Tashxisi: Normal
[Yuborilmoqda] Cow #4 | GPS: 44.1018, 59.3533
  -> [OK] AI Tashxisi: Ketoz / Acidosis
[Yuborilmoqda] Cow #5 | GPS: 44.0942, 59.3554
  -> [OK] AI Tashxisi: Normal
[Yuborilmoqda] Cow #6 | GPS: 44.1033, 59.3456
  -> [OK] AI Tashxisi: Normal
[Yuborilmoqda] Cow #7 | GPS: 44.099, 59.3523
  -> [OK] AI Tashxisi: Mastit / Infeksiya
[Yuborilmoqda] Cow #8 | GPS: 44.1085, 59.3531
  -> [OK] AI Tashxisi: Normal
[Yuborilmoqda] Cow #9 | GPS: 44.0931, 59.3467
  -> [OK] AI Tashxisi: Normal
[Yuborilmoqda] Cow #10 | GPS: 44.0953, 59.3471
  -> [OK] AI Tashxisi: Normal
[Yuborilmoqda] Cow #11 | GPS: 44.0949, 59.3516
  -> [OK] AI Tashxisi: Normal
----------------------------------------
[Yuborilmoqda] Cow #1 | GPS: 44.0981, 59.3439
  -> [OK] AI Tashxisi: Normal
[Yuborilmoqda] Cow #2 | GPS: 44.1014, 59.3517
  -> [OK] AI Tashxisi: Normal
[Yuborilmoqda] Cow #3 | GPS: 44.0934, 59.3473
  -> [OK] AI Tashxisi: Normal
[Yuborilmoqda] Cow #4 | GPS: 44.1016, 59.3535
  -> [OK] AI Tashxisi: Ketoz / Acidosis
[Yuborilmoqda] Cow #5 | GPS: 44.0944, 59.3555
  -> [OK] AI Tashxisi: Normal
[Yuborilmoqda] Cow #6 | GPS: 44.1033, 59.3457
  -> [OK] AI Tashxisi: Normal
[Yuborilmoqda] Cow #7 | GPS: 44.099, 59.3523
  -> [OK] AI Tashxisi: Mastit / Infeksiya
[Yuborilmoqda] Cow #8 | GPS: 44.1084, 59.3532
  -> [OK] AI Tashxisi: Normal
[Yuborilmoqda] Cow #9 | GPS: 44.0932, 59.3468
  -> [OK] AI Tashxisi: Normal
[Yuborilmoqda] Cow #10 | GPS: 44.0951, 59.347
  -> [OK] AI Tashxisi: Normal
[Yuborilmoqda] Cow #11 | GPS: 44.095, 59.3515
  -> [OK] AI Tashxisi: Mastit / Infeksiya
----------------------------------------
[Yuborilmoqda] Cow #1 | GPS: 44.0981, 59.3441
  -> [OK] AI Tashxisi: Normal
[Yuborilmoqda] Cow #2 | GPS: 44.1016, 59.3517
  -> [OK] AI Tashxisi: Normal
[Yuborilmoqda] Cow #3 | GPS: 44.0935, 59.3474
  -> [OK] AI Tashxisi: Mastit / Infeksiya
[Yuborilmoqda] Cow #4 | GPS: 44.1018, 59.3536
  -> [OK] AI Tashxisi: Ketoz / Acidosis
[Yuborilmoqda] Cow #5 | GPS: 44.0943, 59.3555
  -> [OK] AI Tashxisi: Normal
[Yuborilmoqda] Cow #6 | GPS: 44.1032, 59.3455
  -> [OK] AI Tashxisi: Normal
[Yuborilmoqda] Cow #7 | GPS: 44.099, 59.3524
  -> [OK] AI Tashxisi: Mastit / Infeksiya
[Yuborilmoqda] Cow #8 | GPS: 44.1085, 59.3531
  -> [OK] AI Tashxisi: Normal
[Yuborilmoqda] Cow #9 | GPS: 44.0934, 59.347
  -> [OK] AI Tashxisi: Normal
[Yuborilmoqda] Cow #10 | GPS: 44.0952, 59.3468
  -> [OK] AI Tashxisi: Normal
[Yuborilmoqda] Cow #11 | GPS: 44.0948, 59.3513
  -> [OK] AI Tashxisi: Normal
----------------------------------------
[Yuborilmoqda] Cow #1 | GPS: 44.0979, 59.3439
  -> [OK] AI Tashxisi: Normal
[Yuborilmoqda] Cow #2 | GPS: 44.1016, 59.3518
  -> [OK] AI Tashxisi: Normal
[Yuborilmoqda] Cow #3 | GPS: 44.0935, 59.3475
  -> [OK] AI Tashxisi: Normal
[Yuborilmoqda] Cow #4 | GPS: 44.1019, 59.3536
  -> [OK] AI Tashxisi: Ketoz / Acidosis
[Yuborilmoqda] Cow #5 | GPS: 44.0944, 59.3555
  -> [OK] AI Tashxisi: Mastit / Infeksiya
[Yuborilmoqda] Cow #6 | GPS: 44.1033, 59.3457
  -> [OK] AI Tashxisi: Mastit / Infeksiya
[Yuborilmoqda] Cow #7 | GPS: 44.099, 59.3523
  -> [OK] AI Tashxisi: Mastit / Infeksiya
[Yuborilmoqda] Cow #8 | GPS: 44.1087, 59.3532
  -> [OK] AI Tashxisi: Normal
[Yuborilmoqda] Cow #9 | GPS: 44.0935, 59.347
  -> [OK] AI Tashxisi: Normal
[Yuborilmoqda] Cow #10 | GPS: 44.0951, 59.3469
  -> [OK] AI Tashxisi: Normal
[Yuborilmoqda] Cow #11 | GPS: 44.0947, 59.3511
  -> [OK] AI Tashxisi: Mastit / Infeksiya
----------------------------------------
[Yuborilmoqda] Cow #1 | GPS: 44.0981, 59.344
  -> [OK] AI Tashxisi: Normal
[Yuborilmoqda] Cow #2 | GPS: 44.1016, 59.352
  -> [OK] AI Tashxisi: Normal
[Yuborilmoqda] Cow #3 | GPS: 44.0935, 59.3475
  -> [OK] AI Tashxisi: Normal
[Yuborilmoqda] Cow #4 | GPS: 44.1021, 59.3538
  -> [OK] AI Tashxisi: Ketoz / Acidosis
[Yuborilmoqda] Cow #5 | GPS: 44.0945, 59.3555
  -> [OK] AI Tashxisi: Normal
[Yuborilmoqda] Cow #6 | GPS: 44.1033, 59.3459
  -> [OK] AI Tashxisi: Normal
[Yuborilmoqda] Cow #7 | GPS: 44.0992, 59.3521
  -> [OK] AI Tashxisi: Mastit / Infeksiya
[Yuborilmoqda] Cow #8 | GPS: 44.1088, 59.353
  -> [OK] AI Tashxisi: Normal
[Yuborilmoqda] Cow #9 | GPS: 44.0934, 59.3469
  -> [OK] AI Tashxisi: Normal
[Yuborilmoqda] Cow #10 | GPS: 44.0951, 59.3469
  -> [OK] AI Tashxisi: Normal
[Yuborilmoqda] Cow #11 | GPS: 44.0947, 59.3511
  -> [OK] AI Tashxisi: Normal
----------------------------------------
[Yuborilmoqda] Cow #1 | GPS: 44.0982, 59.3442
  -> [OK] AI Tashxisi: Normal
[Yuborilmoqda] Cow #2 | GPS: 44.1015, 59.3518
  -> [OK] AI Tashxisi: Normal
[Yuborilmoqda] Cow #3 | GPS: 44.0934, 59.3475
  -> [OK] AI Tashxisi: Normal
[Yuborilmoqda] Cow #4 | GPS: 44.1019, 59.3538
  -> [OK] AI Tashxisi: Ketoz / Acidosis
[Yuborilmoqda] Cow #5 | GPS: 44.0945, 59.3554
  -> [OK] AI Tashxisi: Normal
[Yuborilmoqda] Cow #6 | GPS: 44.1034, 59.3457
  -> [OK] AI Tashxisi: Normal
[Yuborilmoqda] Cow #7 | GPS: 44.0991, 59.3519
  -> [OK] AI Tashxisi: Mastit / Infeksiya
[Yuborilmoqda] Cow #8 | GPS: 44.109, 59.353
  -> [OK] AI Tashxisi: Normal
[Yuborilmoqda] Cow #9 | GPS: 44.0935, 59.347
  -> [OK] AI Tashxisi: Normal
[Yuborilmoqda] Cow #10 | GPS: 44.0951, 59.347
  -> [OK] AI Tashxisi: Normal
[Yuborilmoqda] Cow #11 | GPS: 44.0946, 59.351
  -> [OK] AI Tashxisi: Normal
----------------------------------------
[Yuborilmoqda] Cow #1 | GPS: 44.0982, 59.3443
  -> [OK] AI Tashxisi: Normal
[Yuborilmoqda] Cow #2 | GPS: 44.1015, 59.3519
  -> [OK] AI Tashxisi: Normal
[Yuborilmoqda] Cow #3 | GPS: 44.0936, 59.3474
  -> [OK] AI Tashxisi: Normal
[Yuborilmoqda] Cow #4 | GPS: 44.1019, 59.3537
  -> [OK] AI Tashxisi: Ketoz / Acidosis
[Yuborilmoqda] Cow #5 | GPS: 44.0945, 59.3555
  -> [OK] AI Tashxisi: Normal
[Yuborilmoqda] Cow #6 | GPS: 44.1035, 59.3456
  -> [OK] AI Tashxisi: Normal
[Yuborilmoqda] Cow #7 | GPS: 44.0991, 59.3518
  -> [OK] AI Tashxisi: Mastit / Infeksiya
[Yuborilmoqda] Cow #8 | GPS: 44.1091, 59.3531
  -> [OK] AI Tashxisi: Normal
[Yuborilmoqda] Cow #9 | GPS: 44.0937, 59.3469
  -> [OK] AI Tashxisi: Normal
[Yuborilmoqda] Cow #10 | GPS: 44.0951, 59.3468
  -> [OK] AI Tashxisi: Normal
[Yuborilmoqda] Cow #11 | GPS: 44.0944, 59.3512
  -> [OK] AI Tashxisi: Normal
----------------------------------------
[Yuborilmoqda] Cow #1 | GPS: 44.0983, 59.3442
  -> [OK] AI Tashxisi: Normal
[Yuborilmoqda] Cow #2 | GPS: 44.1015, 59.3519
  -> [OK] AI Tashxisi: Normal
[Yuborilmoqda] Cow #3 | GPS: 44.0935, 59.3475
  -> [OK] AI Tashxisi: Normal
[Yuborilmoqda] Cow #4 | GPS: 44.1021, 59.3538
  -> [OK] AI Tashxisi: Ketoz / Acidosis
[Yuborilmoqda] Cow #5 | GPS: 44.0945, 59.3556
  -> [OK] AI Tashxisi: Normal
[Yuborilmoqda] Cow #6 | GPS: 44.1035, 59.3456
  -> [OK] AI Tashxisi: Normal
[Yuborilmoqda] Cow #7 | GPS: 44.0989, 59.3517
  -> [OK] AI Tashxisi: Mastit / Infeksiya
[Yuborilmoqda] Cow #8 | GPS: 44.1093, 59.3531
  -> [OK] AI Tashxisi: Normal
[Yuborilmoqda] Cow #9 | GPS: 44.0936, 59.347
  -> [OK] AI Tashxisi: Normal
[Yuborilmoqda] Cow #10 | GPS: 44.0953, 59.3467
  -> [OK] AI Tashxisi: Normal
[Yuborilmoqda] Cow #11 | GPS: 44.0945, 59.351
  -> [OK] AI Tashxisi: Normal
----------------------------------------
[Yuborilmoqda] Cow #1 | GPS: 44.0982, 59.3442
  -> [OK] AI Tashxisi: Normal
[Yuborilmoqda] Cow #2 | GPS: 44.1014, 59.3519
  -> [OK] AI Tashxisi: Normal
[Yuborilmoqda] Cow #3 | GPS: 44.0934, 59.3475
  -> [OK] AI Tashxisi: Normal
[Yuborilmoqda] Cow #4 | GPS: 44.1019, 59.3539
  -> [OK] AI Tashxisi: Ketoz / Acidosis
[Yuborilmoqda] Cow #5 | GPS: 44.0943, 59.3557
  -> [OK] AI Tashxisi: Normal
[Yuborilmoqda] Cow #6 | GPS: 44.1037, 59.3456
  -> [OK] AI Tashxisi: Normal
[Yuborilmoqda] Cow #7 | GPS: 44.0988, 59.3516
  -> [OK] AI Tashxisi: Mastit / Infeksiya
[Yuborilmoqda] Cow #8 | GPS: 44.1094, 59.3529
  -> [OK] AI Tashxisi: Normal
[Yuborilmoqda] Cow #9 | GPS: 44.0938, 59.3469
  -> [OK] AI Tashxisi: Normal
[Yuborilmoqda] Cow #10 | GPS: 44.0951, 59.3467
  -> [OK] AI Tashxisi: Normal
[Yuborilmoqda] Cow #11 | GPS: 44.0945, 59.351
  -> [OK] AI Tashxisi: Normal
----------------------------------------
[Yuborilmoqda] Cow #1 | GPS: 44.0983, 59.344
  -> [OK] AI Tashxisi: Normal
[Yuborilmoqda] Cow #2 | GPS: 44.1015, 59.3518
  -> [OK] AI Tashxisi: Normal
[Yuborilmoqda] Cow #3 | GPS: 44.0936, 59.3474
  -> [OK] AI Tashxisi: Normal
[Yuborilmoqda] Cow #4 | GPS: 44.1017, 59.354
  -> [OK] AI Tashxisi: Ketoz / Acidosis
[Yuborilmoqda] Cow #5 | GPS: 44.0943, 59.3559
  -> [OK] AI Tashxisi: Normal
[Yuborilmoqda] Cow #6 | GPS: 44.1037, 59.3455
  -> [OK] AI Tashxisi: Normal
[Yuborilmoqda] Cow #7 | GPS: 44.0987, 59.3516
  -> [OK] AI Tashxisi: Mastit / Infeksiya
[Yuborilmoqda] Cow #8 | GPS: 44.1095, 59.3531
  -> [OK] AI Tashxisi: Normal
[Yuborilmoqda] Cow #9 | GPS: 44.0939, 59.3469
  -> [OK] AI Tashxisi: Normal
[Yuborilmoqda] Cow #10 | GPS: 44.0951, 59.3467
  -> [OK] AI Tashxisi: Normal
[Yuborilmoqda] Cow #11 | GPS: 44.0945, 59.351
  -> [OK] AI Tashxisi: Normal
----------------------------------------
[Yuborilmoqda] Cow #1 | GPS: 44.0983, 59.344
  -> [OK] AI Tashxisi: Normal
[Yuborilmoqda] Cow #2 | GPS: 44.1014, 59.352
  -> [OK] AI Tashxisi: Normal
[Yuborilmoqda] Cow #3 | GPS: 44.0934, 59.3475
  -> [OK] AI Tashxisi: Normal
[Yuborilmoqda] Cow #4 | GPS: 44.1019, 59.3542
  -> [OK] AI Tashxisi: Ketoz / Acidosis
[Yuborilmoqda] Cow #5 | GPS: 44.0942, 59.3559
  -> [OK] AI Tashxisi: Normal
[Yuborilmoqda] Cow #6 | GPS: 44.1039, 59.3456
  -> [OK] AI Tashxisi: Normal
[Yuborilmoqda] Cow #7 | GPS: 44.0987, 59.3514
  -> [OK] AI Tashxisi: Mastit / Infeksiya
[Yuborilmoqda] Cow #8 | GPS: 44.1096, 59.3531
  -> [OK] AI Tashxisi: Normal
[Yuborilmoqda] Cow #9 | GPS: 44.094, 59.3467
  -> [OK] AI Tashxisi: Normal
[Yuborilmoqda] Cow #10 | GPS: 44.0949, 59.3466
  -> [OK] AI Tashxisi: Normal
[Yuborilmoqda] Cow #11 | GPS: 44.0944, 59.3511
  -> [OK] AI Tashxisi: Normal
----------------------------------------
[Yuborilmoqda] Cow #1 | GPS: 44.0982, 59.3439
  -> [OK] AI Tashxisi: Normal
[Yuborilmoqda] Cow #2 | GPS: 44.1016, 59.3521
  -> [OK] AI Tashxisi: Mastit / Infeksiya
[Yuborilmoqda] Cow #3 | GPS: 44.0933, 59.3477
  -> [OK] AI Tashxisi: Mastit / Infeksiya
[Yuborilmoqda] Cow #4 | GPS: 44.1017, 59.3541
  -> [OK] AI Tashxisi: Ketoz / Acidosis
[Yuborilmoqda] Cow #5 | GPS: 44.0942, 59.356
  -> [OK] AI Tashxisi: Normal
[Yuborilmoqda] Cow #6 | GPS: 44.1038, 59.3457
  -> [OK] AI Tashxisi: Normal
[Yuborilmoqda] Cow #7 | GPS: 44.0985, 59.3514
  -> [OK] AI Tashxisi: Mastit / Infeksiya
[Yuborilmoqda] Cow #8 | GPS: 44.1096, 59.353
  -> [OK] AI Tashxisi: Normal
[Yuborilmoqda] Cow #9 | GPS: 44.0941, 59.3466
  -> [OK] AI Tashxisi: Normal
[Yuborilmoqda] Cow #10 | GPS: 44.0948, 59.3466
  -> [OK] AI Tashxisi: Normal
[Yuborilmoqda] Cow #11 | GPS: 44.0945, 59.3512
  -> [OK] AI Tashxisi: Normal
----------------------------------------
[Yuborilmoqda] Cow #1 | GPS: 44.0983, 59.3438
  -> [OK] AI Tashxisi: Normal
[Yuborilmoqda] Cow #2 | GPS: 44.1018, 59.3521
  -> [OK] AI Tashxisi: Normal
[Yuborilmoqda] Cow #3 | GPS: 44.0932, 59.3476
  -> [OK] AI Tashxisi: Normal
[Yuborilmoqda] Cow #4 | GPS: 44.1016, 59.3541
  -> [OK] AI Tashxisi: Ketoz / Acidosis
[Yuborilmoqda] Cow #5 | GPS: 44.094, 59.356
  -> [OK] AI Tashxisi: Normal
[Yuborilmoqda] Cow #6 | GPS: 44.1038, 59.3456
  -> [OK] AI Tashxisi: Normal
[Yuborilmoqda] Cow #7 | GPS: 44.0985, 59.3515
  -> [OK] AI Tashxisi: Mastit / Infeksiya
[Yuborilmoqda] Cow #8 | GPS: 44.1096, 59.3532
  -> [OK] AI Tashxisi: Normal
[Yuborilmoqda] Cow #9 | GPS: 44.0941, 59.3467
  -> [OK] AI Tashxisi: Normal
[Yuborilmoqda] Cow #10 | GPS: 44.0947, 59.3465
  -> [OK] AI Tashxisi: Normal
[Yuborilmoqda] Cow #11 | GPS: 44.0946, 59.3512
  -> [OK] AI Tashxisi: Normal
----------------------------------------
[Yuborilmoqda] Cow #1 | GPS: 44.0983, 59.3437
  -> [OK] AI Tashxisi: Normal
[Yuborilmoqda] Cow #2 | GPS: 44.1019, 59.3522
  -> [OK] AI Tashxisi: Normal
[Yuborilmoqda] Cow #3 | GPS: 44.0931, 59.3478
  -> [OK] AI Tashxisi: Normal
[Yuborilmoqda] Cow #4 | GPS: 44.1017, 59.3542
  -> [OK] AI Tashxisi: Ketoz / Acidosis
[Yuborilmoqda] Cow #5 | GPS: 44.094, 59.3559
  -> [OK] AI Tashxisi: Normal
[Yuborilmoqda] Cow #6 | GPS: 44.1037, 59.3456
  -> [OK] AI Tashxisi: Normal
[Yuborilmoqda] Cow #7 | GPS: 44.0986, 59.3515
  -> [OK] AI Tashxisi: Mastit / Infeksiya
[Yuborilmoqda] Cow #8 | GPS: 44.1095, 59.3532
  -> [OK] AI Tashxisi: Normal
[Yuborilmoqda] Cow #9 | GPS: 44.094, 59.3469
  -> [OK] AI Tashxisi: Normal
[Yuborilmoqda] Cow #10 | GPS: 44.0946, 59.3465
  -> [OK] AI Tashxisi: Normal
[Yuborilmoqda] Cow #11 | GPS: 44.0946, 59.3511
  -> [OK] AI Tashxisi: Normal
----------------------------------------
[Yuborilmoqda] Cow #1 | GPS: 44.0982, 59.3438
  -> [OK] AI Tashxisi: Normal
[Yuborilmoqda] Cow #2 | GPS: 44.1017, 59.3523
  -> [OK] AI Tashxisi: Normal
[Yuborilmoqda] Cow #3 | GPS: 44.0929, 59.3477
  -> [OK] AI Tashxisi: Normal
[Yuborilmoqda] Cow #4 | GPS: 44.1016, 59.3544
  -> [OK] AI Tashxisi: Ketoz / Acidosis
[Yuborilmoqda] Cow #5 | GPS: 44.0939, 59.3558
  -> [OK] AI Tashxisi: Normal
[Yuborilmoqda] Cow #6 | GPS: 44.1039, 59.3456
  -> [OK] AI Tashxisi: Normal
[Yuborilmoqda] Cow #7 | GPS: 44.0987, 59.3517
  -> [OK] AI Tashxisi: Mastit / Infeksiya
[Yuborilmoqda] Cow #8 | GPS: 44.1096, 59.3533
  -> [OK] AI Tashxisi: Normal
[Yuborilmoqda] Cow #9 | GPS: 44.094, 59.347
  -> [OK] AI Tashxisi: Normal
[Yuborilmoqda] Cow #10 | GPS: 44.0947, 59.3465
  -> [OK] AI Tashxisi: Normal
[Yuborilmoqda] Cow #11 | GPS: 44.0945, 59.3513
  -> [OK] AI Tashxisi: Normal
----------------------------------------
[Yuborilmoqda] Cow #1 | GPS: 44.0984, 59.3437
  -> [OK] AI Tashxisi: Normal
[Yuborilmoqda] Cow #2 | GPS: 44.1018, 59.3522
  -> [OK] AI Tashxisi: Normal
[Yuborilmoqda] Cow #3 | GPS: 44.093, 59.3477
  -> [OK] AI Tashxisi: Normal
[Yuborilmoqda] Cow #4 | GPS: 44.1016, 59.3542
  -> [OK] AI Tashxisi: Ketoz / Acidosis
[Yuborilmoqda] Cow #5 | GPS: 44.094, 59.3557
  -> [OK] AI Tashxisi: Normal
[Yuborilmoqda] Cow #6 | GPS: 44.1039, 59.3457
  -> [OK] AI Tashxisi: Normal
[Yuborilmoqda] Cow #7 | GPS: 44.0988, 59.3517
  -> [OK] AI Tashxisi: Mastit / Infeksiya
[Yuborilmoqda] Cow #8 | GPS: 44.1095, 59.3533
  -> [OK] AI Tashxisi: Normal
[Yuborilmoqda] Cow #9 | GPS: 44.0941, 59.3469
  -> [OK] AI Tashxisi: Normal
[Yuborilmoqda] Cow #10 | GPS: 44.0946, 59.3466
  -> [OK] AI Tashxisi: Normal
[Yuborilmoqda] Cow #11 | GPS: 44.0946, 59.3513
  -> [OK] AI Tashxisi: Normal
----------------------------------------
[Yuborilmoqda] Cow #1 | GPS: 44.0982, 59.3436
  -> [OK] AI Tashxisi: Normal
[Yuborilmoqda] Cow #2 | GPS: 44.1019, 59.352
  -> [OK] AI Tashxisi: Normal
[Yuborilmoqda] Cow #3 | GPS: 44.0929, 59.3476
  -> [OK] AI Tashxisi: Normal
[Yuborilmoqda] Cow #4 | GPS: 44.1017, 59.3541
  -> [OK] AI Tashxisi: Ketoz / Acidosis
[Yuborilmoqda] Cow #5 | GPS: 44.0942, 59.3556
  -> [OK] AI Tashxisi: Normal
[Yuborilmoqda] Cow #6 | GPS: 44.104, 59.3458
  -> [OK] AI Tashxisi: Normal
[Yuborilmoqda] Cow #7 | GPS: 44.0987, 59.3517
  -> [OK] AI Tashxisi: Mastit / Infeksiya
[Yuborilmoqda] Cow #8 | GPS: 44.1094, 59.3533
  -> [OK] AI Tashxisi: Normal
[Yuborilmoqda] Cow #9 | GPS: 44.094, 59.347
  -> [OK] AI Tashxisi: Normal
[Yuborilmoqda] Cow #10 | GPS: 44.0946, 59.3466
  -> [OK] AI Tashxisi: Normal
[Yuborilmoqda] Cow #11 | GPS: 44.0947, 59.3511
  -> [OK] AI Tashxisi: Normal
----------------------------------------
[Yuborilmoqda] Cow #1 | GPS: 44.0983, 59.3435
  -> [OK] AI Tashxisi: Normal
[Yuborilmoqda] Cow #2 | GPS: 44.102, 59.3521
  -> [OK] AI Tashxisi: Normal
[Yuborilmoqda] Cow #3 | GPS: 44.0929, 59.3477
  -> [OK] AI Tashxisi: Normal
[Yuborilmoqda] Cow #4 | GPS: 44.1015, 59.3542
  -> [OK] AI Tashxisi: Ketoz / Acidosis
[Yuborilmoqda] Cow #5 | GPS: 44.094, 59.3557
  -> [OK] AI Tashxisi: Normal
[Yuborilmoqda] Cow #6 | GPS: 44.1041, 59.346
  -> [OK] AI Tashxisi: Normal
[Yuborilmoqda] Cow #7 | GPS: 44.0987, 59.3518
  -> [OK] AI Tashxisi: Mastit / Infeksiya
[Yuborilmoqda] Cow #8 | GPS: 44.1092, 59.3532
  -> [OK] AI Tashxisi: Normal
[Yuborilmoqda] Cow #9 | GPS: 44.094, 59.347
  -> [OK] AI Tashxisi: Normal
[Yuborilmoqda] Cow #10 | GPS: 44.0944, 59.3468
  -> [OK] AI Tashxisi: Mastit / Infeksiya
[Yuborilmoqda] Cow #11 | GPS: 44.0948, 59.3511
  -> [OK] AI Tashxisi: Normal
----------------------------------------
[Yuborilmoqda] Cow #1 | GPS: 44.0984, 59.3435
  -> [OK] AI Tashxisi: Normal
[Yuborilmoqda] Cow #2 | GPS: 44.1018, 59.352
  -> [OK] AI Tashxisi: Normal
[Yuborilmoqda] Cow #3 | GPS: 44.0931, 59.3475
  -> [OK] AI Tashxisi: Normal
[Yuborilmoqda] Cow #4 | GPS: 44.1015, 59.3542
  -> [OK] AI Tashxisi: Ketoz / Acidosis
[Yuborilmoqda] Cow #5 | GPS: 44.0938, 59.3555
  -> [OK] AI Tashxisi: Normal
[Yuborilmoqda] Cow #6 | GPS: 44.1042, 59.3461
  -> [OK] AI Tashxisi: Normal
[Yuborilmoqda] Cow #7 | GPS: 44.0989, 59.3519
  -> [OK] AI Tashxisi: Mastit / Infeksiya
[Yuborilmoqda] Cow #8 | GPS: 44.1093, 59.3533
  -> [OK] AI Tashxisi: Normal
[Yuborilmoqda] Cow #9 | GPS: 44.0941, 59.3472
  -> [OK] AI Tashxisi: Normal
[Yuborilmoqda] Cow #10 | GPS: 44.0945, 59.3467
  -> [OK] AI Tashxisi: Normal
[Yuborilmoqda] Cow #11 | GPS: 44.095, 59.3512
  -> [OK] AI Tashxisi: Normal
----------------------------------------
[Yuborilmoqda] Cow #1 | GPS: 44.0983, 59.3436
  -> [OK] AI Tashxisi: Normal
[Yuborilmoqda] Cow #2 | GPS: 44.102, 59.3521
  -> [OK] AI Tashxisi: Normal
[Yuborilmoqda] Cow #3 | GPS: 44.093, 59.3477
  -> [OK] AI Tashxisi: Normal
[Yuborilmoqda] Cow #4 | GPS: 44.1013, 59.3543
  -> [OK] AI Tashxisi: Ketoz / Acidosis
[Yuborilmoqda] Cow #5 | GPS: 44.0939, 59.3556
  -> [OK] AI Tashxisi: Normal
[Yuborilmoqda] Cow #6 | GPS: 44.104, 59.346
  -> [OK] AI Tashxisi: Normal
[Yuborilmoqda] Cow #7 | GPS: 44.0988, 59.352
  -> [OK] AI Tashxisi: Mastit / Infeksiya
[Yuborilmoqda] Cow #8 | GPS: 44.1093, 59.3531
  -> [OK] AI Tashxisi: Normal
[Yuborilmoqda] Cow #9 | GPS: 44.0943, 59.3473
  -> [OK] AI Tashxisi: Normal
[Yuborilmoqda] Cow #10 | GPS: 44.0943, 59.3465
  -> [OK] AI Tashxisi: Normal
[Yuborilmoqda] Cow #11 | GPS: 44.0951, 59.3513
  -> [OK] AI Tashxisi: Normal
----------------------------------------
[Yuborilmoqda] Cow #1 | GPS: 44.0983, 59.3435
  -> [OK] AI Tashxisi: Normal
[Yuborilmoqda] Cow #2 | GPS: 44.1021, 59.3521
  -> [OK] AI Tashxisi: Normal
[Yuborilmoqda] Cow #3 | GPS: 44.0929, 59.3477
  -> [OK] AI Tashxisi: Normal
[Yuborilmoqda] Cow #4 | GPS: 44.1015, 59.3544
  -> [OK] AI Tashxisi: Ketoz / Acidosis
[Yuborilmoqda] Cow #5 | GPS: 44.094, 59.3557
  -> [OK] AI Tashxisi: Normal
[Yuborilmoqda] Cow #6 | GPS: 44.1038, 59.3461
  -> [OK] AI Tashxisi: Mastit / Infeksiya
[Yuborilmoqda] Cow #7 | GPS: 44.0988, 59.3522
  -> [OK] AI Tashxisi: Mastit / Infeksiya
[Yuborilmoqda] Cow #8 | GPS: 44.1092, 59.3531
  -> [OK] AI Tashxisi: Normal
[Yuborilmoqda] Cow #9 | GPS: 44.0943, 59.3475
  -> [OK] AI Tashxisi: Normal
[Yuborilmoqda] Cow #10 | GPS: 44.0943, 59.3466
  -> [OK] AI Tashxisi: Normal
[Yuborilmoqda] Cow #11 | GPS: 44.0949, 59.3513
  -> [OK] AI Tashxisi: Normal
----------------------------------------
[Yuborilmoqda] Cow #1 | GPS: 44.0982, 59.3434
  -> [OK] AI Tashxisi: Normal
[Yuborilmoqda] Cow #2 | GPS: 44.102, 59.352
  -> [OK] AI Tashxisi: Normal
[Yuborilmoqda] Cow #3 | GPS: 44.093, 59.3476
  -> [OK] AI Tashxisi: Mastit / Infeksiya
[Yuborilmoqda] Cow #4 | GPS: 44.1015, 59.3543
  -> [OK] AI Tashxisi: Ketoz / Acidosis
[Yuborilmoqda] Cow #5 | GPS: 44.0941, 59.3558
  -> [OK] AI Tashxisi: Normal
[Yuborilmoqda] Cow #6 | GPS: 44.104, 59.3461
  -> [OK] AI Tashxisi: Normal
[Yuborilmoqda] Cow #7 | GPS: 44.0989, 59.3521
  -> [OK] AI Tashxisi: Mastit / Infeksiya
[Yuborilmoqda] Cow #8 | GPS: 44.109, 59.3531
  -> [OK] AI Tashxisi: Normal
[Yuborilmoqda] Cow #9 | GPS: 44.0945, 59.3473
  -> [OK] AI Tashxisi: Normal
[Yuborilmoqda] Cow #10 | GPS: 44.0942, 59.3464
  -> [OK] AI Tashxisi: Normal
[Yuborilmoqda] Cow #11 | GPS: 44.0947, 59.3514
  -> [OK] AI Tashxisi: Normal
----------------------------------------
[Yuborilmoqda] Cow #1 | GPS: 44.0981, 59.3435
  -> [OK] AI Tashxisi: Normal
[Yuborilmoqda] Cow #2 | GPS: 44.1021, 59.3519
  -> [OK] AI Tashxisi: Normal
[Yuborilmoqda] Cow #3 | GPS: 44.0929, 59.3476
  -> [OK] AI Tashxisi: Normal
[Yuborilmoqda] Cow #4 | GPS: 44.1014, 59.3544
  -> [OK] AI Tashxisi: Ketoz / Acidosis
[Yuborilmoqda] Cow #5 | GPS: 44.094, 59.356
  -> [OK] AI Tashxisi: Normal
[Yuborilmoqda] Cow #6 | GPS: 44.1039, 59.346
  -> [OK] AI Tashxisi: Normal
[Yuborilmoqda] Cow #7 | GPS: 44.0988, 59.3519
  -> [OK] AI Tashxisi: Mastit / Infeksiya
[Yuborilmoqda] Cow #8 | GPS: 44.1092, 59.3532
  -> [OK] AI Tashxisi: Normal
[Yuborilmoqda] Cow #9 | GPS: 44.0944, 59.3472
  -> [OK] AI Tashxisi: Normal
[Yuborilmoqda] Cow #10 | GPS: 44.0943, 59.3465
  -> [OK] AI Tashxisi: Normal
[Yuborilmoqda] Cow #11 | GPS: 44.0946, 59.3512
  -> [OK] AI Tashxisi: Normal
----------------------------------------
[Yuborilmoqda] Cow #1 | GPS: 44.0983, 59.3434
  -> [OK] AI Tashxisi: Normal
[Yuborilmoqda] Cow #2 | GPS: 44.1023, 59.3518
  -> [OK] AI Tashxisi: Normal
[Yuborilmoqda] Cow #3 | GPS: 44.0928, 59.3477
  -> [OK] AI Tashxisi: Normal
[Yuborilmoqda] Cow #4 | GPS: 44.1015, 59.3543
  -> [OK] AI Tashxisi: Ketoz / Acidosis
[Yuborilmoqda] Cow #5 | GPS: 44.094, 59.356
  -> [OK] AI Tashxisi: Normal
[Yuborilmoqda] Cow #6 | GPS: 44.104, 59.3461
  -> [OK] AI Tashxisi: Normal
[Yuborilmoqda] Cow #7 | GPS: 44.0987, 59.352
  -> [OK] AI Tashxisi: Mastit / Infeksiya
[Yuborilmoqda] Cow #8 | GPS: 44.1091, 59.3533
  -> [OK] AI Tashxisi: Normal
[Yuborilmoqda] Cow #9 | GPS: 44.0944, 59.3472
  -> [OK] AI Tashxisi: Normal
[Yuborilmoqda] Cow #10 | GPS: 44.0944, 59.3467
  -> [OK] AI Tashxisi: Normal
[Yuborilmoqda] Cow #11 | GPS: 44.0945, 59.3511
  -> [OK] AI Tashxisi: Normal
----------------------------------------
[Yuborilmoqda] Cow #1 | GPS: 44.0983, 59.3433
  -> [OK] AI Tashxisi: Normal
[Yuborilmoqda] Cow #2 | GPS: 44.1023, 59.3519
  -> [OK] AI Tashxisi: Normal
[Yuborilmoqda] Cow #3 | GPS: 44.0929, 59.3479
  -> [OK] AI Tashxisi: Normal
[Yuborilmoqda] Cow #4 | GPS: 44.1016, 59.3545
  -> [OK] AI Tashxisi: Ketoz / Acidosis
[Yuborilmoqda] Cow #5 | GPS: 44.0942, 59.356
  -> [OK] AI Tashxisi: Normal
[Yuborilmoqda] Cow #6 | GPS: 44.1038, 59.346
  -> [OK] AI Tashxisi: Normal
[Yuborilmoqda] Cow #7 | GPS: 44.0987, 59.3521
  -> [OK] AI Tashxisi: Mastit / Infeksiya
[Yuborilmoqda] Cow #8 | GPS: 44.1091, 59.3532
  -> [OK] AI Tashxisi: Normal
[Yuborilmoqda] Cow #9 | GPS: 44.0945, 59.3473
  -> [OK] AI Tashxisi: Normal
[Yuborilmoqda] Cow #10 | GPS: 44.0944, 59.3467
  -> [OK] AI Tashxisi: Normal
[Yuborilmoqda] Cow #11 | GPS: 44.0943, 59.3511
  -> [OK] AI Tashxisi: Normal
----------------------------------------
[Yuborilmoqda] Cow #1 | GPS: 44.0984, 59.3432
  -> [OK] AI Tashxisi: Normal
[Yuborilmoqda] Cow #2 | GPS: 44.1022, 59.352
  -> [OK] AI Tashxisi: Normal
[Yuborilmoqda] Cow #3 | GPS: 44.093, 59.348
  -> [OK] AI Tashxisi: Normal
[Yuborilmoqda] Cow #4 | GPS: 44.1017, 59.3546
  -> [OK] AI Tashxisi: Ketoz / Acidosis
[Yuborilmoqda] Cow #5 | GPS: 44.0942, 59.3561
  -> [OK] AI Tashxisi: Mastit / Infeksiya
[Yuborilmoqda] Cow #6 | GPS: 44.1037, 59.3459
  -> [OK] AI Tashxisi: Normal
[Yuborilmoqda] Cow #7 | GPS: 44.0987, 59.3521
  -> [OK] AI Tashxisi: Mastit / Infeksiya
[Yuborilmoqda] Cow #8 | GPS: 44.1092, 59.353
  -> [OK] AI Tashxisi: Normal
[Yuborilmoqda] Cow #9 | GPS: 44.0947, 59.3472
  -> [OK] AI Tashxisi: Normal
[Yuborilmoqda] Cow #10 | GPS: 44.0944, 59.3465
  -> [OK] AI Tashxisi: Normal
[Yuborilmoqda] Cow #11 | GPS: 44.0942, 59.3509
  -> [OK] AI Tashxisi: Normal
----------------------------------------
[Yuborilmoqda] Cow #1 | GPS: 44.0983, 59.3433
  -> [OK] AI Tashxisi: Normal
[Yuborilmoqda] Cow #2 | GPS: 44.102, 59.3521
  -> [OK] AI Tashxisi: Normal
[Yuborilmoqda] Cow #3 | GPS: 44.0931, 59.348
  -> [OK] AI Tashxisi: Normal
[Yuborilmoqda] Cow #4 | GPS: 44.1018, 59.3546
  -> [OK] AI Tashxisi: Ketoz / Acidosis
[Yuborilmoqda] Cow #5 | GPS: 44.0941, 59.3559
  -> [OK] AI Tashxisi: Normal
[Yuborilmoqda] Cow #6 | GPS: 44.1038, 59.3458
  -> [OK] AI Tashxisi: Normal
[Yuborilmoqda] Cow #7 | GPS: 44.0985, 59.352
  -> [OK] AI Tashxisi: Mastit / Infeksiya
[Yuborilmoqda] Cow #8 | GPS: 44.1094, 59.3531
  -> [OK] AI Tashxisi: Normal
[Yuborilmoqda] Cow #9 | GPS: 44.0949, 59.3471
  -> [OK] AI Tashxisi: Normal
[Yuborilmoqda] Cow #10 | GPS: 44.0944, 59.3465
  -> [OK] AI Tashxisi: Normal
[Yuborilmoqda] Cow #11 | GPS: 44.0942, 59.3508
  -> [OK] AI Tashxisi: Normal
----------------------------------------
[Yuborilmoqda] Cow #1 | GPS: 44.0983, 59.3433
  -> [OK] AI Tashxisi: Normal
[Yuborilmoqda] Cow #2 | GPS: 44.1019, 59.3519
  -> [OK] AI Tashxisi: Normal
[Yuborilmoqda] Cow #3 | GPS: 44.093, 59.3479
  -> [OK] AI Tashxisi: Normal
[Yuborilmoqda] Cow #4 | GPS: 44.1018, 59.3544
  -> [OK] AI Tashxisi: Ketoz / Acidosis
[Yuborilmoqda] Cow #5 | GPS: 44.0939, 59.356
  -> [OK] AI Tashxisi: Normal
[Yuborilmoqda] Cow #6 | GPS: 44.1037, 59.3457
  -> [OK] AI Tashxisi: Normal
[Yuborilmoqda] Cow #7 | GPS: 44.0984, 59.3521
  -> [OK] AI Tashxisi: Mastit / Infeksiya
[Yuborilmoqda] Cow #8 | GPS: 44.1094, 59.353
  -> [OK] AI Tashxisi: Normal
[Yuborilmoqda] Cow #9 | GPS: 44.0949, 59.3472
  -> [OK] AI Tashxisi: Normal
[Yuborilmoqda] Cow #10 | GPS: 44.0945, 59.3464
  -> [OK] AI Tashxisi: Normal
[Yuborilmoqda] Cow #11 | GPS: 44.094, 59.3508
  -> [OK] AI Tashxisi: Normal
----------------------------------------
[Yuborilmoqda] Cow #1 | GPS: 44.0983, 59.3432
  -> [OK] AI Tashxisi: Normal
[Yuborilmoqda] Cow #2 | GPS: 44.1017, 59.3521
  -> [OK] AI Tashxisi: Normal
[Yuborilmoqda] Cow #3 | GPS: 44.0928, 59.3479
  -> [OK] AI Tashxisi: Normal
[Yuborilmoqda] Cow #4 | GPS: 44.1018, 59.3544
  -> [OK] AI Tashxisi: Ketoz / Acidosis
[Yuborilmoqda] Cow #5 | GPS: 44.094, 59.3559
  -> [OK] AI Tashxisi: Normal
[Yuborilmoqda] Cow #6 | GPS: 44.1037, 59.3457
  -> [OK] AI Tashxisi: Normal
[Yuborilmoqda] Cow #7 | GPS: 44.0984, 59.3521
  -> [OK] AI Tashxisi: Mastit / Infeksiya
[Yuborilmoqda] Cow #8 | GPS: 44.1095, 59.3528
  -> [OK] AI Tashxisi: Mastit / Infeksiya
[Yuborilmoqda] Cow #9 | GPS: 44.095, 59.3471
  -> [OK] AI Tashxisi: Normal
[Yuborilmoqda] Cow #10 | GPS: 44.0945, 59.3465
  -> [OK] AI Tashxisi: Normal
[Yuborilmoqda] Cow #11 | GPS: 44.0938, 59.3507
  -> [OK] AI Tashxisi: Normal
----------------------------------------
[Yuborilmoqda] Cow #1 | GPS: 44.0984, 59.3431
  -> [OK] AI Tashxisi: Normal
[Yuborilmoqda] Cow #2 | GPS: 44.1019, 59.352
  -> [OK] AI Tashxisi: Mastit / Infeksiya
[Yuborilmoqda] Cow #3 | GPS: 44.0928, 59.3477
  -> [OK] AI Tashxisi: Normal
[Yuborilmoqda] Cow #4 | GPS: 44.1019, 59.3543
  -> [OK] AI Tashxisi: Ketoz / Acidosis
[Yuborilmoqda] Cow #5 | GPS: 44.0942, 59.3558
  -> [OK] AI Tashxisi: Normal
[Yuborilmoqda] Cow #6 | GPS: 44.1036, 59.3456
  -> [OK] AI Tashxisi: Normal
[Yuborilmoqda] Cow #7 | GPS: 44.0982, 59.352
  -> [OK] AI Tashxisi: Mastit / Infeksiya
[Yuborilmoqda] Cow #8 | GPS: 44.1095, 59.353
  -> [OK] AI Tashxisi: Normal
[Yuborilmoqda] Cow #9 | GPS: 44.0949, 59.347
  -> [OK] AI Tashxisi: Normal
[Yuborilmoqda] Cow #10 | GPS: 44.0944, 59.3467
  -> [OK] AI Tashxisi: Normal
[Yuborilmoqda] Cow #11 | GPS: 44.0936, 59.3506
  -> [OK] AI Tashxisi: Normal
----------------------------------------
[Yuborilmoqda] Cow #1 | GPS: 44.0986, 59.3432
  -> [OK] AI Tashxisi: Mastit / Infeksiya
[Yuborilmoqda] Cow #2 | GPS: 44.102, 59.3521
  -> [OK] AI Tashxisi: Normal
[Yuborilmoqda] Cow #3 | GPS: 44.0928, 59.3479
  -> [OK] AI Tashxisi: Normal
[Yuborilmoqda] Cow #4 | GPS: 44.1019, 59.3541
  -> [OK] AI Tashxisi: Ketoz / Acidosis
[Yuborilmoqda] Cow #5 | GPS: 44.0943, 59.3559
  -> [OK] AI Tashxisi: Normal
[Yuborilmoqda] Cow #6 | GPS: 44.1035, 59.3454
  -> [OK] AI Tashxisi: Normal
[Yuborilmoqda] Cow #7 | GPS: 44.0981, 59.3519
  -> [OK] AI Tashxisi: Mastit / Infeksiya
[Yuborilmoqda] Cow #8 | GPS: 44.1096, 59.3529
  -> [OK] AI Tashxisi: Normal
[Yuborilmoqda] Cow #9 | GPS: 44.0948, 59.3471
  -> [OK] AI Tashxisi: Normal
[Yuborilmoqda] Cow #10 | GPS: 44.0946, 59.3468
  -> [OK] AI Tashxisi: Normal
[Yuborilmoqda] Cow #11 | GPS: 44.0936, 59.3506
  -> [OK] AI Tashxisi: Normal
----------------------------------------
[Yuborilmoqda] Cow #1 | GPS: 44.0986, 59.3433
  -> [OK] AI Tashxisi: Normal
[Yuborilmoqda] Cow #2 | GPS: 44.102, 59.3521
  -> [OK] AI Tashxisi: Normal
[Yuborilmoqda] Cow #3 | GPS: 44.0927, 59.3477
  -> [OK] AI Tashxisi: Normal
[Yuborilmoqda] Cow #4 | GPS: 44.1018, 59.3541
  -> [OK] AI Tashxisi: Ketoz / Acidosis
[Yuborilmoqda] Cow #5 | GPS: 44.0945, 59.3559
  -> [OK] AI Tashxisi: Normal
[Yuborilmoqda] Cow #6 | GPS: 44.1036, 59.3454
  -> [OK] AI Tashxisi: Normal
[Yuborilmoqda] Cow #7 | GPS: 44.098, 59.3521
  -> [OK] AI Tashxisi: Mastit / Infeksiya
[Yuborilmoqda] Cow #8 | GPS: 44.1098, 59.3529
  -> [OK] AI Tashxisi: Normal
[Yuborilmoqda] Cow #9 | GPS: 44.0947, 59.3472
  -> [OK] AI Tashxisi: Normal
[Yuborilmoqda] Cow #10 | GPS: 44.0945, 59.3469
  -> [OK] AI Tashxisi: Normal
[Yuborilmoqda] Cow #11 | GPS: 44.0935, 59.3506
  -> [OK] AI Tashxisi: Normal
----------------------------------------
[Yuborilmoqda] Cow #1 | GPS: 44.0985, 59.3432
  -> [OK] AI Tashxisi: Normal
[Yuborilmoqda] Cow #2 | GPS: 44.1019, 59.3521
  -> [OK] AI Tashxisi: Mastit / Infeksiya
[Yuborilmoqda] Cow #3 | GPS: 44.0927, 59.3476
  -> [OK] AI Tashxisi: Normal
[Yuborilmoqda] Cow #4 | GPS: 44.1017, 59.3541
  -> [OK] AI Tashxisi: Ketoz / Acidosis
[Yuborilmoqda] Cow #5 | GPS: 44.0945, 59.356
  -> [OK] AI Tashxisi: Normal
[Yuborilmoqda] Cow #6 | GPS: 44.1037, 59.3456
  -> [OK] AI Tashxisi: Normal
[Yuborilmoqda] Cow #7 | GPS: 44.098, 59.3522
  -> [OK] AI Tashxisi: Mastit / Infeksiya
[Yuborilmoqda] Cow #8 | GPS: 44.1098, 59.3531
  -> [OK] AI Tashxisi: Normal
[Yuborilmoqda] Cow #9 | GPS: 44.0946, 59.3472
  -> [OK] AI Tashxisi: Normal
[Yuborilmoqda] Cow #10 | GPS: 44.0944, 59.3467
  -> [OK] AI Tashxisi: Normal
[Yuborilmoqda] Cow #11 | GPS: 44.0937, 59.3508
  -> [OK] AI Tashxisi: Normal
----------------------------------------
[Yuborilmoqda] Cow #1 | GPS: 44.0986, 59.3432
  -> [OK] AI Tashxisi: Normal
[Yuborilmoqda] Cow #2 | GPS: 44.102, 59.3519
  -> [OK] AI Tashxisi: Normal
[Yuborilmoqda] Cow #3 | GPS: 44.0925, 59.3475
  -> [OK] AI Tashxisi: Normal
[Yuborilmoqda] Cow #4 | GPS: 44.1018, 59.3543
  -> [OK] AI Tashxisi: Ketoz / Acidosis
[Yuborilmoqda] Cow #5 | GPS: 44.0945, 59.3559
  -> [OK] AI Tashxisi: Normal
[Yuborilmoqda] Cow #6 | GPS: 44.1038, 59.3457
  -> [OK] AI Tashxisi: Normal
[Yuborilmoqda] Cow #7 | GPS: 44.098, 59.3521
  -> [OK] AI Tashxisi: Mastit / Infeksiya
[Yuborilmoqda] Cow #8 | GPS: 44.11, 59.3529
  -> [OK] AI Tashxisi: Normal
[Yuborilmoqda] Cow #9 | GPS: 44.0947, 59.3473
  -> [OK] AI Tashxisi: Normal
[Yuborilmoqda] Cow #10 | GPS: 44.0942, 59.3469
  -> [OK] AI Tashxisi: Normal
[Yuborilmoqda] Cow #11 | GPS: 44.0936, 59.3508
  -> [OK] AI Tashxisi: Normal
----------------------------------------
[Yuborilmoqda] Cow #1 | GPS: 44.0988, 59.3434
  -> [OK] AI Tashxisi: Normal
[Yuborilmoqda] Cow #2 | GPS: 44.1019, 59.352
  -> [OK] AI Tashxisi: Normal
[Yuborilmoqda] Cow #3 | GPS: 44.0927, 59.3473
  -> [OK] AI Tashxisi: Normal
[Yuborilmoqda] Cow #4 | GPS: 44.1017, 59.3544
  -> [OK] AI Tashxisi: Ketoz / Acidosis
[Yuborilmoqda] Cow #5 | GPS: 44.0943, 59.356
  -> [OK] AI Tashxisi: Normal
[Yuborilmoqda] Cow #6 | GPS: 44.1039, 59.3459
  -> [OK] AI Tashxisi: Normal
[Yuborilmoqda] Cow #7 | GPS: 44.098, 59.3523
  -> [OK] AI Tashxisi: Mastit / Infeksiya
[Yuborilmoqda] Cow #8 | GPS: 44.11, 59.353
  -> [OK] AI Tashxisi: Normal
[Yuborilmoqda] Cow #9 | GPS: 44.0946, 59.3471
  -> [OK] AI Tashxisi: Normal
[Yuborilmoqda] Cow #10 | GPS: 44.0942, 59.3468
  -> [OK] AI Tashxisi: Normal
[Yuborilmoqda] Cow #11 | GPS: 44.0934, 59.3508
  -> [OK] AI Tashxisi: Normal
----------------------------------------
[Yuborilmoqda] Cow #1 | GPS: 44.0988, 59.3434
  -> [OK] AI Tashxisi: Normal
[Yuborilmoqda] Cow #2 | GPS: 44.1018, 59.3518
  -> [OK] AI Tashxisi: Normal
[Yuborilmoqda] Cow #3 | GPS: 44.0926, 59.3475
  -> [OK] AI Tashxisi: Normal
[Yuborilmoqda] Cow #4 | GPS: 44.1016, 59.3545
  -> [OK] AI Tashxisi: Ketoz / Acidosis
[Yuborilmoqda] Cow #5 | GPS: 44.0945, 59.3558
  -> [OK] AI Tashxisi: Normal
[Yuborilmoqda] Cow #6 | GPS: 44.104, 59.346
  -> [OK] AI Tashxisi: Normal
[Yuborilmoqda] Cow #7 | GPS: 44.098, 59.3524
  -> [OK] AI Tashxisi: Mastit / Infeksiya
[Yuborilmoqda] Cow #8 | GPS: 44.1101, 59.3532
  -> [OK] AI Tashxisi: Mastit / Infeksiya
[Yuborilmoqda] Cow #9 | GPS: 44.0947, 59.3472
  -> [OK] AI Tashxisi: Normal
[Yuborilmoqda] Cow #10 | GPS: 44.0944, 59.3468
  -> [OK] AI Tashxisi: Normal
[Yuborilmoqda] Cow #11 | GPS: 44.0933, 59.3508
  -> [OK] AI Tashxisi: Normal
----------------------------------------
[Yuborilmoqda] Cow #1 | GPS: 44.0987, 59.3433
  -> [OK] AI Tashxisi: Normal
[Yuborilmoqda] Cow #2 | GPS: 44.1017, 59.3517
  -> [OK] AI Tashxisi: Normal
[Yuborilmoqda] Cow #3 | GPS: 44.0926, 59.3477
  -> [OK] AI Tashxisi: Normal
[Yuborilmoqda] Cow #4 | GPS: 44.1014, 59.3547
  -> [OK] AI Tashxisi: Ketoz / Acidosis
[Yuborilmoqda] Cow #5 | GPS: 44.0945, 59.3558
  -> [OK] AI Tashxisi: Normal
[Yuborilmoqda] Cow #6 | GPS: 44.1039, 59.3459
  -> [OK] AI Tashxisi: Normal
[Yuborilmoqda] Cow #7 | GPS: 44.0979, 59.3523
  -> [OK] AI Tashxisi: Mastit / Infeksiya
[Yuborilmoqda] Cow #8 | GPS: 44.1103, 59.3531
  -> [OK] AI Tashxisi: Normal
[Yuborilmoqda] Cow #9 | GPS: 44.0946, 59.3471
  -> [OK] AI Tashxisi: Normal
[Yuborilmoqda] Cow #10 | GPS: 44.0944, 59.347
  -> [OK] AI Tashxisi: Normal
[Yuborilmoqda] Cow #11 | GPS: 44.0933, 59.3507
  -> [OK] AI Tashxisi: Normal
----------------------------------------
[Yuborilmoqda] Cow #1 | GPS: 44.0988, 59.3435
  -> [OK] AI Tashxisi: Normal
[Yuborilmoqda] Cow #2 | GPS: 44.1018, 59.3518
  -> [OK] AI Tashxisi: Normal
[Yuborilmoqda] Cow #3 | GPS: 44.0927, 59.3477
  -> [OK] AI Tashxisi: Normal
[Yuborilmoqda] Cow #4 | GPS: 44.1013, 59.3548
  -> [OK] AI Tashxisi: Ketoz / Acidosis
[Yuborilmoqda] Cow #5 | GPS: 44.0945, 59.3557
  -> [OK] AI Tashxisi: Mastit / Infeksiya
[Yuborilmoqda] Cow #6 | GPS: 44.1039, 59.3459
  -> [OK] AI Tashxisi: Normal
[Yuborilmoqda] Cow #7 | GPS: 44.0979, 59.3524
  -> [OK] AI Tashxisi: Mastit / Infeksiya
[Yuborilmoqda] Cow #8 | GPS: 44.1102, 59.3533
  -> [OK] AI Tashxisi: Normal
[Yuborilmoqda] Cow #9 | GPS: 44.0947, 59.3473
  -> [OK] AI Tashxisi: Normal
[Yuborilmoqda] Cow #10 | GPS: 44.0944, 59.347
  -> [OK] AI Tashxisi: Normal
[Yuborilmoqda] Cow #11 | GPS: 44.0935, 59.3505
  -> [OK] AI Tashxisi: Normal
----------------------------------------
[Yuborilmoqda] Cow #1 | GPS: 44.0988, 59.3434
  -> [OK] AI Tashxisi: Normal
[Yuborilmoqda] Cow #2 | GPS: 44.1019, 59.3518
  -> [OK] AI Tashxisi: Normal
[Yuborilmoqda] Cow #3 | GPS: 44.0925, 59.3476
  -> [OK] AI Tashxisi: Normal
[Yuborilmoqda] Cow #4 | GPS: 44.1014, 59.355
  -> [OK] AI Tashxisi: Ketoz / Acidosis
[Yuborilmoqda] Cow #5 | GPS: 44.0946, 59.3558
  -> [OK] AI Tashxisi: Normal
[Yuborilmoqda] Cow #6 | GPS: 44.1038, 59.346
  -> [OK] AI Tashxisi: Normal
[Yuborilmoqda] Cow #7 | GPS: 44.0978, 59.3525
  -> [OK] AI Tashxisi: Mastit / Infeksiya
[Yuborilmoqda] Cow #8 | GPS: 44.1104, 59.3532
  -> [OK] AI Tashxisi: Normal
[Yuborilmoqda] Cow #9 | GPS: 44.0946, 59.3474
  -> [OK] AI Tashxisi: Normal
[Yuborilmoqda] Cow #10 | GPS: 44.0943, 59.3468
  -> [OK] AI Tashxisi: Normal
[Yuborilmoqda] Cow #11 | GPS: 44.0933, 59.3504
  -> [OK] AI Tashxisi: Normal
----------------------------------------
[Yuborilmoqda] Cow #1 | GPS: 44.0989, 59.3434
  -> [OK] AI Tashxisi: Normal
[Yuborilmoqda] Cow #2 | GPS: 44.1021, 59.3518
  -> [OK] AI Tashxisi: Normal
[Yuborilmoqda] Cow #3 | GPS: 44.0927, 59.3476
  -> [OK] AI Tashxisi: Normal
[Yuborilmoqda] Cow #4 | GPS: 44.1014, 59.3548
  -> [OK] AI Tashxisi: Ketoz / Acidosis
[Yuborilmoqda] Cow #5 | GPS: 44.0947, 59.3556
  -> [OK] AI Tashxisi: Normal
[Yuborilmoqda] Cow #6 | GPS: 44.1037, 59.3458
  -> [OK] AI Tashxisi: Normal
[Yuborilmoqda] Cow #7 | GPS: 44.0979, 59.3524
  -> [OK] AI Tashxisi: Mastit / Infeksiya
[Yuborilmoqda] Cow #8 | GPS: 44.1104, 59.3533
  -> [OK] AI Tashxisi: Normal
[Yuborilmoqda] Cow #9 | GPS: 44.0947, 59.3475
  -> [OK] AI Tashxisi: Normal
[Yuborilmoqda] Cow #10 | GPS: 44.0942, 59.3466
  -> [OK] AI Tashxisi: Normal
[Yuborilmoqda] Cow #11 | GPS: 44.0934, 59.3505
  -> [OK] AI Tashxisi: Mastit / Infeksiya
----------------------------------------
[Yuborilmoqda] Cow #1 | GPS: 44.099, 59.3432
  -> [OK] AI Tashxisi: Normal
[Yuborilmoqda] Cow #2 | GPS: 44.1023, 59.3518
  -> [OK] AI Tashxisi: Normal
[Yuborilmoqda] Cow #3 | GPS: 44.0926, 59.3475
  -> [OK] AI Tashxisi: Normal
[Yuborilmoqda] Cow #4 | GPS: 44.1016, 59.3548
  -> [OK] AI Tashxisi: Ketoz / Acidosis
[Yuborilmoqda] Cow #5 | GPS: 44.0948, 59.3558
  -> [OK] AI Tashxisi: Normal
[Yuborilmoqda] Cow #6 | GPS: 44.1036, 59.3459
  -> [OK] AI Tashxisi: Normal
[Yuborilmoqda] Cow #7 | GPS: 44.0977, 59.3523
  -> [OK] AI Tashxisi: Mastit / Infeksiya
[Yuborilmoqda] Cow #8 | GPS: 44.1104, 59.3533
  -> [OK] AI Tashxisi: Normal
[Yuborilmoqda] Cow #9 | GPS: 44.0946, 59.3476
  -> [OK] AI Tashxisi: Normal
[Yuborilmoqda] Cow #10 | GPS: 44.0941, 59.3465
  -> [OK] AI Tashxisi: Normal
[Yuborilmoqda] Cow #11 | GPS: 44.0932, 59.3504
  -> [OK] AI Tashxisi: Normal
----------------------------------------
[Yuborilmoqda] Cow #1 | GPS: 44.0991, 59.3431
  -> [OK] AI Tashxisi: Normal
[Yuborilmoqda] Cow #2 | GPS: 44.1024, 59.3517
  -> [OK] AI Tashxisi: Normal
[Yuborilmoqda] Cow #3 | GPS: 44.0927, 59.3475
  -> [OK] AI Tashxisi: Normal
[Yuborilmoqda] Cow #4 | GPS: 44.1014, 59.355
  -> [OK] AI Tashxisi: Ketoz / Acidosis
[Yuborilmoqda] Cow #5 | GPS: 44.0948, 59.3558
  -> [OK] AI Tashxisi: Normal
[Yuborilmoqda] Cow #6 | GPS: 44.1037, 59.3458
  -> [OK] AI Tashxisi: Normal
[Yuborilmoqda] Cow #7 | GPS: 44.0976, 59.3521
  -> [OK] AI Tashxisi: Mastit / Infeksiya
[Yuborilmoqda] Cow #8 | GPS: 44.1104, 59.3533
  -> [OK] AI Tashxisi: Normal
[Yuborilmoqda] Cow #9 | GPS: 44.0944, 59.3478
  -> [OK] AI Tashxisi: Normal
[Yuborilmoqda] Cow #10 | GPS: 44.0943, 59.3465
  -> [OK] AI Tashxisi: Normal
[Yuborilmoqda] Cow #11 | GPS: 44.0932, 59.3505
  -> [OK] AI Tashxisi: Normal
----------------------------------------
[Yuborilmoqda] Cow #1 | GPS: 44.0993, 59.3431
  -> [OK] AI Tashxisi: Normal
[Yuborilmoqda] Cow #2 | GPS: 44.1022, 59.3517
  -> [OK] AI Tashxisi: Normal
[Yuborilmoqda] Cow #3 | GPS: 44.0928, 59.3477
  -> [OK] AI Tashxisi: Normal
[Yuborilmoqda] Cow #4 | GPS: 44.1015, 59.3549
  -> [OK] AI Tashxisi: Ketoz / Acidosis
[Yuborilmoqda] Cow #5 | GPS: 44.0949, 59.3558
  -> [OK] AI Tashxisi: Normal
[Yuborilmoqda] Cow #6 | GPS: 44.1035, 59.3458
  -> [OK] AI Tashxisi: Normal
[Yuborilmoqda] Cow #7 | GPS: 44.0976, 59.3519
  -> [OK] AI Tashxisi: Mastit / Infeksiya
[Yuborilmoqda] Cow #8 | GPS: 44.1103, 59.3533
  -> [OK] AI Tashxisi: Mastit / Infeksiya
[Yuborilmoqda] Cow #9 | GPS: 44.0945, 59.3478
  -> [OK] AI Tashxisi: Normal
[Yuborilmoqda] Cow #10 | GPS: 44.0943, 59.3463
  -> [OK] AI Tashxisi: Normal
[Yuborilmoqda] Cow #11 | GPS: 44.0934, 59.3506
  -> [OK] AI Tashxisi: Normal
----------------------------------------
[Yuborilmoqda] Cow #1 | GPS: 44.0994, 59.343
  -> [OK] AI Tashxisi: Normal
[Yuborilmoqda] Cow #2 | GPS: 44.1023, 59.3515
  -> [OK] AI Tashxisi: Normal
[Yuborilmoqda] Cow #3 | GPS: 44.0926, 59.3478
  -> [OK] AI Tashxisi: Normal
[Yuborilmoqda] Cow #4 | GPS: 44.1017, 59.3548
  -> [OK] AI Tashxisi: Ketoz / Acidosis
[Yuborilmoqda] Cow #5 | GPS: 44.0949, 59.3559
  -> [OK] AI Tashxisi: Normal
[Yuborilmoqda] Cow #6 | GPS: 44.1034, 59.3458
  -> [OK] AI Tashxisi: Normal
[Yuborilmoqda] Cow #7 | GPS: 44.0977, 59.352
  -> [OK] AI Tashxisi: Mastit / Infeksiya
[Yuborilmoqda] Cow #8 | GPS: 44.1105, 59.3535
  -> [OK] AI Tashxisi: Normal
[Yuborilmoqda] Cow #9 | GPS: 44.0944, 59.3477
  -> [OK] AI Tashxisi: Normal
[Yuborilmoqda] Cow #10 | GPS: 44.0942, 59.3463
  -> [OK] AI Tashxisi: Normal
[Yuborilmoqda] Cow #11 | GPS: 44.0933, 59.3508
  -> [OK] AI Tashxisi: Mastit / Infeksiya
----------------------------------------
[Yuborilmoqda] Cow #1 | GPS: 44.0996, 59.3428
  -> [OK] AI Tashxisi: Normal
[Yuborilmoqda] Cow #2 | GPS: 44.1021, 59.3514
  -> [OK] AI Tashxisi: Normal
[Yuborilmoqda] Cow #3 | GPS: 44.0927, 59.3477
  -> [OK] AI Tashxisi: Normal
[Yuborilmoqda] Cow #4 | GPS: 44.1015, 59.3547
  -> [OK] AI Tashxisi: Ketoz / Acidosis
[Yuborilmoqda] Cow #5 | GPS: 44.0949, 59.3561
  -> [OK] AI Tashxisi: Normal
[Yuborilmoqda] Cow #6 | GPS: 44.1033, 59.3459
  -> [OK] AI Tashxisi: Normal
[Yuborilmoqda] Cow #7 | GPS: 44.0977, 59.352
  -> [OK] AI Tashxisi: Mastit / Infeksiya
[Yuborilmoqda] Cow #8 | GPS: 44.1103, 59.3535
  -> [OK] AI Tashxisi: Normal
[Yuborilmoqda] Cow #9 | GPS: 44.0942, 59.3476
  -> [OK] AI Tashxisi: Normal
[Yuborilmoqda] Cow #10 | GPS: 44.0943, 59.3461
  -> [OK] AI Tashxisi: Normal
[Yuborilmoqda] Cow #11 | GPS: 44.0931, 59.3509
  -> [OK] AI Tashxisi: Normal
----------------------------------------
[Yuborilmoqda] Cow #1 | GPS: 44.0996, 59.343
  -> [OK] AI Tashxisi: Mastit / Infeksiya
[Yuborilmoqda] Cow #2 | GPS: 44.1019, 59.3515
  -> [OK] AI Tashxisi: Normal
[Yuborilmoqda] Cow #3 | GPS: 44.0925, 59.3476
  -> [OK] AI Tashxisi: Normal
[Yuborilmoqda] Cow #4 | GPS: 44.1014, 59.3549
  -> [OK] AI Tashxisi: Ketoz / Acidosis
[Yuborilmoqda] Cow #5 | GPS: 44.0947, 59.356
  -> [OK] AI Tashxisi: Normal
[Yuborilmoqda] Cow #6 | GPS: 44.1034, 59.3458
  -> [OK] AI Tashxisi: Mastit / Infeksiya
[Yuborilmoqda] Cow #7 | GPS: 44.0976, 59.3521
  -> [OK] AI Tashxisi: Mastit / Infeksiya
[Yuborilmoqda] Cow #8 | GPS: 44.1104, 59.3536
  -> [OK] AI Tashxisi: Normal
[Yuborilmoqda] Cow #9 | GPS: 44.0942, 59.3475
  -> [OK] AI Tashxisi: Normal
[Yuborilmoqda] Cow #10 | GPS: 44.0943, 59.3461
  -> [OK] AI Tashxisi: Normal
[Yuborilmoqda] Cow #11 | GPS: 44.093, 59.351
  -> [OK] AI Tashxisi: Normal
----------------------------------------
[Yuborilmoqda] Cow #1 | GPS: 44.0994, 59.3431
  -> [OK] AI Tashxisi: Normal
[Yuborilmoqda] Cow #2 | GPS: 44.1019, 59.3516
  -> [OK] AI Tashxisi: Normal
[Yuborilmoqda] Cow #3 | GPS: 44.0927, 59.3476
  -> [OK] AI Tashxisi: Mastit / Infeksiya
[Yuborilmoqda] Cow #4 | GPS: 44.1016, 59.3547
  -> [OK] AI Tashxisi: Ketoz / Acidosis
[Yuborilmoqda] Cow #5 | GPS: 44.0949, 59.3561
  -> [OK] AI Tashxisi: Mastit / Infeksiya
[Yuborilmoqda] Cow #6 | GPS: 44.1032, 59.346
  -> [OK] AI Tashxisi: Normal
[Yuborilmoqda] Cow #7 | GPS: 44.0976, 59.352
  -> [OK] AI Tashxisi: Mastit / Infeksiya
[Yuborilmoqda] Cow #8 | GPS: 44.1105, 59.3535
  -> [OK] AI Tashxisi: Normal
[Yuborilmoqda] Cow #9 | GPS: 44.0943, 59.3473
  -> [OK] AI Tashxisi: Normal
[Yuborilmoqda] Cow #10 | GPS: 44.0942, 59.3462
  -> [OK] AI Tashxisi: Normal
[Yuborilmoqda] Cow #11 | GPS: 44.093, 59.3511
  -> [OK] AI Tashxisi: Normal
----------------------------------------
[Yuborilmoqda] Cow #1 | GPS: 44.0995, 59.3431
  -> [OK] AI Tashxisi: Normal
[Yuborilmoqda] Cow #2 | GPS: 44.1021, 59.3515
  -> [OK] AI Tashxisi: Normal
[Yuborilmoqda] Cow #3 | GPS: 44.0925, 59.3475
  -> [OK] AI Tashxisi: Normal
[Yuborilmoqda] Cow #4 | GPS: 44.1015, 59.3548
  -> [OK] AI Tashxisi: Ketoz / Acidosis
[Yuborilmoqda] Cow #5 | GPS: 44.0948, 59.3562
  -> [OK] AI Tashxisi: Normal
[Yuborilmoqda] Cow #6 | GPS: 44.1031, 59.3459
  -> [OK] AI Tashxisi: Normal
[Yuborilmoqda] Cow #7 | GPS: 44.0975, 59.3519
  -> [OK] AI Tashxisi: Mastit / Infeksiya
[Yuborilmoqda] Cow #8 | GPS: 44.1105, 59.3537
  -> [OK] AI Tashxisi: Normal
[Yuborilmoqda] Cow #9 | GPS: 44.0943, 59.3472
  -> [OK] AI Tashxisi: Mastit / Infeksiya
[Yuborilmoqda] Cow #10 | GPS: 44.0942, 59.3462
  -> [OK] AI Tashxisi: Normal
[Yuborilmoqda] Cow #11 | GPS: 44.0931, 59.351
  -> [OK] AI Tashxisi: Normal
----------------------------------------
[Yuborilmoqda] Cow #1 | GPS: 44.0995, 59.3429
  -> [OK] AI Tashxisi: Mastit / Infeksiya
[Yuborilmoqda] Cow #2 | GPS: 44.102, 59.3515
  -> [OK] AI Tashxisi: Normal
[Yuborilmoqda] Cow #3 | GPS: 44.0925, 59.3476
  -> [OK] AI Tashxisi: Normal
[Yuborilmoqda] Cow #4 | GPS: 44.1016, 59.3547
  -> [OK] AI Tashxisi: Ketoz / Acidosis
[Yuborilmoqda] Cow #5 | GPS: 44.095, 59.3562
  -> [OK] AI Tashxisi: Normal
[Yuborilmoqda] Cow #6 | GPS: 44.1032, 59.346
  -> [OK] AI Tashxisi: Normal
[Yuborilmoqda] Cow #7 | GPS: 44.0976, 59.3519
  -> [OK] AI Tashxisi: Mastit / Infeksiya
[Yuborilmoqda] Cow #8 | GPS: 44.1104, 59.3537
  -> [OK] AI Tashxisi: Normal
[Yuborilmoqda] Cow #9 | GPS: 44.0943, 59.3473
  -> [OK] AI Tashxisi: Normal
[Yuborilmoqda] Cow #10 | GPS: 44.0941, 59.346
  -> [OK] AI Tashxisi: Normal
[Yuborilmoqda] Cow #11 | GPS: 44.0933, 59.3508
  -> [OK] AI Tashxisi: Normal
----------------------------------------
[Yuborilmoqda] Cow #1 | GPS: 44.0993, 59.3428
  -> [OK] AI Tashxisi: Normal
[Yuborilmoqda] Cow #2 | GPS: 44.102, 59.3516
  -> [OK] AI Tashxisi: Normal
[Yuborilmoqda] Cow #3 | GPS: 44.0923, 59.3475
  -> [OK] AI Tashxisi: Normal
[Yuborilmoqda] Cow #4 | GPS: 44.1015, 59.3545
  -> [OK] AI Tashxisi: Ketoz / Acidosis
[Yuborilmoqda] Cow #5 | GPS: 44.0949, 59.3562
  -> [OK] AI Tashxisi: Normal
[Yuborilmoqda] Cow #6 | GPS: 44.103, 59.3462
  -> [OK] AI Tashxisi: Normal
[Yuborilmoqda] Cow #7 | GPS: 44.0975, 59.3519
  -> [OK] AI Tashxisi: Mastit / Infeksiya
[Yuborilmoqda] Cow #8 | GPS: 44.1103, 59.3536
  -> [OK] AI Tashxisi: Normal
[Yuborilmoqda] Cow #9 | GPS: 44.0942, 59.3472
  -> [OK] AI Tashxisi: Normal
[Yuborilmoqda] Cow #10 | GPS: 44.0939, 59.346
  -> [OK] AI Tashxisi: Normal
[Yuborilmoqda] Cow #11 | GPS: 44.0932, 59.3506
  -> [OK] AI Tashxisi: Normal
----------------------------------------
[Yuborilmoqda] Cow #1 | GPS: 44.0992, 59.343
  -> [OK] AI Tashxisi: Normal
[Yuborilmoqda] Cow #2 | GPS: 44.1019, 59.3516
  -> [OK] AI Tashxisi: Normal
[Yuborilmoqda] Cow #3 | GPS: 44.0922, 59.3475
  -> [OK] AI Tashxisi: Normal
[Yuborilmoqda] Cow #4 | GPS: 44.1014, 59.3545
  -> [OK] AI Tashxisi: Ketoz / Acidosis
[Yuborilmoqda] Cow #5 | GPS: 44.0949, 59.3564
  -> [OK] AI Tashxisi: Normal
[Yuborilmoqda] Cow #6 | GPS: 44.1028, 59.3462
  -> [OK] AI Tashxisi: Normal
[Yuborilmoqda] Cow #7 | GPS: 44.0974, 59.3517
  -> [OK] AI Tashxisi: Mastit / Infeksiya
[Yuborilmoqda] Cow #8 | GPS: 44.1105, 59.3534
  -> [OK] AI Tashxisi: Normal
[Yuborilmoqda] Cow #9 | GPS: 44.0941, 59.3471
  -> [OK] AI Tashxisi: Mastit / Infeksiya
[Yuborilmoqda] Cow #10 | GPS: 44.0941, 59.3458
  -> [OK] AI Tashxisi: Normal
[Yuborilmoqda] Cow #11 | GPS: 44.0934, 59.3508
  -> [OK] AI Tashxisi: Normal
----------------------------------------
[Yuborilmoqda] Cow #1 | GPS: 44.0993, 59.3429
  -> [OK] AI Tashxisi: Normal
[Yuborilmoqda] Cow #2 | GPS: 44.1017, 59.3515
  -> [OK] AI Tashxisi: Normal
[Yuborilmoqda] Cow #3 | GPS: 44.092, 59.3477
  -> [OK] AI Tashxisi: Normal
[Yuborilmoqda] Cow #4 | GPS: 44.1014, 59.3545
  -> [OK] AI Tashxisi: Ketoz / Acidosis
[Yuborilmoqda] Cow #5 | GPS: 44.0949, 59.3563
  -> [OK] AI Tashxisi: Normal
[Yuborilmoqda] Cow #6 | GPS: 44.1027, 59.3462
  -> [OK] AI Tashxisi: Normal
[Yuborilmoqda] Cow #7 | GPS: 44.0974, 59.3517
  -> [OK] AI Tashxisi: Mastit / Infeksiya
[Yuborilmoqda] Cow #8 | GPS: 44.1105, 59.3535
  -> [OK] AI Tashxisi: Normal
[Yuborilmoqda] Cow #9 | GPS: 44.094, 59.3469
  -> [OK] AI Tashxisi: Normal
[Yuborilmoqda] Cow #10 | GPS: 44.094, 59.3458
  -> [OK] AI Tashxisi: Normal
[Yuborilmoqda] Cow #11 | GPS: 44.0933, 59.3509
  -> [OK] AI Tashxisi: Normal
----------------------------------------
[Yuborilmoqda] Cow #1 | GPS: 44.0991, 59.3429
  -> [OK] AI Tashxisi: Normal
[Yuborilmoqda] Cow #2 | GPS: 44.1017, 59.3513
  -> [OK] AI Tashxisi: Normal
[Yuborilmoqda] Cow #3 | GPS: 44.0918, 59.3478
  -> [OK] AI Tashxisi: Normal
[Yuborilmoqda] Cow #4 | GPS: 44.1016, 59.3547
  -> [OK] AI Tashxisi: Ketoz / Acidosis
[Yuborilmoqda] Cow #5 | GPS: 44.0947, 59.3562
  -> [OK] AI Tashxisi: Normal
[Yuborilmoqda] Cow #6 | GPS: 44.1026, 59.3461
  -> [OK] AI Tashxisi: Normal
[Yuborilmoqda] Cow #7 | GPS: 44.0974, 59.3517
  -> [OK] AI Tashxisi: Mastit / Infeksiya
[Yuborilmoqda] Cow #8 | GPS: 44.1105, 59.3536
  -> [OK] AI Tashxisi: Normal
[Yuborilmoqda] Cow #9 | GPS: 44.094, 59.3469
  -> [OK] AI Tashxisi: Normal
[Yuborilmoqda] Cow #10 | GPS: 44.094, 59.3458
  -> [OK] AI Tashxisi: Normal
[Yuborilmoqda] Cow #11 | GPS: 44.0933, 59.351
  -> [OK] AI Tashxisi: Normal
----------------------------------------
[Yuborilmoqda] Cow #1 | GPS: 44.0992, 59.3429
  -> [OK] AI Tashxisi: Normal
[Yuborilmoqda] Cow #2 | GPS: 44.1016, 59.3512
  -> [OK] AI Tashxisi: Normal
[Yuborilmoqda] Cow #3 | GPS: 44.0918, 59.3478
  -> [OK] AI Tashxisi: Normal
[Yuborilmoqda] Cow #4 | GPS: 44.1015, 59.3546
  -> [OK] AI Tashxisi: Ketoz / Acidosis
[Yuborilmoqda] Cow #5 | GPS: 44.0947, 59.3562
  -> [OK] AI Tashxisi: Normal
[Yuborilmoqda] Cow #6 | GPS: 44.1026, 59.3462
  -> [OK] AI Tashxisi: Normal
[Yuborilmoqda] Cow #7 | GPS: 44.0972, 59.3519
  -> [OK] AI Tashxisi: Mastit / Infeksiya
[Yuborilmoqda] Cow #8 | GPS: 44.1106, 59.3535
  -> [OK] AI Tashxisi: Normal
[Yuborilmoqda] Cow #9 | GPS: 44.0939, 59.3469
  -> [OK] AI Tashxisi: Normal
[Yuborilmoqda] Cow #10 | GPS: 44.094, 59.3457
  -> [OK] AI Tashxisi: Normal
[Yuborilmoqda] Cow #11 | GPS: 44.0934, 59.351
  -> [OK] AI Tashxisi: Normal
----------------------------------------
[Yuborilmoqda] Cow #1 | GPS: 44.0993, 59.3429
  -> [OK] AI Tashxisi: Normal
[Yuborilmoqda] Cow #2 | GPS: 44.1016, 59.3511
  -> [OK] AI Tashxisi: Normal
[Yuborilmoqda] Cow #3 | GPS: 44.0919, 59.3477
  -> [OK] AI Tashxisi: Normal
[Yuborilmoqda] Cow #4 | GPS: 44.1016, 59.3546
  -> [OK] AI Tashxisi: Ketoz / Acidosis
[Yuborilmoqda] Cow #5 | GPS: 44.0946, 59.3561
  -> [OK] AI Tashxisi: Normal
[Yuborilmoqda] Cow #6 | GPS: 44.1028, 59.3462
  -> [OK] AI Tashxisi: Normal
[Yuborilmoqda] Cow #7 | GPS: 44.0971, 59.3517
  -> [OK] AI Tashxisi: Mastit / Infeksiya
[Yuborilmoqda] Cow #8 | GPS: 44.1106, 59.3536
  -> [OK] AI Tashxisi: Normal
[Yuborilmoqda] Cow #9 | GPS: 44.0937, 59.3469
  -> [OK] AI Tashxisi: Normal
[Yuborilmoqda] Cow #10 | GPS: 44.0942, 59.3455
  -> [OK] AI Tashxisi: Mastit / Infeksiya
[Yuborilmoqda] Cow #11 | GPS: 44.0934, 59.3511
  -> [OK] AI Tashxisi: Normal
----------------------------------------
[Yuborilmoqda] Cow #1 | GPS: 44.0994, 59.3431
  -> [OK] AI Tashxisi: Normal
[Yuborilmoqda] Cow #2 | GPS: 44.1016, 59.351
  -> [OK] AI Tashxisi: Normal
[Yuborilmoqda] Cow #3 | GPS: 44.092, 59.3477
  -> [OK] AI Tashxisi: Normal
[Yuborilmoqda] Cow #4 | GPS: 44.1017, 59.3547
  -> [OK] AI Tashxisi: Ketoz / Acidosis
[Yuborilmoqda] Cow #5 | GPS: 44.0945, 59.3562
  -> [OK] AI Tashxisi: Normal
[Yuborilmoqda] Cow #6 | GPS: 44.1028, 59.3461
  -> [OK] AI Tashxisi: Normal
[Yuborilmoqda] Cow #7 | GPS: 44.0973, 59.3516
  -> [OK] AI Tashxisi: Mastit / Infeksiya
[Yuborilmoqda] Cow #8 | GPS: 44.1105, 59.3535
  -> [OK] AI Tashxisi: Normal
[Yuborilmoqda] Cow #9 | GPS: 44.0938, 59.3469
  -> [OK] AI Tashxisi: Normal
[Yuborilmoqda] Cow #10 | GPS: 44.0942, 59.3455
  -> [OK] AI Tashxisi: Normal
[Yuborilmoqda] Cow #11 | GPS: 44.0933, 59.351
  -> [OK] AI Tashxisi: Normal
----------------------------------------
[Yuborilmoqda] Cow #1 | GPS: 44.0993, 59.3433
  -> [OK] AI Tashxisi: Normal
[Yuborilmoqda] Cow #2 | GPS: 44.1016, 59.3511
  -> [OK] AI Tashxisi: Normal
[Yuborilmoqda] Cow #3 | GPS: 44.0919, 59.3477
  -> [OK] AI Tashxisi: Normal
[Yuborilmoqda] Cow #4 | GPS: 44.1015, 59.3545
  -> [OK] AI Tashxisi: Ketoz / Acidosis
[Yuborilmoqda] Cow #5 | GPS: 44.0946, 59.3563
  -> [OK] AI Tashxisi: Normal
[Yuborilmoqda] Cow #6 | GPS: 44.1027, 59.3459
  -> [OK] AI Tashxisi: Mastit / Infeksiya
[Yuborilmoqda] Cow #7 | GPS: 44.0974, 59.3516
  -> [OK] AI Tashxisi: Mastit / Infeksiya
[Yuborilmoqda] Cow #8 | GPS: 44.1105, 59.3534
  -> [OK] AI Tashxisi: Normal
[Yuborilmoqda] Cow #9 | GPS: 44.0938, 59.3467
  -> [OK] AI Tashxisi: Normal
[Yuborilmoqda] Cow #10 | GPS: 44.0943, 59.3454
  -> [OK] AI Tashxisi: Normal
[Yuborilmoqda] Cow #11 | GPS: 44.0932, 59.351
  -> [OK] AI Tashxisi: Normal
----------------------------------------
[Yuborilmoqda] Cow #1 | GPS: 44.0992, 59.3433
  -> [OK] AI Tashxisi: Normal
[Yuborilmoqda] Cow #2 | GPS: 44.1017, 59.3513
  -> [OK] AI Tashxisi: Normal
[Yuborilmoqda] Cow #3 | GPS: 44.0918, 59.3477
  -> [OK] AI Tashxisi: Normal
[Yuborilmoqda] Cow #4 | GPS: 44.1016, 59.3545
  -> [OK] AI Tashxisi: Ketoz / Acidosis
[Yuborilmoqda] Cow #5 | GPS: 44.0945, 59.3564
  -> [OK] AI Tashxisi: Normal
[Yuborilmoqda] Cow #6 | GPS: 44.1026, 59.3458
  -> [OK] AI Tashxisi: Normal
[Yuborilmoqda] Cow #7 | GPS: 44.0972, 59.3515
  -> [OK] AI Tashxisi: Mastit / Infeksiya
[Yuborilmoqda] Cow #8 | GPS: 44.1105, 59.3534
  -> [OK] AI Tashxisi: Normal
[Yuborilmoqda] Cow #9 | GPS: 44.0937, 59.3468
  -> [OK] AI Tashxisi: Normal
[Yuborilmoqda] Cow #10 | GPS: 44.0944, 59.3454
  -> [OK] AI Tashxisi: Normal
[Yuborilmoqda] Cow #11 | GPS: 44.0934, 59.3511
  -> [OK] AI Tashxisi: Normal
----------------------------------------
[Yuborilmoqda] Cow #1 | GPS: 44.099, 59.3432
  -> [OK] AI Tashxisi: Normal
[Yuborilmoqda] Cow #2 | GPS: 44.1015, 59.3512
  -> [OK] AI Tashxisi: Normal
[Yuborilmoqda] Cow #3 | GPS: 44.0919, 59.3478
  -> [OK] AI Tashxisi: Normal
[Yuborilmoqda] Cow #4 | GPS: 44.1016, 59.3547
  -> [OK] AI Tashxisi: Ketoz / Acidosis
[Yuborilmoqda] Cow #5 | GPS: 44.0943, 59.3565
  -> [OK] AI Tashxisi: Normal
[Yuborilmoqda] Cow #6 | GPS: 44.1027, 59.3458
  -> [OK] AI Tashxisi: Normal
[Yuborilmoqda] Cow #7 | GPS: 44.0971, 59.3514
  -> [OK] AI Tashxisi: Mastit / Infeksiya
[Yuborilmoqda] Cow #8 | GPS: 44.1106, 59.3535
  -> [OK] AI Tashxisi: Normal
[Yuborilmoqda] Cow #9 | GPS: 44.0938, 59.3466
  -> [OK] AI Tashxisi: Normal
[Yuborilmoqda] Cow #10 | GPS: 44.0945, 59.3455
  -> [OK] AI Tashxisi: Normal
[Yuborilmoqda] Cow #11 | GPS: 44.0932, 59.3513
  -> [OK] AI Tashxisi: Normal
----------------------------------------
[Yuborilmoqda] Cow #1 | GPS: 44.0991, 59.3434
  -> [OK] AI Tashxisi: Normal
[Yuborilmoqda] Cow #2 | GPS: 44.1014, 59.3511
  -> [OK] AI Tashxisi: Normal
[Yuborilmoqda] Cow #3 | GPS: 44.0921, 59.3479
  -> [OK] AI Tashxisi: Normal
[Yuborilmoqda] Cow #4 | GPS: 44.1018, 59.3546
  -> [OK] AI Tashxisi: Ketoz / Acidosis
[Yuborilmoqda] Cow #5 | GPS: 44.0943, 59.3565
  -> [OK] AI Tashxisi: Normal
[Yuborilmoqda] Cow #6 | GPS: 44.1026, 59.3458
  -> [OK] AI Tashxisi: Normal
[Yuborilmoqda] Cow #7 | GPS: 44.0971, 59.3513
  -> [OK] AI Tashxisi: Mastit / Infeksiya
[Yuborilmoqda] Cow #8 | GPS: 44.1108, 59.3534
  -> [OK] AI Tashxisi: Normal
[Yuborilmoqda] Cow #9 | GPS: 44.0938, 59.3468
  -> [OK] AI Tashxisi: Normal
[Yuborilmoqda] Cow #10 | GPS: 44.0945, 59.3455
  -> [OK] AI Tashxisi: Normal
[Yuborilmoqda] Cow #11 | GPS: 44.0933, 59.3512
  -> [OK] AI Tashxisi: Normal
----------------------------------------
[Yuborilmoqda] Cow #1 | GPS: 44.0992, 59.3434
  -> [OK] AI Tashxisi: Normal
[Yuborilmoqda] Cow #2 | GPS: 44.1015, 59.3511
  -> [OK] AI Tashxisi: Normal
[Yuborilmoqda] Cow #3 | GPS: 44.0921, 59.3479
  -> [OK] AI Tashxisi: Normal
[Yuborilmoqda] Cow #4 | GPS: 44.1019, 59.3547
  -> [OK] AI Tashxisi: Ketoz / Acidosis
[Yuborilmoqda] Cow #5 | GPS: 44.0945, 59.3566
  -> [OK] AI Tashxisi: Normal
[Yuborilmoqda] Cow #6 | GPS: 44.1025, 59.3459
  -> [OK] AI Tashxisi: Normal
[Yuborilmoqda] Cow #7 | GPS: 44.0972, 59.3512
  -> [OK] AI Tashxisi: Mastit / Infeksiya
[Yuborilmoqda] Cow #8 | GPS: 44.1109, 59.3534
  -> [OK] AI Tashxisi: Normal
[Yuborilmoqda] Cow #9 | GPS: 44.0937, 59.3468
  -> [OK] AI Tashxisi: Normal
[Yuborilmoqda] Cow #10 | GPS: 44.0944, 59.3454
  -> [OK] AI Tashxisi: Normal
[Yuborilmoqda] Cow #11 | GPS: 44.0933, 59.3512
  -> [OK] AI Tashxisi: Normal
----------------------------------------
[Yuborilmoqda] Cow #1 | GPS: 44.0992, 59.3433
  -> [OK] AI Tashxisi: Normal
[Yuborilmoqda] Cow #2 | GPS: 44.1016, 59.351
  -> [OK] AI Tashxisi: Normal
[Yuborilmoqda] Cow #3 | GPS: 44.092, 59.3478
  -> [OK] AI Tashxisi: Normal
[Yuborilmoqda] Cow #4 | GPS: 44.1019, 59.3546
  -> [OK] AI Tashxisi: Ketoz / Acidosis
[Yuborilmoqda] Cow #5 | GPS: 44.0946, 59.3565
  -> [OK] AI Tashxisi: Normal
[Yuborilmoqda] Cow #6 | GPS: 44.1024, 59.3458
  -> [OK] AI Tashxisi: Normal
[Yuborilmoqda] Cow #7 | GPS: 44.0972, 59.3512
  -> [OK] AI Tashxisi: Mastit / Infeksiya
[Yuborilmoqda] Cow #8 | GPS: 44.1108, 59.3535
  -> [OK] AI Tashxisi: Normal
[Yuborilmoqda] Cow #9 | GPS: 44.0936, 59.3469
  -> [OK] AI Tashxisi: Normal
[Yuborilmoqda] Cow #10 | GPS: 44.0944, 59.3456
  -> [OK] AI Tashxisi: Normal
[Yuborilmoqda] Cow #11 | GPS: 44.0931, 59.351
  -> [OK] AI Tashxisi: Normal
----------------------------------------
[Yuborilmoqda] Cow #1 | GPS: 44.0992, 59.3433
  -> [OK] AI Tashxisi: Normal
[Yuborilmoqda] Cow #2 | GPS: 44.1017, 59.3511
  -> [OK] AI Tashxisi: Normal
[Yuborilmoqda] Cow #3 | GPS: 44.092, 59.3479
  -> [OK] AI Tashxisi: Normal
[Yuborilmoqda] Cow #4 | GPS: 44.1019, 59.3547
  -> [OK] AI Tashxisi: Ketoz / Acidosis
[Yuborilmoqda] Cow #5 | GPS: 44.0948, 59.3567
  -> [OK] AI Tashxisi: Normal
[Yuborilmoqda] Cow #6 | GPS: 44.1024, 59.3459
  -> [OK] AI Tashxisi: Normal
[Yuborilmoqda] Cow #7 | GPS: 44.0972, 59.3513
  -> [OK] AI Tashxisi: Mastit / Infeksiya
[Yuborilmoqda] Cow #8 | GPS: 44.1107, 59.3535
  -> [OK] AI Tashxisi: Normal
[Yuborilmoqda] Cow #9 | GPS: 44.0934, 59.347
  -> [OK] AI Tashxisi: Normal
[Yuborilmoqda] Cow #10 | GPS: 44.0943, 59.3458
  -> [OK] AI Tashxisi: Normal
[Yuborilmoqda] Cow #11 | GPS: 44.0931, 59.3509
  -> [OK] AI Tashxisi: Normal
----------------------------------------
[Yuborilmoqda] Cow #1 | GPS: 44.0992, 59.3434
  -> [OK] AI Tashxisi: Normal
[Yuborilmoqda] Cow #2 | GPS: 44.1018, 59.3512
  -> [OK] AI Tashxisi: Normal
[Yuborilmoqda] Cow #3 | GPS: 44.092, 59.348
  -> [OK] AI Tashxisi: Normal
[Yuborilmoqda] Cow #4 | GPS: 44.1019, 59.3547
  -> [OK] AI Tashxisi: Ketoz / Acidosis
[Yuborilmoqda] Cow #5 | GPS: 44.0948, 59.3568
  -> [OK] AI Tashxisi: Normal
[Yuborilmoqda] Cow #6 | GPS: 44.1022, 59.3459
  -> [OK] AI Tashxisi: Normal
[Yuborilmoqda] Cow #7 | GPS: 44.0973, 59.3512
  -> [OK] AI Tashxisi: Mastit / Infeksiya
[Yuborilmoqda] Cow #8 | GPS: 44.1109, 59.3537
  -> [OK] AI Tashxisi: Normal
[Yuborilmoqda] Cow #9 | GPS: 44.0933, 59.347
  -> [OK] AI Tashxisi: Normal
[Yuborilmoqda] Cow #10 | GPS: 44.0942, 59.3459
  -> [OK] AI Tashxisi: Normal
[Yuborilmoqda] Cow #11 | GPS: 44.0929, 59.3507
  -> [OK] AI Tashxisi: Normal
----------------------------------------
[Yuborilmoqda] Cow #1 | GPS: 44.0991, 59.3435
  -> [OK] AI Tashxisi: Normal
[Yuborilmoqda] Cow #2 | GPS: 44.102, 59.3511
  -> [OK] AI Tashxisi: Normal
[Yuborilmoqda] Cow #3 | GPS: 44.092, 59.3478
  -> [OK] AI Tashxisi: Normal
[Yuborilmoqda] Cow #4 | GPS: 44.102, 59.3546
  -> [OK] AI Tashxisi: Ketoz / Acidosis
[Yuborilmoqda] Cow #5 | GPS: 44.0948, 59.3569
  -> [OK] AI Tashxisi: Normal
[Yuborilmoqda] Cow #6 | GPS: 44.102, 59.3461
  -> [OK] AI Tashxisi: Normal
[Yuborilmoqda] Cow #7 | GPS: 44.0972, 59.3512
  -> [OK] AI Tashxisi: Mastit / Infeksiya
[Yuborilmoqda] Cow #8 | GPS: 44.1108, 59.3537
  -> [OK] AI Tashxisi: Normal
[Yuborilmoqda] Cow #9 | GPS: 44.0933, 59.3471
  -> [OK] AI Tashxisi: Normal
[Yuborilmoqda] Cow #10 | GPS: 44.0942, 59.3458
  -> [OK] AI Tashxisi: Normal
[Yuborilmoqda] Cow #11 | GPS: 44.0928, 59.3509
  -> [OK] AI Tashxisi: Mastit / Infeksiya
----------------------------------------
[Yuborilmoqda] Cow #1 | GPS: 44.099, 59.3434
  -> [OK] AI Tashxisi: Normal
[Yuborilmoqda] Cow #2 | GPS: 44.1022, 59.3511
  -> [OK] AI Tashxisi: Normal
[Yuborilmoqda] Cow #3 | GPS: 44.0921, 59.3478
  -> [OK] AI Tashxisi: Mastit / Infeksiya
[Yuborilmoqda] Cow #4 | GPS: 44.102, 59.3548
  -> [OK] AI Tashxisi: Ketoz / Acidosis
[Yuborilmoqda] Cow #5 | GPS: 44.095, 59.3571
  -> [OK] AI Tashxisi: Normal
[Yuborilmoqda] Cow #6 | GPS: 44.102, 59.3462
  -> [OK] AI Tashxisi: Normal
[Yuborilmoqda] Cow #7 | GPS: 44.0972, 59.3513
  -> [OK] AI Tashxisi: Mastit / Infeksiya
[Yuborilmoqda] Cow #8 | GPS: 44.1106, 59.3538
  -> [OK] AI Tashxisi: Mastit / Infeksiya
[Yuborilmoqda] Cow #9 | GPS: 44.0933, 59.3473
  -> [OK] AI Tashxisi: Normal
[Yuborilmoqda] Cow #10 | GPS: 44.0944, 59.3458
  -> [OK] AI Tashxisi: Normal
[Yuborilmoqda] Cow #11 | GPS: 44.0929, 59.3508
  -> [OK] AI Tashxisi: Normal
----------------------------------------
[Yuborilmoqda] Cow #1 | GPS: 44.0989, 59.3434
  -> [OK] AI Tashxisi: Normal
[Yuborilmoqda] Cow #2 | GPS: 44.1021, 59.3512
  -> [OK] AI Tashxisi: Normal
[Yuborilmoqda] Cow #3 | GPS: 44.092, 59.3479
  -> [OK] AI Tashxisi: Normal
[Yuborilmoqda] Cow #4 | GPS: 44.1021, 59.3546
  -> [OK] AI Tashxisi: Ketoz / Acidosis
[Yuborilmoqda] Cow #5 | GPS: 44.0949, 59.3569
  -> [OK] AI Tashxisi: Normal
[Yuborilmoqda] Cow #6 | GPS: 44.102, 59.346
  -> [OK] AI Tashxisi: Normal
[Yuborilmoqda] Cow #7 | GPS: 44.0971, 59.3514
  -> [OK] AI Tashxisi: Mastit / Infeksiya
[Yuborilmoqda] Cow #8 | GPS: 44.1104, 59.3539
  -> [OK] AI Tashxisi: Normal
[Yuborilmoqda] Cow #9 | GPS: 44.0931, 59.3474
  -> [OK] AI Tashxisi: Normal
[Yuborilmoqda] Cow #10 | GPS: 44.0945, 59.3458
  -> [OK] AI Tashxisi: Normal
[Yuborilmoqda] Cow #11 | GPS: 44.0927, 59.3508
  -> [OK] AI Tashxisi: Normal
----------------------------------------
[Yuborilmoqda] Cow #1 | GPS: 44.0989, 59.3433
  -> [OK] AI Tashxisi: Normal
[Yuborilmoqda] Cow #2 | GPS: 44.1021, 59.3511
  -> [OK] AI Tashxisi: Normal
[Yuborilmoqda] Cow #3 | GPS: 44.0919, 59.348
  -> [OK] AI Tashxisi: Normal
[Yuborilmoqda] Cow #4 | GPS: 44.1023, 59.3546
  -> [OK] AI Tashxisi: Ketoz / Acidosis
[Yuborilmoqda] Cow #5 | GPS: 44.0949, 59.3569
  -> [OK] AI Tashxisi: Normal
[Yuborilmoqda] Cow #6 | GPS: 44.102, 59.3462
  -> [OK] AI Tashxisi: Normal
[Yuborilmoqda] Cow #7 | GPS: 44.0969, 59.3514
  -> [OK] AI Tashxisi: Mastit / Infeksiya
[Yuborilmoqda] Cow #8 | GPS: 44.1102, 59.3538
  -> [OK] AI Tashxisi: Normal
[Yuborilmoqda] Cow #9 | GPS: 44.0933, 59.3475
  -> [OK] AI Tashxisi: Normal
[Yuborilmoqda] Cow #10 | GPS: 44.0945, 59.3458
  -> [OK] AI Tashxisi: Normal
[Yuborilmoqda] Cow #11 | GPS: 44.0926, 59.351
  -> [OK] AI Tashxisi: Normal
----------------------------------------
[Yuborilmoqda] Cow #1 | GPS: 44.0989, 59.3433
  -> [OK] AI Tashxisi: Normal
[Yuborilmoqda] Cow #2 | GPS: 44.1019, 59.3509
  -> [OK] AI Tashxisi: Normal
[Yuborilmoqda] Cow #3 | GPS: 44.092, 59.3482
  -> [OK] AI Tashxisi: Mastit / Infeksiya
[Yuborilmoqda] Cow #4 | GPS: 44.1025, 59.3546
  -> [OK] AI Tashxisi: Ketoz / Acidosis
[Yuborilmoqda] Cow #5 | GPS: 44.0948, 59.3568
  -> [OK] AI Tashxisi: Normal
[Yuborilmoqda] Cow #6 | GPS: 44.1021, 59.3462
  -> [OK] AI Tashxisi: Normal
[Yuborilmoqda] Cow #7 | GPS: 44.097, 59.3514
  -> [OK] AI Tashxisi: Mastit / Infeksiya
[Yuborilmoqda] Cow #8 | GPS: 44.11, 59.3537
  -> [OK] AI Tashxisi: Normal
[Yuborilmoqda] Cow #9 | GPS: 44.0932, 59.3474
  -> [OK] AI Tashxisi: Normal
[Yuborilmoqda] Cow #10 | GPS: 44.0946, 59.3457
  -> [OK] AI Tashxisi: Normal
[Yuborilmoqda] Cow #11 | GPS: 44.0925, 59.351
  -> [OK] AI Tashxisi: Normal
----------------------------------------
[Yuborilmoqda] Cow #1 | GPS: 44.0989, 59.3432
  -> [OK] AI Tashxisi: Normal
[Yuborilmoqda] Cow #2 | GPS: 44.1019, 59.3508
  -> [OK] AI Tashxisi: Normal
[Yuborilmoqda] Cow #3 | GPS: 44.0921, 59.3481
  -> [OK] AI Tashxisi: Normal
[Yuborilmoqda] Cow #4 | GPS: 44.1026, 59.3544
  -> [OK] AI Tashxisi: Ketoz / Acidosis
[Yuborilmoqda] Cow #5 | GPS: 44.0948, 59.3568
  -> [OK] AI Tashxisi: Normal
[Yuborilmoqda] Cow #6 | GPS: 44.1019, 59.3464
  -> [OK] AI Tashxisi: Normal
[Yuborilmoqda] Cow #7 | GPS: 44.0971, 59.3515
  -> [OK] AI Tashxisi: Mastit / Infeksiya
[Yuborilmoqda] Cow #8 | GPS: 44.1098, 59.3538
  -> [OK] AI Tashxisi: Mastit / Infeksiya
[Yuborilmoqda] Cow #9 | GPS: 44.0933, 59.3475
  -> [OK] AI Tashxisi: Normal
[Yuborilmoqda] Cow #10 | GPS: 44.0947, 59.3455
  -> [OK] AI Tashxisi: Normal
[Yuborilmoqda] Cow #11 | GPS: 44.0924, 59.3511
  -> [OK] AI Tashxisi: Normal
----------------------------------------
[Yuborilmoqda] Cow #1 | GPS: 44.0988, 59.343
  -> [OK] AI Tashxisi: Normal
[Yuborilmoqda] Cow #2 | GPS: 44.1019, 59.3507
  -> [OK] AI Tashxisi: Normal
[Yuborilmoqda] Cow #3 | GPS: 44.0922, 59.348
  -> [OK] AI Tashxisi: Normal
[Yuborilmoqda] Cow #4 | GPS: 44.1028, 59.3544
  -> [OK] AI Tashxisi: Ketoz / Acidosis
[Yuborilmoqda] Cow #5 | GPS: 44.0948, 59.357
  -> [OK] AI Tashxisi: Normal
[Yuborilmoqda] Cow #6 | GPS: 44.102, 59.3465
  -> [OK] AI Tashxisi: Normal
[Yuborilmoqda] Cow #7 | GPS: 44.097, 59.3517
  -> [OK] AI Tashxisi: Mastit / Infeksiya
[Yuborilmoqda] Cow #8 | GPS: 44.1098, 59.3539
  -> [OK] AI Tashxisi: Normal
[Yuborilmoqda] Cow #9 | GPS: 44.0933, 59.3474
  -> [OK] AI Tashxisi: Normal
[Yuborilmoqda] Cow #10 | GPS: 44.0948, 59.3455
  -> [OK] AI Tashxisi: Normal
[Yuborilmoqda] Cow #11 | GPS: 44.0925, 59.351
  -> [OK] AI Tashxisi: Normal
----------------------------------------
[Yuborilmoqda] Cow #1 | GPS: 44.0988, 59.343
  -> [OK] AI Tashxisi: Normal
[Yuborilmoqda] Cow #2 | GPS: 44.1018, 59.3507
  -> [OK] AI Tashxisi: Normal
[Yuborilmoqda] Cow #3 | GPS: 44.092, 59.3478
  -> [OK] AI Tashxisi: Normal
[Yuborilmoqda] Cow #4 | GPS: 44.103, 59.3544
  -> [OK] AI Tashxisi: Ketoz / Acidosis
[Yuborilmoqda] Cow #5 | GPS: 44.0949, 59.3571
  -> [OK] AI Tashxisi: Mastit / Infeksiya
[Yuborilmoqda] Cow #6 | GPS: 44.102, 59.3465
  -> [OK] AI Tashxisi: Normal
[Yuborilmoqda] Cow #7 | GPS: 44.0971, 59.3518
  -> [OK] AI Tashxisi: Mastit / Infeksiya
[Yuborilmoqda] Cow #8 | GPS: 44.1097, 59.3537
  -> [OK] AI Tashxisi: Normal
[Yuborilmoqda] Cow #9 | GPS: 44.0932, 59.3472
  -> [OK] AI Tashxisi: Normal
[Yuborilmoqda] Cow #10 | GPS: 44.0947, 59.3456
  -> [OK] AI Tashxisi: Normal
[Yuborilmoqda] Cow #11 | GPS: 44.0925, 59.3509
  -> [OK] AI Tashxisi: Mastit / Infeksiya
----------------------------------------
[Yuborilmoqda] Cow #1 | GPS: 44.0988, 59.3431
  -> [OK] AI Tashxisi: Normal
[Yuborilmoqda] Cow #2 | GPS: 44.1017, 59.3508
  -> [OK] AI Tashxisi: Normal
[Yuborilmoqda] Cow #3 | GPS: 44.0919, 59.3479
  -> [OK] AI Tashxisi: Normal
[Yuborilmoqda] Cow #4 | GPS: 44.1029, 59.3542
  -> [OK] AI Tashxisi: Ketoz / Acidosis
[Yuborilmoqda] Cow #5 | GPS: 44.0948, 59.3572
  -> [OK] AI Tashxisi: Normal
[Yuborilmoqda] Cow #6 | GPS: 44.1019, 59.3467
  -> [OK] AI Tashxisi: Normal
[Yuborilmoqda] Cow #7 | GPS: 44.0972, 59.3518
  -> [OK] AI Tashxisi: Mastit / Infeksiya
[Yuborilmoqda] Cow #8 | GPS: 44.1099, 59.3535
  -> [OK] AI Tashxisi: Normal
[Yuborilmoqda] Cow #9 | GPS: 44.0932, 59.3474
  -> [OK] AI Tashxisi: Normal
[Yuborilmoqda] Cow #10 | GPS: 44.0946, 59.3454
  -> [OK] AI Tashxisi: Normal
[Yuborilmoqda] Cow #11 | GPS: 44.0926, 59.3508
  -> [OK] AI Tashxisi: Normal
----------------------------------------
[Yuborilmoqda] Cow #1 | GPS: 44.099, 59.3432
  -> [OK] AI Tashxisi: Normal
[Yuborilmoqda] Cow #2 | GPS: 44.1016, 59.3507
  -> [OK] AI Tashxisi: Normal
[Yuborilmoqda] Cow #3 | GPS: 44.0918, 59.3478
  -> [OK] AI Tashxisi: Normal
[Yuborilmoqda] Cow #4 | GPS: 44.103, 59.3543
  -> [OK] AI Tashxisi: Ketoz / Acidosis
[Yuborilmoqda] Cow #5 | GPS: 44.0948, 59.3571
  -> [OK] AI Tashxisi: Normal
[Yuborilmoqda] Cow #6 | GPS: 44.102, 59.3467
  -> [OK] AI Tashxisi: Normal
[Yuborilmoqda] Cow #7 | GPS: 44.0972, 59.3518
  -> [OK] AI Tashxisi: Mastit / Infeksiya
[Yuborilmoqda] Cow #8 | GPS: 44.1099, 59.3536
  -> [OK] AI Tashxisi: Normal
[Yuborilmoqda] Cow #9 | GPS: 44.0933, 59.3474
  -> [OK] AI Tashxisi: Normal
[Yuborilmoqda] Cow #10 | GPS: 44.0944, 59.3454
  -> [OK] AI Tashxisi: Normal
[Yuborilmoqda] Cow #11 | GPS: 44.0927, 59.3509
  -> [OK] AI Tashxisi: Normal
----------------------------------------
[Yuborilmoqda] Cow #1 | GPS: 44.0988, 59.3434
  -> [OK] AI Tashxisi: Normal
[Yuborilmoqda] Cow #2 | GPS: 44.1017, 59.3509
  -> [OK] AI Tashxisi: Normal
[Yuborilmoqda] Cow #3 | GPS: 44.0917, 59.3476
  -> [OK] AI Tashxisi: Normal
[Yuborilmoqda] Cow #4 | GPS: 44.1029, 59.3542
  -> [OK] AI Tashxisi: Ketoz / Acidosis
[Yuborilmoqda] Cow #5 | GPS: 44.0947, 59.3571
  -> [OK] AI Tashxisi: Normal
[Yuborilmoqda] Cow #6 | GPS: 44.1019, 59.3467
  -> [OK] AI Tashxisi: Normal
[Yuborilmoqda] Cow #7 | GPS: 44.097, 59.3516
  -> [OK] AI Tashxisi: Mastit / Infeksiya
[Yuborilmoqda] Cow #8 | GPS: 44.1097, 59.3535
  -> [OK] AI Tashxisi: Normal
[Yuborilmoqda] Cow #9 | GPS: 44.0934, 59.3474
  -> [OK] AI Tashxisi: Normal
[Yuborilmoqda] Cow #10 | GPS: 44.0942, 59.3454
  -> [OK] AI Tashxisi: Normal
[Yuborilmoqda] Cow #11 | GPS: 44.0925, 59.351
  -> [OK] AI Tashxisi: Normal
----------------------------------------
[Yuborilmoqda] Cow #1 | GPS: 44.0989, 59.3436
  -> [OK] AI Tashxisi: Normal
[Yuborilmoqda] Cow #2 | GPS: 44.1018, 59.351
  -> [OK] AI Tashxisi: Normal
[Yuborilmoqda] Cow #3 | GPS: 44.0917, 59.3477
  -> [OK] AI Tashxisi: Normal
[Yuborilmoqda] Cow #4 | GPS: 44.103, 59.3541
  -> [OK] AI Tashxisi: Ketoz / Acidosis
[Yuborilmoqda] Cow #5 | GPS: 44.0946, 59.3571
  -> [OK] AI Tashxisi: Normal
[Yuborilmoqda] Cow #6 | GPS: 44.1019, 59.3469
  -> [OK] AI Tashxisi: Normal
[Yuborilmoqda] Cow #7 | GPS: 44.0971, 59.3514
  -> [OK] AI Tashxisi: Mastit / Infeksiya
[Yuborilmoqda] Cow #8 | GPS: 44.1096, 59.3536
  -> [OK] AI Tashxisi: Normal
[Yuborilmoqda] Cow #9 | GPS: 44.0933, 59.3476
  -> [OK] AI Tashxisi: Normal
[Yuborilmoqda] Cow #10 | GPS: 44.0942, 59.3453
  -> [OK] AI Tashxisi: Normal
[Yuborilmoqda] Cow #11 | GPS: 44.0925, 59.351
  -> [OK] AI Tashxisi: Normal
----------------------------------------
[Yuborilmoqda] Cow #1 | GPS: 44.0989, 59.3437
  -> [OK] AI Tashxisi: Normal
[Yuborilmoqda] Cow #2 | GPS: 44.1017, 59.351
  -> [OK] AI Tashxisi: Normal
[Yuborilmoqda] Cow #3 | GPS: 44.0917, 59.3476
  -> [OK] AI Tashxisi: Normal
[Yuborilmoqda] Cow #4 | GPS: 44.1031, 59.3542
  -> [OK] AI Tashxisi: Ketoz / Acidosis
[Yuborilmoqda] Cow #5 | GPS: 44.0945, 59.3573
  -> [OK] AI Tashxisi: Normal
[Yuborilmoqda] Cow #6 | GPS: 44.1018, 59.347
  -> [OK] AI Tashxisi: Normal
[Yuborilmoqda] Cow #7 | GPS: 44.097, 59.3513
  -> [OK] AI Tashxisi: Mastit / Infeksiya
[Yuborilmoqda] Cow #8 | GPS: 44.1094, 59.3538
  -> [OK] AI Tashxisi: Normal
[Yuborilmoqda] Cow #9 | GPS: 44.0931, 59.3474
  -> [OK] AI Tashxisi: Normal
[Yuborilmoqda] Cow #10 | GPS: 44.0944, 59.3452
  -> [OK] AI Tashxisi: Normal
[Yuborilmoqda] Cow #11 | GPS: 44.0924, 59.351
  -> [OK] AI Tashxisi: Normal
----------------------------------------
[Yuborilmoqda] Cow #1 | GPS: 44.0991, 59.3436
  -> [OK] AI Tashxisi: Normal
[Yuborilmoqda] Cow #2 | GPS: 44.1016, 59.3511
  -> [OK] AI Tashxisi: Normal
[Yuborilmoqda] Cow #3 | GPS: 44.0916, 59.3478
  -> [OK] AI Tashxisi: Normal
[Yuborilmoqda] Cow #4 | GPS: 44.1031, 59.3542
  -> [OK] AI Tashxisi: Ketoz / Acidosis
[Yuborilmoqda] Cow #5 | GPS: 44.0944, 59.3575
  -> [OK] AI Tashxisi: Normal
[Yuborilmoqda] Cow #6 | GPS: 44.1019, 59.3468
  -> [OK] AI Tashxisi: Normal
[Yuborilmoqda] Cow #7 | GPS: 44.0968, 59.3512
  -> [OK] AI Tashxisi: Mastit / Infeksiya
[Yuborilmoqda] Cow #8 | GPS: 44.1095, 59.3537
  -> [OK] AI Tashxisi: Normal
[Yuborilmoqda] Cow #9 | GPS: 44.093, 59.3475
  -> [OK] AI Tashxisi: Normal
[Yuborilmoqda] Cow #10 | GPS: 44.0943, 59.3453
  -> [OK] AI Tashxisi: Normal
[Yuborilmoqda] Cow #11 | GPS: 44.0923, 59.3508
  -> [OK] AI Tashxisi: Normal
----------------------------------------
[Yuborilmoqda] Cow #1 | GPS: 44.0993, 59.3436
  -> [OK] AI Tashxisi: Normal
[Yuborilmoqda] Cow #2 | GPS: 44.1017, 59.3511
  -> [OK] AI Tashxisi: Normal
[Yuborilmoqda] Cow #3 | GPS: 44.0915, 59.3479
  -> [OK] AI Tashxisi: Normal
[Yuborilmoqda] Cow #4 | GPS: 44.1031, 59.3543
  -> [OK] AI Tashxisi: Ketoz / Acidosis
[Yuborilmoqda] Cow #5 | GPS: 44.0945, 59.3575
  -> [OK] AI Tashxisi: Normal
[Yuborilmoqda] Cow #6 | GPS: 44.1018, 59.3467
  -> [OK] AI Tashxisi: Normal
[Yuborilmoqda] Cow #7 | GPS: 44.0969, 59.3513
  -> [OK] AI Tashxisi: Mastit / Infeksiya
[Yuborilmoqda] Cow #8 | GPS: 44.1095, 59.3538
  -> [OK] AI Tashxisi: Normal
[Yuborilmoqda] Cow #9 | GPS: 44.0931, 59.3473
  -> [OK] AI Tashxisi: Normal
[Yuborilmoqda] Cow #10 | GPS: 44.0941, 59.3451
  -> [OK] AI Tashxisi: Normal
[Yuborilmoqda] Cow #11 | GPS: 44.0923, 59.3509
  -> [OK] AI Tashxisi: Normal
----------------------------------------
[Yuborilmoqda] Cow #1 | GPS: 44.0993, 59.3436
  -> [OK] AI Tashxisi: Normal
[Yuborilmoqda] Cow #2 | GPS: 44.1017, 59.3511
  -> [OK] AI Tashxisi: Normal
[Yuborilmoqda] Cow #3 | GPS: 44.0913, 59.3477
  -> [OK] AI Tashxisi: Normal
[Yuborilmoqda] Cow #4 | GPS: 44.103, 59.3543
  -> [OK] AI Tashxisi: Ketoz / Acidosis
[Yuborilmoqda] Cow #5 | GPS: 44.0944, 59.3573
  -> [OK] AI Tashxisi: Mastit / Infeksiya
[Yuborilmoqda] Cow #6 | GPS: 44.1019, 59.3469
  -> [OK] AI Tashxisi: Normal
[Yuborilmoqda] Cow #7 | GPS: 44.0967, 59.3512
  -> [OK] AI Tashxisi: Mastit / Infeksiya
[Yuborilmoqda] Cow #8 | GPS: 44.1096, 59.3537
  -> [OK] AI Tashxisi: Normal
[Yuborilmoqda] Cow #9 | GPS: 44.0931, 59.3472
  -> [OK] AI Tashxisi: Normal
[Yuborilmoqda] Cow #10 | GPS: 44.0941, 59.3451
  -> [OK] AI Tashxisi: Normal
[Yuborilmoqda] Cow #11 | GPS: 44.0925, 59.351
  -> [OK] AI Tashxisi: Normal
----------------------------------------
[Yuborilmoqda] Cow #1 | GPS: 44.0994, 59.3436
  -> [OK] AI Tashxisi: Mastit / Infeksiya
[Yuborilmoqda] Cow #2 | GPS: 44.1018, 59.3511
  -> [OK] AI Tashxisi: Normal
[Yuborilmoqda] Cow #3 | GPS: 44.0912, 59.3477
  -> [OK] AI Tashxisi: Normal
[Yuborilmoqda] Cow #4 | GPS: 44.103, 59.3544
  -> [OK] AI Tashxisi: Ketoz / Acidosis
[Yuborilmoqda] Cow #5 | GPS: 44.0943, 59.3573
  -> [OK] AI Tashxisi: Normal
[Yuborilmoqda] Cow #6 | GPS: 44.1019, 59.3471
  -> [OK] AI Tashxisi: Normal
[Yuborilmoqda] Cow #7 | GPS: 44.0967, 59.351
  -> [OK] AI Tashxisi: Mastit / Infeksiya
[Yuborilmoqda] Cow #8 | GPS: 44.1096, 59.3537
  -> [OK] AI Tashxisi: Normal
[Yuborilmoqda] Cow #9 | GPS: 44.0932, 59.3473
  -> [OK] AI Tashxisi: Normal
[Yuborilmoqda] Cow #10 | GPS: 44.0941, 59.3449
  -> [OK] AI Tashxisi: Normal
[Yuborilmoqda] Cow #11 | GPS: 44.0923, 59.351
  -> [OK] AI Tashxisi: Mastit / Infeksiya
----------------------------------------
[Yuborilmoqda] Cow #1 | GPS: 44.0993, 59.3436
  -> [OK] AI Tashxisi: Normal
[Yuborilmoqda] Cow #2 | GPS: 44.1019, 59.3511
  -> [OK] AI Tashxisi: Normal
[Yuborilmoqda] Cow #3 | GPS: 44.0913, 59.3479
  -> [OK] AI Tashxisi: Normal
[Yuborilmoqda] Cow #4 | GPS: 44.103, 59.3542
  -> [OK] AI Tashxisi: Ketoz / Acidosis
[Yuborilmoqda] Cow #5 | GPS: 44.0942, 59.3572
  -> [OK] AI Tashxisi: Normal
[Yuborilmoqda] Cow #6 | GPS: 44.1021, 59.3472
  -> [OK] AI Tashxisi: Normal
[Yuborilmoqda] Cow #7 | GPS: 44.0966, 59.3509
  -> [OK] AI Tashxisi: Mastit / Infeksiya
[Yuborilmoqda] Cow #8 | GPS: 44.1095, 59.3536
  -> [OK] AI Tashxisi: Normal
[Yuborilmoqda] Cow #9 | GPS: 44.0934, 59.3474
  -> [OK] AI Tashxisi: Normal
[Yuborilmoqda] Cow #10 | GPS: 44.094, 59.3449
  -> [OK] AI Tashxisi: Normal
[Yuborilmoqda] Cow #11 | GPS: 44.0923, 59.3509
  -> [OK] AI Tashxisi: Normal
----------------------------------------
[Yuborilmoqda] Cow #1 | GPS: 44.0991, 59.3437
  -> [OK] AI Tashxisi: Normal
[Yuborilmoqda] Cow #2 | GPS: 44.1021, 59.351
  -> [OK] AI Tashxisi: Normal
[Yuborilmoqda] Cow #3 | GPS: 44.0913, 59.3478
  -> [OK] AI Tashxisi: Normal
[Yuborilmoqda] Cow #4 | GPS: 44.1028, 59.3542
  -> [OK] AI Tashxisi: Ketoz / Acidosis
[Yuborilmoqda] Cow #5 | GPS: 44.0942, 59.3573
  -> [OK] AI Tashxisi: Normal
[Yuborilmoqda] Cow #6 | GPS: 44.102, 59.3474
  -> [OK] AI Tashxisi: Normal
[Yuborilmoqda] Cow #7 | GPS: 44.0967, 59.3511
  -> [OK] AI Tashxisi: Mastit / Infeksiya
[Yuborilmoqda] Cow #8 | GPS: 44.1094, 59.3537
  -> [OK] AI Tashxisi: Normal
[Yuborilmoqda] Cow #9 | GPS: 44.0936, 59.3473
  -> [OK] AI Tashxisi: Normal
[Yuborilmoqda] Cow #10 | GPS: 44.094, 59.345
  -> [OK] AI Tashxisi: Normal
[Yuborilmoqda] Cow #11 | GPS: 44.0925, 59.351
  -> [OK] AI Tashxisi: Normal
----------------------------------------
[Yuborilmoqda] Cow #1 | GPS: 44.0993, 59.3436
  -> [OK] AI Tashxisi: Normal
[Yuborilmoqda] Cow #2 | GPS: 44.1023, 59.3509
  -> [OK] AI Tashxisi: Normal
[Yuborilmoqda] Cow #3 | GPS: 44.0914, 59.3479
  -> [OK] AI Tashxisi: Normal
[Yuborilmoqda] Cow #4 | GPS: 44.1028, 59.3541
  -> [OK] AI Tashxisi: Ketoz / Acidosis
[Yuborilmoqda] Cow #5 | GPS: 44.0944, 59.3572
  -> [OK] AI Tashxisi: Mastit / Infeksiya
[Yuborilmoqda] Cow #6 | GPS: 44.1019, 59.3474
  -> [OK] AI Tashxisi: Normal
[Yuborilmoqda] Cow #7 | GPS: 44.0965, 59.3513
  -> [OK] AI Tashxisi: Mastit / Infeksiya
[Yuborilmoqda] Cow #8 | GPS: 44.1092, 59.3536
  -> [OK] AI Tashxisi: Normal
[Yuborilmoqda] Cow #9 | GPS: 44.0937, 59.3475
  -> [OK] AI Tashxisi: Normal
[Yuborilmoqda] Cow #10 | GPS: 44.0942, 59.3451
  -> [OK] AI Tashxisi: Normal
[Yuborilmoqda] Cow #11 | GPS: 44.0924, 59.351
  -> [OK] AI Tashxisi: Normal
----------------------------------------
[Yuborilmoqda] Cow #1 | GPS: 44.0992, 59.3438
  -> [OK] AI Tashxisi: Normal
[Yuborilmoqda] Cow #2 | GPS: 44.1024, 59.3511
  -> [OK] AI Tashxisi: Normal
[Yuborilmoqda] Cow #3 | GPS: 44.0915, 59.3478
  -> [OK] AI Tashxisi: Normal
[Yuborilmoqda] Cow #4 | GPS: 44.1027, 59.3543
  -> [OK] AI Tashxisi: Ketoz / Acidosis
[Yuborilmoqda] Cow #5 | GPS: 44.0944, 59.3572
  -> [OK] AI Tashxisi: Normal
[Yuborilmoqda] Cow #6 | GPS: 44.1021, 59.3474
  -> [OK] AI Tashxisi: Normal
[Yuborilmoqda] Cow #7 | GPS: 44.0965, 59.3512
  -> [OK] AI Tashxisi: Mastit / Infeksiya
[Yuborilmoqda] Cow #8 | GPS: 44.1093, 59.3535
  -> [OK] AI Tashxisi: Normal
[Yuborilmoqda] Cow #9 | GPS: 44.0936, 59.3474
  -> [OK] AI Tashxisi: Normal
[Yuborilmoqda] Cow #10 | GPS: 44.0941, 59.3449
  -> [OK] AI Tashxisi: Normal
[Yuborilmoqda] Cow #11 | GPS: 44.0924, 59.3511
  -> [OK] AI Tashxisi: Normal
----------------------------------------
[Yuborilmoqda] Cow #1 | GPS: 44.0992, 59.3438
  -> [OK] AI Tashxisi: Normal
[Yuborilmoqda] Cow #2 | GPS: 44.1023, 59.3512
  -> [OK] AI Tashxisi: Normal
[Yuborilmoqda] Cow #3 | GPS: 44.0915, 59.3477
  -> [OK] AI Tashxisi: Normal
[Yuborilmoqda] Cow #4 | GPS: 44.1026, 59.3544
  -> [OK] AI Tashxisi: Ketoz / Acidosis
[Yuborilmoqda] Cow #5 | GPS: 44.0944, 59.3571
  -> [OK] AI Tashxisi: Normal
[Yuborilmoqda] Cow #6 | GPS: 44.1022, 59.3473
  -> [OK] AI Tashxisi: Normal
[Yuborilmoqda] Cow #7 | GPS: 44.0963, 59.351
  -> [OK] AI Tashxisi: Mastit / Infeksiya
[Yuborilmoqda] Cow #8 | GPS: 44.1094, 59.3536
  -> [OK] AI Tashxisi: Normal
[Yuborilmoqda] Cow #9 | GPS: 44.0937, 59.3475
  -> [OK] AI Tashxisi: Normal
[Yuborilmoqda] Cow #10 | GPS: 44.094, 59.3448
  -> [OK] AI Tashxisi: Normal
[Yuborilmoqda] Cow #11 | GPS: 44.0926, 59.3511
  -> [OK] AI Tashxisi: Normal
----------------------------------------
[Yuborilmoqda] Cow #1 | GPS: 44.0991, 59.3439
  -> [OK] AI Tashxisi: Normal
[Yuborilmoqda] Cow #2 | GPS: 44.1025, 59.3512
  -> [OK] AI Tashxisi: Normal
[Yuborilmoqda] Cow #3 | GPS: 44.0917, 59.3478
  -> [OK] AI Tashxisi: Normal
[Yuborilmoqda] Cow #4 | GPS: 44.1025, 59.3546
  -> [OK] AI Tashxisi: Ketoz / Acidosis
[Yuborilmoqda] Cow #5 | GPS: 44.0944, 59.3573
  -> [OK] AI Tashxisi: Normal
[Yuborilmoqda] Cow #6 | GPS: 44.1024, 59.3473
  -> [OK] AI Tashxisi: Normal
[Yuborilmoqda] Cow #7 | GPS: 44.0962, 59.3511
  -> [OK] AI Tashxisi: Mastit / Infeksiya
[Yuborilmoqda] Cow #8 | GPS: 44.1095, 59.3534
  -> [OK] AI Tashxisi: Normal
[Yuborilmoqda] Cow #9 | GPS: 44.0936, 59.3476
  -> [OK] AI Tashxisi: Normal
[Yuborilmoqda] Cow #10 | GPS: 44.0942, 59.3449
  -> [OK] AI Tashxisi: Normal
[Yuborilmoqda] Cow #11 | GPS: 44.0924, 59.3513
  -> [OK] AI Tashxisi: Normal
----------------------------------------
[Yuborilmoqda] Cow #1 | GPS: 44.0991, 59.3439
  -> [OK] AI Tashxisi: Normal
[Yuborilmoqda] Cow #2 | GPS: 44.1026, 59.351
  -> [OK] AI Tashxisi: Normal
[Yuborilmoqda] Cow #3 | GPS: 44.0915, 59.3477
  -> [OK] AI Tashxisi: Normal
[Yuborilmoqda] Cow #4 | GPS: 44.1026, 59.3546
  -> [OK] AI Tashxisi: Ketoz / Acidosis
[Yuborilmoqda] Cow #5 | GPS: 44.0942, 59.3572
  -> [OK] AI Tashxisi: Normal
[Yuborilmoqda] Cow #6 | GPS: 44.1026, 59.3475
  -> [OK] AI Tashxisi: Normal
[Yuborilmoqda] Cow #7 | GPS: 44.0963, 59.3513
  -> [OK] AI Tashxisi: Mastit / Infeksiya
[Yuborilmoqda] Cow #8 | GPS: 44.1097, 59.3533
  -> [OK] AI Tashxisi: Normal
[Yuborilmoqda] Cow #9 | GPS: 44.0937, 59.3474
  -> [OK] AI Tashxisi: Normal
[Yuborilmoqda] Cow #10 | GPS: 44.0942, 59.3449
  -> [OK] AI Tashxisi: Normal
[Yuborilmoqda] Cow #11 | GPS: 44.0923, 59.3511
  -> [OK] AI Tashxisi: Normal
----------------------------------------
[Yuborilmoqda] Cow #1 | GPS: 44.0992, 59.344
  -> [OK] AI Tashxisi: Normal
[Yuborilmoqda] Cow #2 | GPS: 44.1025, 59.3511
  -> [OK] AI Tashxisi: Normal
[Yuborilmoqda] Cow #3 | GPS: 44.0917, 59.3479
  -> [OK] AI Tashxisi: Normal
[Yuborilmoqda] Cow #4 | GPS: 44.1026, 59.3544
  -> [OK] AI Tashxisi: Ketoz / Acidosis
[Yuborilmoqda] Cow #5 | GPS: 44.0943, 59.3571
  -> [OK] AI Tashxisi: Normal
[Yuborilmoqda] Cow #6 | GPS: 44.1026, 59.3476
  -> [OK] AI Tashxisi: Normal
[Yuborilmoqda] Cow #7 | GPS: 44.0964, 59.3513
  -> [OK] AI Tashxisi: Mastit / Infeksiya
[Yuborilmoqda] Cow #8 | GPS: 44.1098, 59.3535
  -> [OK] AI Tashxisi: Normal
[Yuborilmoqda] Cow #9 | GPS: 44.0937, 59.3476
  -> [OK] AI Tashxisi: Normal
[Yuborilmoqda] Cow #10 | GPS: 44.0942, 59.345
  -> [OK] AI Tashxisi: Normal
[Yuborilmoqda] Cow #11 | GPS: 44.0922, 59.3513
  -> [OK] AI Tashxisi: Normal
----------------------------------------
[Yuborilmoqda] Cow #1 | GPS: 44.0991, 59.3439
  -> [OK] AI Tashxisi: Normal
[Yuborilmoqda] Cow #2 | GPS: 44.1023, 59.3511
  -> [OK] AI Tashxisi: Normal
[Yuborilmoqda] Cow #3 | GPS: 44.0916, 59.348
  -> [OK] AI Tashxisi: Normal
[Yuborilmoqda] Cow #4 | GPS: 44.1027, 59.3545
  -> [OK] AI Tashxisi: Ketoz / Acidosis
[Yuborilmoqda] Cow #5 | GPS: 44.0942, 59.3573
  -> [OK] AI Tashxisi: Normal
[Yuborilmoqda] Cow #6 | GPS: 44.1025, 59.3477
  -> [OK] AI Tashxisi: Normal
[Yuborilmoqda] Cow #7 | GPS: 44.0964, 59.3513
  -> [OK] AI Tashxisi: Mastit / Infeksiya
[Yuborilmoqda] Cow #8 | GPS: 44.1097, 59.3534
  -> [OK] AI Tashxisi: Normal
[Yuborilmoqda] Cow #9 | GPS: 44.0935, 59.3477
  -> [OK] AI Tashxisi: Normal
[Yuborilmoqda] Cow #10 | GPS: 44.0943, 59.3448
  -> [OK] AI Tashxisi: Normal
[Yuborilmoqda] Cow #11 | GPS: 44.0921, 59.3513
  -> [OK] AI Tashxisi: Normal
----------------------------------------
[Yuborilmoqda] Cow #1 | GPS: 44.0989, 59.3438
  -> [OK] AI Tashxisi: Normal
[Yuborilmoqda] Cow #2 | GPS: 44.1024, 59.3513
  -> [OK] AI Tashxisi: Normal
[Yuborilmoqda] Cow #3 | GPS: 44.0917, 59.3481
  -> [OK] AI Tashxisi: Normal
[Yuborilmoqda] Cow #4 | GPS: 44.1027, 59.3544
  -> [OK] AI Tashxisi: Ketoz / Acidosis
[Yuborilmoqda] Cow #5 | GPS: 44.0943, 59.3571
  -> [OK] AI Tashxisi: Normal
[Yuborilmoqda] Cow #6 | GPS: 44.1025, 59.3477
  -> [OK] AI Tashxisi: Normal
[Yuborilmoqda] Cow #7 | GPS: 44.0966, 59.3511
  -> [OK] AI Tashxisi: Mastit / Infeksiya
[Yuborilmoqda] Cow #8 | GPS: 44.1095, 59.3535
  -> [OK] AI Tashxisi: Normal
[Yuborilmoqda] Cow #9 | GPS: 44.0933, 59.3477
  -> [OK] AI Tashxisi: Mastit / Infeksiya
[Yuborilmoqda] Cow #10 | GPS: 44.0943, 59.3447
  -> [OK] AI Tashxisi: Normal
[Yuborilmoqda] Cow #11 | GPS: 44.092, 59.3512
  -> [OK] AI Tashxisi: Normal
----------------------------------------
[Yuborilmoqda] Cow #1 | GPS: 44.099, 59.3437
  -> [OK] AI Tashxisi: Normal
[Yuborilmoqda] Cow #2 | GPS: 44.1023, 59.3512
  -> [OK] AI Tashxisi: Normal
[Yuborilmoqda] Cow #3 | GPS: 44.0915, 59.348
  -> [OK] AI Tashxisi: Normal
[Yuborilmoqda] Cow #4 | GPS: 44.1028, 59.3545
  -> [OK] AI Tashxisi: Ketoz / Acidosis
[Yuborilmoqda] Cow #5 | GPS: 44.0945, 59.3569
  -> [OK] AI Tashxisi: Normal
[Yuborilmoqda] Cow #6 | GPS: 44.1025, 59.3476
  -> [OK] AI Tashxisi: Normal
[Yuborilmoqda] Cow #7 | GPS: 44.0966, 59.3509
  -> [OK] AI Tashxisi: Mastit / Infeksiya
[Yuborilmoqda] Cow #8 | GPS: 44.1094, 59.3535
  -> [OK] AI Tashxisi: Normal
[Yuborilmoqda] Cow #9 | GPS: 44.0932, 59.3475
  -> [OK] AI Tashxisi: Normal
[Yuborilmoqda] Cow #10 | GPS: 44.0942, 59.3445
  -> [OK] AI Tashxisi: Normal
[Yuborilmoqda] Cow #11 | GPS: 44.0921, 59.351
  -> [OK] AI Tashxisi: Normal
----------------------------------------
[Yuborilmoqda] Cow #1 | GPS: 44.0989, 59.3437
  -> [OK] AI Tashxisi: Normal
[Yuborilmoqda] Cow #2 | GPS: 44.1022, 59.3514
  -> [OK] AI Tashxisi: Normal
[Yuborilmoqda] Cow #3 | GPS: 44.0916, 59.3479
  -> [OK] AI Tashxisi: Normal
[Yuborilmoqda] Cow #4 | GPS: 44.1029, 59.3545
  -> [OK] AI Tashxisi: Ketoz / Acidosis
[Yuborilmoqda] Cow #5 | GPS: 44.0943, 59.3568
  -> [OK] AI Tashxisi: Normal
[Yuborilmoqda] Cow #6 | GPS: 44.1025, 59.3475
  -> [OK] AI Tashxisi: Normal
[Yuborilmoqda] Cow #7 | GPS: 44.0968, 59.3511
  -> [OK] AI Tashxisi: Mastit / Infeksiya
[Yuborilmoqda] Cow #8 | GPS: 44.1093, 59.3536
  -> [OK] AI Tashxisi: Normal
[Yuborilmoqda] Cow #9 | GPS: 44.0934, 59.3477
  -> [OK] AI Tashxisi: Normal
[Yuborilmoqda] Cow #10 | GPS: 44.0942, 59.3446
  -> [OK] AI Tashxisi: Normal
[Yuborilmoqda] Cow #11 | GPS: 44.0923, 59.3511
  -> [OK] AI Tashxisi: Normal
----------------------------------------
[Yuborilmoqda] Cow #1 | GPS: 44.0987, 59.3437
  -> [OK] AI Tashxisi: Normal
[Yuborilmoqda] Cow #2 | GPS: 44.1024, 59.3515
  -> [OK] AI Tashxisi: Normal
[Yuborilmoqda] Cow #3 | GPS: 44.0915, 59.3478
  -> [OK] AI Tashxisi: Normal
[Yuborilmoqda] Cow #4 | GPS: 44.1028, 59.3547
  -> [OK] AI Tashxisi: Ketoz / Acidosis
[Yuborilmoqda] Cow #5 | GPS: 44.0944, 59.357
  -> [OK] AI Tashxisi: Normal
[Yuborilmoqda] Cow #6 | GPS: 44.1024, 59.3476
  -> [OK] AI Tashxisi: Normal
[Yuborilmoqda] Cow #7 | GPS: 44.0967, 59.3511
  -> [OK] AI Tashxisi: Mastit / Infeksiya
[Yuborilmoqda] Cow #8 | GPS: 44.1091, 59.3535
  -> [OK] AI Tashxisi: Normal
[Yuborilmoqda] Cow #9 | GPS: 44.0935, 59.3475
  -> [OK] AI Tashxisi: Normal
[Yuborilmoqda] Cow #10 | GPS: 44.0941, 59.3446
  -> [OK] AI Tashxisi: Normal
[Yuborilmoqda] Cow #11 | GPS: 44.0924, 59.3513
  -> [OK] AI Tashxisi: Normal
----------------------------------------
[Yuborilmoqda] Cow #1 | GPS: 44.0985, 59.3437
  -> [OK] AI Tashxisi: Normal
[Yuborilmoqda] Cow #2 | GPS: 44.1024, 59.3516
  -> [OK] AI Tashxisi: Normal
[Yuborilmoqda] Cow #3 | GPS: 44.0913, 59.348
  -> [OK] AI Tashxisi: Normal
[Yuborilmoqda] Cow #4 | GPS: 44.1028, 59.3547
  -> [OK] AI Tashxisi: Ketoz / Acidosis
[Yuborilmoqda] Cow #5 | GPS: 44.0946, 59.3572
  -> [OK] AI Tashxisi: Normal
[Yuborilmoqda] Cow #6 | GPS: 44.1023, 59.3477
  -> [OK] AI Tashxisi: Normal
[Yuborilmoqda] Cow #7 | GPS: 44.0965, 59.3511
  -> [OK] AI Tashxisi: Mastit / Infeksiya
[Yuborilmoqda] Cow #8 | GPS: 44.1091, 59.3536
  -> [OK] AI Tashxisi: Normal
[Yuborilmoqda] Cow #9 | GPS: 44.0937, 59.3477
  -> [OK] AI Tashxisi: Normal
[Yuborilmoqda] Cow #10 | GPS: 44.0943, 59.3448
  -> [OK] AI Tashxisi: Normal
[Yuborilmoqda] Cow #11 | GPS: 44.0925, 59.3512
  -> [OK] AI Tashxisi: Normal
----------------------------------------
[Yuborilmoqda] Cow #1 | GPS: 44.0983, 59.3436
  -> [OK] AI Tashxisi: Normal
[Yuborilmoqda] Cow #2 | GPS: 44.1023, 59.3517
  -> [OK] AI Tashxisi: Normal
[Yuborilmoqda] Cow #3 | GPS: 44.0912, 59.3481
  -> [OK] AI Tashxisi: Normal
[Yuborilmoqda] Cow #4 | GPS: 44.1026, 59.3546
  -> [OK] AI Tashxisi: Ketoz / Acidosis
[Yuborilmoqda] Cow #5 | GPS: 44.0944, 59.3571
  -> [OK] AI Tashxisi: Normal
[Yuborilmoqda] Cow #6 | GPS: 44.1023, 59.3477
  -> [OK] AI Tashxisi: Normal
[Yuborilmoqda] Cow #7 | GPS: 44.0965, 59.3512
  -> [OK] AI Tashxisi: Mastit / Infeksiya
[Yuborilmoqda] Cow #8 | GPS: 44.109, 59.3537
  -> [OK] AI Tashxisi: Normal
[Yuborilmoqda] Cow #9 | GPS: 44.0937, 59.3479
  -> [OK] AI Tashxisi: Normal
[Yuborilmoqda] Cow #10 | GPS: 44.0942, 59.3448
  -> [OK] AI Tashxisi: Normal
[Yuborilmoqda] Cow #11 | GPS: 44.0925, 59.3513
  -> [OK] AI Tashxisi: Normal
----------------------------------------
[Yuborilmoqda] Cow #1 | GPS: 44.0983, 59.3436
  -> [OK] AI Tashxisi: Normal
[Yuborilmoqda] Cow #2 | GPS: 44.1023, 59.3516
  -> [OK] AI Tashxisi: Mastit / Infeksiya
[Yuborilmoqda] Cow #3 | GPS: 44.0911, 59.3482
  -> [OK] AI Tashxisi: Normal
[Yuborilmoqda] Cow #4 | GPS: 44.1028, 59.3548
  -> [OK] AI Tashxisi: Ketoz / Acidosis
[Yuborilmoqda] Cow #5 | GPS: 44.0942, 59.3572
  -> [OK] AI Tashxisi: Normal
[Yuborilmoqda] Cow #6 | GPS: 44.1023, 59.3476
  -> [OK] AI Tashxisi: Normal
[Yuborilmoqda] Cow #7 | GPS: 44.0964, 59.3511
  -> [OK] AI Tashxisi: Mastit / Infeksiya
[Yuborilmoqda] Cow #8 | GPS: 44.1091, 59.3538
  -> [OK] AI Tashxisi: Normal
[Yuborilmoqda] Cow #9 | GPS: 44.0936, 59.3478
  -> [OK] AI Tashxisi: Normal
[Yuborilmoqda] Cow #10 | GPS: 44.0942, 59.345
  -> [OK] AI Tashxisi: Normal
[Yuborilmoqda] Cow #11 | GPS: 44.0924, 59.3513
  -> [OK] AI Tashxisi: Mastit / Infeksiya
----------------------------------------
[Yuborilmoqda] Cow #1 | GPS: 44.0983, 59.3435
  -> [OK] AI Tashxisi: Normal
[Yuborilmoqda] Cow #2 | GPS: 44.1022, 59.3517
  -> [OK] AI Tashxisi: Normal
[Yuborilmoqda] Cow #3 | GPS: 44.0911, 59.3482
  -> [OK] AI Tashxisi: Normal
[Yuborilmoqda] Cow #4 | GPS: 44.1027, 59.3549
  -> [OK] AI Tashxisi: Ketoz / Acidosis
[Yuborilmoqda] Cow #5 | GPS: 44.0944, 59.3573
  -> [OK] AI Tashxisi: Normal
[Yuborilmoqda] Cow #6 | GPS: 44.1022, 59.3477
  -> [OK] AI Tashxisi: Normal
[Yuborilmoqda] Cow #7 | GPS: 44.0962, 59.3512
  -> [OK] AI Tashxisi: Mastit / Infeksiya
[Yuborilmoqda] Cow #8 | GPS: 44.1091, 59.3537
  -> [OK] AI Tashxisi: Normal
[Yuborilmoqda] Cow #9 | GPS: 44.0934, 59.3477
  -> [OK] AI Tashxisi: Normal
[Yuborilmoqda] Cow #10 | GPS: 44.0941, 59.3448
  -> [OK] AI Tashxisi: Mastit / Infeksiya
[Yuborilmoqda] Cow #11 | GPS: 44.0924, 59.3514
  -> [OK] AI Tashxisi: Normal
----------------------------------------
[Yuborilmoqda] Cow #1 | GPS: 44.0982, 59.3435
  -> [OK] AI Tashxisi: Normal
[Yuborilmoqda] Cow #2 | GPS: 44.1024, 59.3517
  -> [OK] AI Tashxisi: Normal
[Yuborilmoqda] Cow #3 | GPS: 44.091, 59.3482
  -> [OK] AI Tashxisi: Normal
[Yuborilmoqda] Cow #4 | GPS: 44.1026, 59.3549
  -> [OK] AI Tashxisi: Ketoz / Acidosis
[Yuborilmoqda] Cow #5 | GPS: 44.0944, 59.3573
  -> [OK] AI Tashxisi: Normal
[Yuborilmoqda] Cow #6 | GPS: 44.1022, 59.3475
  -> [OK] AI Tashxisi: Normal
[Yuborilmoqda] Cow #7 | GPS: 44.0962, 59.3511
  -> [OK] AI Tashxisi: Mastit / Infeksiya
[Yuborilmoqda] Cow #8 | GPS: 44.109, 59.3536
  -> [OK] AI Tashxisi: Normal
[Yuborilmoqda] Cow #9 | GPS: 44.0935, 59.3476
  -> [OK] AI Tashxisi: Normal
[Yuborilmoqda] Cow #10 | GPS: 44.094, 59.3446
  -> [OK] AI Tashxisi: Normal
[Yuborilmoqda] Cow #11 | GPS: 44.0922, 59.3515
  -> [OK] AI Tashxisi: Normal
----------------------------------------
[Yuborilmoqda] Cow #1 | GPS: 44.0982, 59.3436
  -> [OK] AI Tashxisi: Mastit / Infeksiya
[Yuborilmoqda] Cow #2 | GPS: 44.1023, 59.3519
  -> [OK] AI Tashxisi: Normal
[Yuborilmoqda] Cow #3 | GPS: 44.0911, 59.348
  -> [OK] AI Tashxisi: Normal
[Yuborilmoqda] Cow #4 | GPS: 44.1026, 59.3549
  -> [OK] AI Tashxisi: Ketoz / Acidosis
[Yuborilmoqda] Cow #5 | GPS: 44.0943, 59.3574
  -> [OK] AI Tashxisi: Normal
[Yuborilmoqda] Cow #6 | GPS: 44.1023, 59.3473
  -> [OK] AI Tashxisi: Normal
[Yuborilmoqda] Cow #7 | GPS: 44.0964, 59.3511
  -> [OK] AI Tashxisi: Mastit / Infeksiya
[Yuborilmoqda] Cow #8 | GPS: 44.1091, 59.3536
  -> [OK] AI Tashxisi: Normal
[Yuborilmoqda] Cow #9 | GPS: 44.0934, 59.3477
  -> [OK] AI Tashxisi: Normal
[Yuborilmoqda] Cow #10 | GPS: 44.0941, 59.3447
  -> [OK] AI Tashxisi: Normal
[Yuborilmoqda] Cow #11 | GPS: 44.092, 59.3516
  -> [OK] AI Tashxisi: Normal
----------------------------------------
[Yuborilmoqda] Cow #1 | GPS: 44.0983, 59.3435
  -> [OK] AI Tashxisi: Normal
[Yuborilmoqda] Cow #2 | GPS: 44.1021, 59.352
  -> [OK] AI Tashxisi: Normal
[Yuborilmoqda] Cow #3 | GPS: 44.0912, 59.348
  -> [OK] AI Tashxisi: Normal
[Yuborilmoqda] Cow #4 | GPS: 44.1025, 59.3547
  -> [OK] AI Tashxisi: Ketoz / Acidosis
[Yuborilmoqda] Cow #5 | GPS: 44.0942, 59.3573
  -> [OK] AI Tashxisi: Normal
[Yuborilmoqda] Cow #6 | GPS: 44.1022, 59.3474
  -> [OK] AI Tashxisi: Normal
[Yuborilmoqda] Cow #7 | GPS: 44.0964, 59.3511
  -> [OK] AI Tashxisi: Mastit / Infeksiya
[Yuborilmoqda] Cow #8 | GPS: 44.1093, 59.3538
  -> [OK] AI Tashxisi: Normal
[Yuborilmoqda] Cow #9 | GPS: 44.0936, 59.3479
  -> [OK] AI Tashxisi: Normal
[Yuborilmoqda] Cow #10 | GPS: 44.0941, 59.3449
  -> [OK] AI Tashxisi: Normal
[Yuborilmoqda] Cow #11 | GPS: 44.0919, 59.3516
  -> [OK] AI Tashxisi: Normal
----------------------------------------
[Yuborilmoqda] Cow #1 | GPS: 44.0982, 59.3435
  -> [OK] AI Tashxisi: Normal
[Yuborilmoqda] Cow #2 | GPS: 44.1021, 59.352
  -> [OK] AI Tashxisi: Normal
[Yuborilmoqda] Cow #3 | GPS: 44.091, 59.348
  -> [OK] AI Tashxisi: Normal
[Yuborilmoqda] Cow #4 | GPS: 44.1024, 59.3546
  -> [OK] AI Tashxisi: Ketoz / Acidosis
[Yuborilmoqda] Cow #5 | GPS: 44.0943, 59.3574
  -> [OK] AI Tashxisi: Normal
[Yuborilmoqda] Cow #6 | GPS: 44.1021, 59.3475
  -> [OK] AI Tashxisi: Normal
[Yuborilmoqda] Cow #7 | GPS: 44.0963, 59.3511
  -> [OK] AI Tashxisi: Mastit / Infeksiya
[Yuborilmoqda] Cow #8 | GPS: 44.1093, 59.3538
  -> [OK] AI Tashxisi: Normal
[Yuborilmoqda] Cow #9 | GPS: 44.0938, 59.3478
  -> [OK] AI Tashxisi: Normal
[Yuborilmoqda] Cow #10 | GPS: 44.0942, 59.345
  -> [OK] AI Tashxisi: Normal
[Yuborilmoqda] Cow #11 | GPS: 44.0919, 59.3516
  -> [OK] AI Tashxisi: Normal
----------------------------------------
[Yuborilmoqda] Cow #1 | GPS: 44.0983, 59.3436
  -> [OK] AI Tashxisi: Normal
[Yuborilmoqda] Cow #2 | GPS: 44.1022, 59.3521
  -> [OK] AI Tashxisi: Normal
[Yuborilmoqda] Cow #3 | GPS: 44.0909, 59.3479
  -> [OK] AI Tashxisi: Normal
[Yuborilmoqda] Cow #4 | GPS: 44.1025, 59.3547
  -> [OK] AI Tashxisi: Ketoz / Acidosis
[Yuborilmoqda] Cow #5 | GPS: 44.0942, 59.3573
  -> [OK] AI Tashxisi: Normal
[Yuborilmoqda] Cow #6 | GPS: 44.1021, 59.3474
  -> [OK] AI Tashxisi: Normal
[Yuborilmoqda] Cow #7 | GPS: 44.0963, 59.3511
  -> [OK] AI Tashxisi: Mastit / Infeksiya
[Yuborilmoqda] Cow #8 | GPS: 44.1094, 59.3538
  -> [OK] AI Tashxisi: Normal
[Yuborilmoqda] Cow #9 | GPS: 44.094, 59.3479
  -> [OK] AI Tashxisi: Normal
[Yuborilmoqda] Cow #10 | GPS: 44.0942, 59.345
  -> [OK] AI Tashxisi: Normal
[Yuborilmoqda] Cow #11 | GPS: 44.092, 59.3515
  -> [OK] AI Tashxisi: Normal
----------------------------------------
[Yuborilmoqda] Cow #1 | GPS: 44.0983, 59.3437
  -> [OK] AI Tashxisi: Normal
[Yuborilmoqda] Cow #2 | GPS: 44.1024, 59.3521
  -> [OK] AI Tashxisi: Normal
[Yuborilmoqda] Cow #3 | GPS: 44.0911, 59.3479
  -> [OK] AI Tashxisi: Normal
[Yuborilmoqda] Cow #4 | GPS: 44.1023, 59.3547
  -> [OK] AI Tashxisi: Ketoz / Acidosis
[Yuborilmoqda] Cow #5 | GPS: 44.0941, 59.3573
  -> [OK] AI Tashxisi: Normal
[Yuborilmoqda] Cow #6 | GPS: 44.1021, 59.3474
  -> [OK] AI Tashxisi: Normal
[Yuborilmoqda] Cow #7 | GPS: 44.0965, 59.3509
  -> [OK] AI Tashxisi: Mastit / Infeksiya
[Yuborilmoqda] Cow #8 | GPS: 44.1092, 59.3538
  -> [OK] AI Tashxisi: Normal
[Yuborilmoqda] Cow #9 | GPS: 44.0939, 59.348
  -> [OK] AI Tashxisi: Normal
[Yuborilmoqda] Cow #10 | GPS: 44.0943, 59.3449
  -> [OK] AI Tashxisi: Mastit / Infeksiya
[Yuborilmoqda] Cow #11 | GPS: 44.0919, 59.3515
  -> [OK] AI Tashxisi: Normal
----------------------------------------
[Yuborilmoqda] Cow #1 | GPS: 44.0983, 59.3435
  -> [OK] AI Tashxisi: Normal
[Yuborilmoqda] Cow #2 | GPS: 44.1023, 59.3519
  -> [OK] AI Tashxisi: Normal
[Yuborilmoqda] Cow #3 | GPS: 44.0912, 59.348
  -> [OK] AI Tashxisi: Normal
[Yuborilmoqda] Cow #4 | GPS: 44.1025, 59.3547
  -> [OK] AI Tashxisi: Ketoz / Acidosis
[Yuborilmoqda] Cow #5 | GPS: 44.0939, 59.3574
  -> [OK] AI Tashxisi: Normal
[Yuborilmoqda] Cow #6 | GPS: 44.1022, 59.3475
  -> [OK] AI Tashxisi: Normal
[Yuborilmoqda] Cow #7 | GPS: 44.0964, 59.3511
  -> [OK] AI Tashxisi: Mastit / Infeksiya
[Yuborilmoqda] Cow #8 | GPS: 44.1091, 59.3539
  -> [OK] AI Tashxisi: Normal
[Yuborilmoqda] Cow #9 | GPS: 44.0941, 59.3481
  -> [OK] AI Tashxisi: Normal
[Yuborilmoqda] Cow #10 | GPS: 44.0942, 59.3448
  -> [OK] AI Tashxisi: Normal
[Yuborilmoqda] Cow #11 | GPS: 44.0921, 59.3513
  -> [OK] AI Tashxisi: Normal
----------------------------------------
[Yuborilmoqda] Cow #1 | GPS: 44.0984, 59.3436
  -> [OK] AI Tashxisi: Normal
[Yuborilmoqda] Cow #2 | GPS: 44.1023, 59.352
  -> [OK] AI Tashxisi: Normal
[Yuborilmoqda] Cow #3 | GPS: 44.0913, 59.3481
  -> [OK] AI Tashxisi: Normal
[Yuborilmoqda] Cow #4 | GPS: 44.1024, 59.3548
  -> [OK] AI Tashxisi: Ketoz / Acidosis
[Yuborilmoqda] Cow #5 | GPS: 44.0937, 59.3572
  -> [OK] AI Tashxisi: Normal
[Yuborilmoqda] Cow #6 | GPS: 44.1023, 59.3473
  -> [OK] AI Tashxisi: Normal
[Yuborilmoqda] Cow #7 | GPS: 44.0962, 59.3511
  -> [OK] AI Tashxisi: Mastit / Infeksiya
[Yuborilmoqda] Cow #8 | GPS: 44.1092, 59.3538
  -> [OK] AI Tashxisi: Normal
[Yuborilmoqda] Cow #9 | GPS: 44.0939, 59.3479
  -> [OK] AI Tashxisi: Normal
[Yuborilmoqda] Cow #10 | GPS: 44.0941, 59.3446
  -> [OK] AI Tashxisi: Normal
[Yuborilmoqda] Cow #11 | GPS: 44.0921, 59.3512
  -> [OK] AI Tashxisi: Normal
----------------------------------------
[Yuborilmoqda] Cow #1 | GPS: 44.0985, 59.3437
  -> [OK] AI Tashxisi: Normal
[Yuborilmoqda] Cow #2 | GPS: 44.1023, 59.3521
  -> [OK] AI Tashxisi: Normal
[Yuborilmoqda] Cow #3 | GPS: 44.0912, 59.3482
  -> [OK] AI Tashxisi: Normal
[Yuborilmoqda] Cow #4 | GPS: 44.1023, 59.3547
  -> [OK] AI Tashxisi: Ketoz / Acidosis
[Yuborilmoqda] Cow #5 | GPS: 44.0937, 59.3572
  -> [OK] AI Tashxisi: Normal
[Yuborilmoqda] Cow #6 | GPS: 44.1021, 59.3473
  -> [OK] AI Tashxisi: Normal
[Yuborilmoqda] Cow #7 | GPS: 44.096, 59.3511
  -> [OK] AI Tashxisi: Mastit / Infeksiya
[Yuborilmoqda] Cow #8 | GPS: 44.1091, 59.3538
  -> [OK] AI Tashxisi: Normal
[Yuborilmoqda] Cow #9 | GPS: 44.094, 59.3478
  -> [OK] AI Tashxisi: Normal
[Yuborilmoqda] Cow #10 | GPS: 44.0941, 59.3447
  -> [OK] AI Tashxisi: Normal
[Yuborilmoqda] Cow #11 | GPS: 44.092, 59.3513
  -> [OK] AI Tashxisi: Normal
----------------------------------------
[Yuborilmoqda] Cow #1 | GPS: 44.0987, 59.3437
  -> [OK] AI Tashxisi: Normal
[Yuborilmoqda] Cow #2 | GPS: 44.1021, 59.3522
  -> [OK] AI Tashxisi: Normal
[Yuborilmoqda] Cow #3 | GPS: 44.0912, 59.3484
  -> [OK] AI Tashxisi: Normal
[Yuborilmoqda] Cow #4 | GPS: 44.1023, 59.3545
  -> [OK] AI Tashxisi: Ketoz / Acidosis
[Yuborilmoqda] Cow #5 | GPS: 44.0937, 59.357
  -> [OK] AI Tashxisi: Normal
[Yuborilmoqda] Cow #6 | GPS: 44.1021, 59.3472
  -> [OK] AI Tashxisi: Normal
[Yuborilmoqda] Cow #7 | GPS: 44.0958, 59.3512
  -> [OK] AI Tashxisi: Mastit / Infeksiya
[Yuborilmoqda] Cow #8 | GPS: 44.1089, 59.3538
  -> [OK] AI Tashxisi: Normal
[Yuborilmoqda] Cow #9 | GPS: 44.0939, 59.3477
  -> [OK] AI Tashxisi: Normal
[Yuborilmoqda] Cow #10 | GPS: 44.0941, 59.3449
  -> [OK] AI Tashxisi: Normal
[Yuborilmoqda] Cow #11 | GPS: 44.092, 59.3514
  -> [OK] AI Tashxisi: Normal
----------------------------------------
[Yuborilmoqda] Cow #1 | GPS: 44.0987, 59.3435
  -> [OK] AI Tashxisi: Normal
[Yuborilmoqda] Cow #2 | GPS: 44.1021, 59.352
  -> [OK] AI Tashxisi: Normal
[Yuborilmoqda] Cow #3 | GPS: 44.0913, 59.3483
  -> [OK] AI Tashxisi: Normal
[Yuborilmoqda] Cow #4 | GPS: 44.1025, 59.3545
  -> [OK] AI Tashxisi: Ketoz / Acidosis
[Yuborilmoqda] Cow #5 | GPS: 44.0936, 59.3569
  -> [OK] AI Tashxisi: Normal
[Yuborilmoqda] Cow #6 | GPS: 44.102, 59.3472
  -> [OK] AI Tashxisi: Normal
[Yuborilmoqda] Cow #7 | GPS: 44.0958, 59.351
  -> [OK] AI Tashxisi: Mastit / Infeksiya
[Yuborilmoqda] Cow #8 | GPS: 44.109, 59.3537
  -> [OK] AI Tashxisi: Normal
[Yuborilmoqda] Cow #9 | GPS: 44.0938, 59.3475
  -> [OK] AI Tashxisi: Normal
[Yuborilmoqda] Cow #10 | GPS: 44.094, 59.3447
  -> [OK] AI Tashxisi: Normal
[Yuborilmoqda] Cow #11 | GPS: 44.092, 59.3514
  -> [OK] AI Tashxisi: Normal
----------------------------------------
[Yuborilmoqda] Cow #1 | GPS: 44.0985, 59.3435
  -> [OK] AI Tashxisi: Normal
[Yuborilmoqda] Cow #2 | GPS: 44.1022, 59.3519
  -> [OK] AI Tashxisi: Normal
[Yuborilmoqda] Cow #3 | GPS: 44.0913, 59.3481
  -> [OK] AI Tashxisi: Normal
[Yuborilmoqda] Cow #4 | GPS: 44.1025, 59.3545
  -> [OK] AI Tashxisi: Ketoz / Acidosis
[Yuborilmoqda] Cow #5 | GPS: 44.0936, 59.3571
  -> [OK] AI Tashxisi: Normal
[Yuborilmoqda] Cow #6 | GPS: 44.1019, 59.3472
  -> [OK] AI Tashxisi: Normal
[Yuborilmoqda] Cow #7 | GPS: 44.0957, 59.351
  -> [OK] AI Tashxisi: Mastit / Infeksiya
[Yuborilmoqda] Cow #8 | GPS: 44.1091, 59.3537
  -> [OK] AI Tashxisi: Normal
[Yuborilmoqda] Cow #9 | GPS: 44.0939, 59.3474
  -> [OK] AI Tashxisi: Normal
[Yuborilmoqda] Cow #10 | GPS: 44.094, 59.3449
  -> [OK] AI Tashxisi: Normal
[Yuborilmoqda] Cow #11 | GPS: 44.0922, 59.3515
  -> [OK] AI Tashxisi: Normal
----------------------------------------
[Yuborilmoqda] Cow #1 | GPS: 44.0986, 59.3436
  -> [OK] AI Tashxisi: Normal
[Yuborilmoqda] Cow #2 | GPS: 44.1023, 59.352
  -> [OK] AI Tashxisi: Normal
[Yuborilmoqda] Cow #3 | GPS: 44.0911, 59.348
  -> [OK] AI Tashxisi: Normal
[Yuborilmoqda] Cow #4 | GPS: 44.1025, 59.3543
  -> [OK] AI Tashxisi: Ketoz / Acidosis
[Yuborilmoqda] Cow #5 | GPS: 44.0937, 59.357
  -> [OK] AI Tashxisi: Normal
[Yuborilmoqda] Cow #6 | GPS: 44.102, 59.3473
  -> [OK] AI Tashxisi: Normal
[Yuborilmoqda] Cow #7 | GPS: 44.0956, 59.3508
  -> [OK] AI Tashxisi: Mastit / Infeksiya
[Yuborilmoqda] Cow #8 | GPS: 44.1093, 59.3538
  -> [OK] AI Tashxisi: Normal
[Yuborilmoqda] Cow #9 | GPS: 44.0941, 59.3474
  -> [OK] AI Tashxisi: Mastit / Infeksiya
[Yuborilmoqda] Cow #10 | GPS: 44.0939, 59.345
  -> [OK] AI Tashxisi: Normal
[Yuborilmoqda] Cow #11 | GPS: 44.0923, 59.3514
  -> [OK] AI Tashxisi: Normal
----------------------------------------
[Yuborilmoqda] Cow #1 | GPS: 44.0986, 59.3438
  -> [OK] AI Tashxisi: Normal
[Yuborilmoqda] Cow #2 | GPS: 44.1024, 59.3518
  -> [OK] AI Tashxisi: Normal
[Yuborilmoqda] Cow #3 | GPS: 44.0913, 59.3481
  -> [OK] AI Tashxisi: Normal
[Yuborilmoqda] Cow #4 | GPS: 44.1025, 59.3545
  -> [OK] AI Tashxisi: Ketoz / Acidosis
[Yuborilmoqda] Cow #5 | GPS: 44.0936, 59.3571
  -> [OK] AI Tashxisi: Normal
[Yuborilmoqda] Cow #6 | GPS: 44.1021, 59.3473
  -> [OK] AI Tashxisi: Normal
[Yuborilmoqda] Cow #7 | GPS: 44.0956, 59.3507
  -> [OK] AI Tashxisi: Mastit / Infeksiya
[Yuborilmoqda] Cow #8 | GPS: 44.1092, 59.3538
  -> [OK] AI Tashxisi: Normal
[Yuborilmoqda] Cow #9 | GPS: 44.0939, 59.3475
  -> [OK] AI Tashxisi: Normal
[Yuborilmoqda] Cow #10 | GPS: 44.0937, 59.3449
  -> [OK] AI Tashxisi: Normal
[Yuborilmoqda] Cow #11 | GPS: 44.0922, 59.3515
  -> [OK] AI Tashxisi: Normal
----------------------------------------
[Yuborilmoqda] Cow #1 | GPS: 44.0984, 59.3437
  -> [OK] AI Tashxisi: Normal
[Yuborilmoqda] Cow #2 | GPS: 44.1022, 59.3517
  -> [OK] AI Tashxisi: Normal
[Yuborilmoqda] Cow #3 | GPS: 44.0914, 59.3479
  -> [OK] AI Tashxisi: Normal
[Yuborilmoqda] Cow #4 | GPS: 44.1027, 59.3543
  -> [OK] AI Tashxisi: Ketoz / Acidosis
[Yuborilmoqda] Cow #5 | GPS: 44.0935, 59.3571
  -> [OK] AI Tashxisi: Normal
[Yuborilmoqda] Cow #6 | GPS: 44.1023, 59.3474
  -> [OK] AI Tashxisi: Normal
[Yuborilmoqda] Cow #7 | GPS: 44.0955, 59.3505
  -> [OK] AI Tashxisi: Mastit / Infeksiya
[Yuborilmoqda] Cow #8 | GPS: 44.1094, 59.354
  -> [OK] AI Tashxisi: Mastit / Infeksiya
[Yuborilmoqda] Cow #9 | GPS: 44.0941, 59.3473
  -> [OK] AI Tashxisi: Mastit / Infeksiya
[Yuborilmoqda] Cow #10 | GPS: 44.0937, 59.345
  -> [OK] AI Tashxisi: Normal
[Yuborilmoqda] Cow #11 | GPS: 44.0922, 59.3513
  -> [OK] AI Tashxisi: Normal
----------------------------------------
[Yuborilmoqda] Cow #1 | GPS: 44.0986, 59.3437
  -> [OK] AI Tashxisi: Normal
[Yuborilmoqda] Cow #2 | GPS: 44.1023, 59.3518
  -> [OK] AI Tashxisi: Normal
[Yuborilmoqda] Cow #3 | GPS: 44.0914, 59.3477
  -> [OK] AI Tashxisi: Normal
[Yuborilmoqda] Cow #4 | GPS: 44.1027, 59.3543
  -> [OK] AI Tashxisi: Ketoz / Acidosis
[Yuborilmoqda] Cow #5 | GPS: 44.0933, 59.357
  -> [OK] AI Tashxisi: Normal
[Yuborilmoqda] Cow #6 | GPS: 44.1024, 59.3472
  -> [OK] AI Tashxisi: Normal
[Yuborilmoqda] Cow #7 | GPS: 44.0955, 59.3504
  -> [OK] AI Tashxisi: Mastit / Infeksiya
[Yuborilmoqda] Cow #8 | GPS: 44.1095, 59.354
  -> [OK] AI Tashxisi: Normal
[Yuborilmoqda] Cow #9 | GPS: 44.0942, 59.3474
  -> [OK] AI Tashxisi: Normal
[Yuborilmoqda] Cow #10 | GPS: 44.0937, 59.3451
  -> [OK] AI Tashxisi: Normal
[Yuborilmoqda] Cow #11 | GPS: 44.0922, 59.3514
  -> [OK] AI Tashxisi: Normal
----------------------------------------
[Yuborilmoqda] Cow #1 | GPS: 44.0987, 59.3437
  -> [OK] AI Tashxisi: Normal
[Yuborilmoqda] Cow #2 | GPS: 44.1024, 59.3518
  -> [OK] AI Tashxisi: Normal
[Yuborilmoqda] Cow #3 | GPS: 44.0915, 59.3476
  -> [OK] AI Tashxisi: Normal
[Yuborilmoqda] Cow #4 | GPS: 44.1027, 59.3543
  -> [OK] AI Tashxisi: Ketoz / Acidosis
[Yuborilmoqda] Cow #5 | GPS: 44.0932, 59.3569
  -> [OK] AI Tashxisi: Normal
[Yuborilmoqda] Cow #6 | GPS: 44.1024, 59.3471
  -> [OK] AI Tashxisi: Normal
[Yuborilmoqda] Cow #7 | GPS: 44.0954, 59.3504
  -> [OK] AI Tashxisi: Mastit / Infeksiya
[Yuborilmoqda] Cow #8 | GPS: 44.1095, 59.354
  -> [OK] AI Tashxisi: Normal
[Yuborilmoqda] Cow #9 | GPS: 44.0942, 59.3474
  -> [OK] AI Tashxisi: Mastit / Infeksiya
[Yuborilmoqda] Cow #10 | GPS: 44.0935, 59.3452
  -> [OK] AI Tashxisi: Mastit / Infeksiya
[Yuborilmoqda] Cow #11 | GPS: 44.0924, 59.3512
  -> [OK] AI Tashxisi: Normal
----------------------------------------
[Yuborilmoqda] Cow #1 | GPS: 44.0988, 59.3437
  -> [OK] AI Tashxisi: Normal
[Yuborilmoqda] Cow #2 | GPS: 44.1025, 59.3518
  -> [OK] AI Tashxisi: Normal
[Yuborilmoqda] Cow #3 | GPS: 44.0915, 59.3475
  -> [OK] AI Tashxisi: Normal
[Yuborilmoqda] Cow #4 | GPS: 44.1025, 59.3544
  -> [OK] AI Tashxisi: Ketoz / Acidosis
[Yuborilmoqda] Cow #5 | GPS: 44.0933, 59.3571
  -> [OK] AI Tashxisi: Normal
[Yuborilmoqda] Cow #6 | GPS: 44.1025, 59.347
  -> [OK] AI Tashxisi: Normal
[Yuborilmoqda] Cow #7 | GPS: 44.0952, 59.3506
  -> [OK] AI Tashxisi: Mastit / Infeksiya
[Yuborilmoqda] Cow #8 | GPS: 44.1095, 59.3542
  -> [OK] AI Tashxisi: Normal
[Yuborilmoqda] Cow #9 | GPS: 44.0944, 59.3475
  -> [OK] AI Tashxisi: Normal
[Yuborilmoqda] Cow #10 | GPS: 44.0935, 59.3452
  -> [OK] AI Tashxisi: Normal
[Yuborilmoqda] Cow #11 | GPS: 44.0923, 59.3514
  -> [OK] AI Tashxisi: Normal
----------------------------------------
[Yuborilmoqda] Cow #1 | GPS: 44.0988, 59.3438
  -> [OK] AI Tashxisi: Normal
[Yuborilmoqda] Cow #2 | GPS: 44.1025, 59.3516
  -> [OK] AI Tashxisi: Normal
[Yuborilmoqda] Cow #3 | GPS: 44.0917, 59.3475
  -> [OK] AI Tashxisi: Normal
[Yuborilmoqda] Cow #4 | GPS: 44.1024, 59.3545
  -> [OK] AI Tashxisi: Ketoz / Acidosis
[Yuborilmoqda] Cow #5 | GPS: 44.0932, 59.3571
  -> [OK] AI Tashxisi: Normal
[Yuborilmoqda] Cow #6 | GPS: 44.1027, 59.3468
  -> [OK] AI Tashxisi: Normal
[Yuborilmoqda] Cow #7 | GPS: 44.0954, 59.3507
  -> [OK] AI Tashxisi: Mastit / Infeksiya
[Yuborilmoqda] Cow #8 | GPS: 44.1096, 59.3541
  -> [OK] AI Tashxisi: Normal
[Yuborilmoqda] Cow #9 | GPS: 44.0942, 59.3475
  -> [OK] AI Tashxisi: Normal
[Yuborilmoqda] Cow #10 | GPS: 44.0935, 59.3452
  -> [OK] AI Tashxisi: Normal
[Yuborilmoqda] Cow #11 | GPS: 44.0922, 59.3512
  -> [OK] AI Tashxisi: Normal
----------------------------------------
[Yuborilmoqda] Cow #1 | GPS: 44.0989, 59.3437
  -> [OK] AI Tashxisi: Mastit / Infeksiya
[Yuborilmoqda] Cow #2 | GPS: 44.1026, 59.3515
  -> [OK] AI Tashxisi: Normal
[Yuborilmoqda] Cow #3 | GPS: 44.0916, 59.3474
  -> [OK] AI Tashxisi: Normal
[Yuborilmoqda] Cow #4 | GPS: 44.1023, 59.3543
  -> [OK] AI Tashxisi: Ketoz / Acidosis
[Yuborilmoqda] Cow #5 | GPS: 44.0932, 59.357
  -> [OK] AI Tashxisi: Normal
[Yuborilmoqda] Cow #6 | GPS: 44.1028, 59.347
  -> [OK] AI Tashxisi: Normal
[Yuborilmoqda] Cow #7 | GPS: 44.0955, 59.3506
  -> [OK] AI Tashxisi: Mastit / Infeksiya
[Yuborilmoqda] Cow #8 | GPS: 44.1097, 59.3541
  -> [OK] AI Tashxisi: Normal
[Yuborilmoqda] Cow #9 | GPS: 44.0943, 59.3474
  -> [OK] AI Tashxisi: Normal
[Yuborilmoqda] Cow #10 | GPS: 44.0933, 59.3453
  -> [OK] AI Tashxisi: Normal
[Yuborilmoqda] Cow #11 | GPS: 44.0924, 59.3513
  -> [OK] AI Tashxisi: Normal
----------------------------------------
[Yuborilmoqda] Cow #1 | GPS: 44.0991, 59.3435
  -> [OK] AI Tashxisi: Normal
[Yuborilmoqda] Cow #2 | GPS: 44.1024, 59.3515
  -> [OK] AI Tashxisi: Normal
[Yuborilmoqda] Cow #3 | GPS: 44.0917, 59.3476
  -> [OK] AI Tashxisi: Normal
[Yuborilmoqda] Cow #4 | GPS: 44.1022, 59.3541
  -> [OK] AI Tashxisi: Ketoz / Acidosis
[Yuborilmoqda] Cow #5 | GPS: 44.093, 59.3568
  -> [OK] AI Tashxisi: Normal
[Yuborilmoqda] Cow #6 | GPS: 44.1028, 59.3471
  -> [OK] AI Tashxisi: Normal
[Yuborilmoqda] Cow #7 | GPS: 44.0954, 59.3506
  -> [OK] AI Tashxisi: Mastit / Infeksiya
[Yuborilmoqda] Cow #8 | GPS: 44.1098, 59.3539
  -> [OK] AI Tashxisi: Normal
[Yuborilmoqda] Cow #9 | GPS: 44.0942, 59.3476
  -> [OK] AI Tashxisi: Mastit / Infeksiya
[Yuborilmoqda] Cow #10 | GPS: 44.0932, 59.3452
  -> [OK] AI Tashxisi: Normal
[Yuborilmoqda] Cow #11 | GPS: 44.0923, 59.3515
  -> [OK] AI Tashxisi: Normal
----------------------------------------
[Yuborilmoqda] Cow #1 | GPS: 44.099, 59.3435
  -> [OK] AI Tashxisi: Normal
[Yuborilmoqda] Cow #2 | GPS: 44.1024, 59.3516
  -> [OK] AI Tashxisi: Normal
[Yuborilmoqda] Cow #3 | GPS: 44.0915, 59.3478
  -> [OK] AI Tashxisi: Normal
[Yuborilmoqda] Cow #4 | GPS: 44.1021, 59.3543
  -> [OK] AI Tashxisi: Ketoz / Acidosis
[Yuborilmoqda] Cow #5 | GPS: 44.0929, 59.3567
  -> [OK] AI Tashxisi: Normal
[Yuborilmoqda] Cow #6 | GPS: 44.1027, 59.3471
  -> [OK] AI Tashxisi: Normal
[Yuborilmoqda] Cow #7 | GPS: 44.0952, 59.3505
  -> [OK] AI Tashxisi: Mastit / Infeksiya
[Yuborilmoqda] Cow #8 | GPS: 44.1098, 59.354
  -> [OK] AI Tashxisi: Normal
[Yuborilmoqda] Cow #9 | GPS: 44.0943, 59.3476
  -> [OK] AI Tashxisi: Normal
[Yuborilmoqda] Cow #10 | GPS: 44.0933, 59.3453
  -> [OK] AI Tashxisi: Normal
[Yuborilmoqda] Cow #11 | GPS: 44.0922, 59.3514
  -> [OK] AI Tashxisi: Normal
----------------------------------------
[Yuborilmoqda] Cow #1 | GPS: 44.0988, 59.3434
  -> [OK] AI Tashxisi: Normal
[Yuborilmoqda] Cow #2 | GPS: 44.1024, 59.3517
  -> [OK] AI Tashxisi: Normal
[Yuborilmoqda] Cow #3 | GPS: 44.0914, 59.3478
  -> [OK] AI Tashxisi: Normal
[Yuborilmoqda] Cow #4 | GPS: 44.102, 59.3541
  -> [OK] AI Tashxisi: Ketoz / Acidosis
[Yuborilmoqda] Cow #5 | GPS: 44.0929, 59.3568
  -> [OK] AI Tashxisi: Normal
[Yuborilmoqda] Cow #6 | GPS: 44.1027, 59.347
  -> [OK] AI Tashxisi: Normal
[Yuborilmoqda] Cow #7 | GPS: 44.0952, 59.3507
  -> [OK] AI Tashxisi: Mastit / Infeksiya
[Yuborilmoqda] Cow #8 | GPS: 44.1097, 59.3539
  -> [OK] AI Tashxisi: Normal
[Yuborilmoqda] Cow #9 | GPS: 44.0942, 59.3476
  -> [OK] AI Tashxisi: Normal
[Yuborilmoqda] Cow #10 | GPS: 44.0934, 59.3454
  -> [OK] AI Tashxisi: Normal
[Yuborilmoqda] Cow #11 | GPS: 44.0921, 59.3515
  -> [OK] AI Tashxisi: Normal
----------------------------------------
[Yuborilmoqda] Cow #1 | GPS: 44.099, 59.3435
  -> [OK] AI Tashxisi: Normal
[Yuborilmoqda] Cow #2 | GPS: 44.1025, 59.3516
  -> [OK] AI Tashxisi: Normal
[Yuborilmoqda] Cow #3 | GPS: 44.0913, 59.3478
  -> [OK] AI Tashxisi: Mastit / Infeksiya
[Yuborilmoqda] Cow #4 | GPS: 44.1019, 59.3542
  -> [OK] AI Tashxisi: Ketoz / Acidosis
[Yuborilmoqda] Cow #5 | GPS: 44.0931, 59.3569
  -> [OK] AI Tashxisi: Normal
[Yuborilmoqda] Cow #6 | GPS: 44.1028, 59.3471
  -> [OK] AI Tashxisi: Normal
[Yuborilmoqda] Cow #7 | GPS: 44.0954, 59.3507
  -> [OK] AI Tashxisi: Mastit / Infeksiya
[Yuborilmoqda] Cow #8 | GPS: 44.1097, 59.354
  -> [OK] AI Tashxisi: Normal
[Yuborilmoqda] Cow #9 | GPS: 44.0943, 59.3474
  -> [OK] AI Tashxisi: Normal
[Yuborilmoqda] Cow #10 | GPS: 44.0935, 59.3454
  -> [OK] AI Tashxisi: Normal
[Yuborilmoqda] Cow #11 | GPS: 44.0919, 59.3515
  -> [OK] AI Tashxisi: Normal
----------------------------------------
[Yuborilmoqda] Cow #1 | GPS: 44.0988, 59.3434
  -> [OK] AI Tashxisi: Normal
[Yuborilmoqda] Cow #2 | GPS: 44.1025, 59.3517
  -> [OK] AI Tashxisi: Normal
[Yuborilmoqda] Cow #3 | GPS: 44.0914, 59.3478
  -> [OK] AI Tashxisi: Normal
[Yuborilmoqda] Cow #4 | GPS: 44.1019, 59.354
  -> [OK] AI Tashxisi: Ketoz / Acidosis
[Yuborilmoqda] Cow #5 | GPS: 44.0932, 59.3571
  -> [OK] AI Tashxisi: Normal
[Yuborilmoqda] Cow #6 | GPS: 44.1029, 59.3472
  -> [OK] AI Tashxisi: Normal
[Yuborilmoqda] Cow #7 | GPS: 44.0954, 59.3506
  -> [OK] AI Tashxisi: Mastit / Infeksiya
[Yuborilmoqda] Cow #8 | GPS: 44.1098, 59.3539
  -> [OK] AI Tashxisi: Normal
[Yuborilmoqda] Cow #9 | GPS: 44.0943, 59.3473
  -> [OK] AI Tashxisi: Normal
[Yuborilmoqda] Cow #10 | GPS: 44.0937, 59.3452
  -> [OK] AI Tashxisi: Normal
[Yuborilmoqda] Cow #11 | GPS: 44.0919, 59.3515
  -> [OK] AI Tashxisi: Normal
----------------------------------------
[Yuborilmoqda] Cow #1 | GPS: 44.0987, 59.3433
  -> [OK] AI Tashxisi: Normal
[Yuborilmoqda] Cow #2 | GPS: 44.1026, 59.3517
  -> [OK] AI Tashxisi: Normal
[Yuborilmoqda] Cow #3 | GPS: 44.0915, 59.348
  -> [OK] AI Tashxisi: Normal
[Yuborilmoqda] Cow #4 | GPS: 44.1017, 59.3539
  -> [OK] AI Tashxisi: Ketoz / Acidosis
[Yuborilmoqda] Cow #5 | GPS: 44.0931, 59.3572
  -> [OK] AI Tashxisi: Normal
[Yuborilmoqda] Cow #6 | GPS: 44.1029, 59.347
  -> [OK] AI Tashxisi: Normal
[Yuborilmoqda] Cow #7 | GPS: 44.0952, 59.3504
  -> [OK] AI Tashxisi: Mastit / Infeksiya
[Yuborilmoqda] Cow #8 | GPS: 44.1097, 59.3537
  -> [OK] AI Tashxisi: Normal
[Yuborilmoqda] Cow #9 | GPS: 44.0942, 59.3473
  -> [OK] AI Tashxisi: Normal
[Yuborilmoqda] Cow #10 | GPS: 44.0935, 59.3452
  -> [OK] AI Tashxisi: Normal
[Yuborilmoqda] Cow #11 | GPS: 44.0917, 59.3513
  -> [OK] AI Tashxisi: Normal
----------------------------------------
[Yuborilmoqda] Cow #1 | GPS: 44.0987, 59.3433
  -> [OK] AI Tashxisi: Normal
[Yuborilmoqda] Cow #2 | GPS: 44.1026, 59.3516
  -> [OK] AI Tashxisi: Normal
[Yuborilmoqda] Cow #3 | GPS: 44.0915, 59.3478
  -> [OK] AI Tashxisi: Normal
[Yuborilmoqda] Cow #4 | GPS: 44.1019, 59.3538
  -> [OK] AI Tashxisi: Ketoz / Acidosis
[Yuborilmoqda] Cow #5 | GPS: 44.0931, 59.3574
  -> [OK] AI Tashxisi: Normal
[Yuborilmoqda] Cow #6 | GPS: 44.1028, 59.3472
  -> [OK] AI Tashxisi: Normal
[Yuborilmoqda] Cow #7 | GPS: 44.0951, 59.3506
  -> [OK] AI Tashxisi: Mastit / Infeksiya
[Yuborilmoqda] Cow #8 | GPS: 44.1097, 59.3539
  -> [OK] AI Tashxisi: Normal
[Yuborilmoqda] Cow #9 | GPS: 44.0941, 59.3472
  -> [OK] AI Tashxisi: Normal
[Yuborilmoqda] Cow #10 | GPS: 44.0934, 59.3454
  -> [OK] AI Tashxisi: Normal
[Yuborilmoqda] Cow #11 | GPS: 44.0916, 59.3512
  -> [OK] AI Tashxisi: Mastit / Infeksiya
----------------------------------------
[Yuborilmoqda] Cow #1 | GPS: 44.0989, 59.3432
  -> [OK] AI Tashxisi: Normal
[Yuborilmoqda] Cow #2 | GPS: 44.1026, 59.3514
  -> [OK] AI Tashxisi: Mastit / Infeksiya
[Yuborilmoqda] Cow #3 | GPS: 44.0915, 59.3476
  -> [OK] AI Tashxisi: Normal
[Yuborilmoqda] Cow #4 | GPS: 44.102, 59.3537
  -> [OK] AI Tashxisi: Ketoz / Acidosis
[Yuborilmoqda] Cow #5 | GPS: 44.0929, 59.3573
  -> [OK] AI Tashxisi: Normal
[Yuborilmoqda] Cow #6 | GPS: 44.1029, 59.3471
  -> [OK] AI Tashxisi: Normal
[Yuborilmoqda] Cow #7 | GPS: 44.0951, 59.3506
  -> [OK] AI Tashxisi: Mastit / Infeksiya
[Yuborilmoqda] Cow #8 | GPS: 44.1099, 59.3539
  -> [OK] AI Tashxisi: Normal
[Yuborilmoqda] Cow #9 | GPS: 44.094, 59.3473
  -> [OK] AI Tashxisi: Mastit / Infeksiya
[Yuborilmoqda] Cow #10 | GPS: 44.0934, 59.3455
  -> [OK] AI Tashxisi: Normal
[Yuborilmoqda] Cow #11 | GPS: 44.0917, 59.3511
  -> [OK] AI Tashxisi: Normal
----------------------------------------
[Yuborilmoqda] Cow #1 | GPS: 44.0988, 59.3431
  -> [OK] AI Tashxisi: Normal
[Yuborilmoqda] Cow #2 | GPS: 44.1024, 59.3513
  -> [OK] AI Tashxisi: Mastit / Infeksiya
[Yuborilmoqda] Cow #3 | GPS: 44.0917, 59.3478
  -> [OK] AI Tashxisi: Normal
[Yuborilmoqda] Cow #4 | GPS: 44.1019, 59.3537
  -> [OK] AI Tashxisi: Ketoz / Acidosis
[Yuborilmoqda] Cow #5 | GPS: 44.0929, 59.3574
  -> [OK] AI Tashxisi: Normal
[Yuborilmoqda] Cow #6 | GPS: 44.1029, 59.3472
  -> [OK] AI Tashxisi: Normal
[Yuborilmoqda] Cow #7 | GPS: 44.0952, 59.3504
  -> [OK] AI Tashxisi: Mastit / Infeksiya
[Yuborilmoqda] Cow #8 | GPS: 44.1099, 59.3541
  -> [OK] AI Tashxisi: Normal
[Yuborilmoqda] Cow #9 | GPS: 44.0941, 59.3474
  -> [OK] AI Tashxisi: Normal
[Yuborilmoqda] Cow #10 | GPS: 44.0935, 59.3454
  -> [OK] AI Tashxisi: Normal
[Yuborilmoqda] Cow #11 | GPS: 44.0916, 59.351
  -> [OK] AI Tashxisi: Normal
----------------------------------------
[Yuborilmoqda] Cow #1 | GPS: 44.099, 59.343
  -> [OK] AI Tashxisi: Normal
[Yuborilmoqda] Cow #2 | GPS: 44.1023, 59.3514
  -> [OK] AI Tashxisi: Normal
[Yuborilmoqda] Cow #3 | GPS: 44.0916, 59.3479
  -> [OK] AI Tashxisi: Normal
[Yuborilmoqda] Cow #4 | GPS: 44.1017, 59.3536
  -> [OK] AI Tashxisi: Ketoz / Acidosis
[Yuborilmoqda] Cow #5 | GPS: 44.0931, 59.3572
  -> [OK] AI Tashxisi: Normal
[Yuborilmoqda] Cow #6 | GPS: 44.1028, 59.3474
  -> [OK] AI Tashxisi: Normal
[Yuborilmoqda] Cow #7 | GPS: 44.095, 59.3503
  -> [OK] AI Tashxisi: Mastit / Infeksiya
[Yuborilmoqda] Cow #8 | GPS: 44.1099, 59.3543
  -> [OK] AI Tashxisi: Normal
[Yuborilmoqda] Cow #9 | GPS: 44.0941, 59.3474
  -> [OK] AI Tashxisi: Normal
[Yuborilmoqda] Cow #10 | GPS: 44.0935, 59.3456
  -> [OK] AI Tashxisi: Normal
[Yuborilmoqda] Cow #11 | GPS: 44.0914, 59.3509
  -> [OK] AI Tashxisi: Normal
----------------------------------------
[Yuborilmoqda] Cow #1 | GPS: 44.0988, 59.3431
  -> [OK] AI Tashxisi: Normal
[Yuborilmoqda] Cow #2 | GPS: 44.1022, 59.3514
  -> [OK] AI Tashxisi: Normal
[Yuborilmoqda] Cow #3 | GPS: 44.0916, 59.348
  -> [OK] AI Tashxisi: Normal
[Yuborilmoqda] Cow #4 | GPS: 44.1018, 59.3536
  -> [OK] AI Tashxisi: Ketoz / Acidosis
[Yuborilmoqda] Cow #5 | GPS: 44.0929, 59.3574
  -> [OK] AI Tashxisi: Normal
[Yuborilmoqda] Cow #6 | GPS: 44.1028, 59.3472
  -> [OK] AI Tashxisi: Normal
[Yuborilmoqda] Cow #7 | GPS: 44.0949, 59.3502
  -> [OK] AI Tashxisi: Mastit / Infeksiya
[Yuborilmoqda] Cow #8 | GPS: 44.11, 59.3543
  -> [OK] AI Tashxisi: Normal
[Yuborilmoqda] Cow #9 | GPS: 44.0941, 59.3475
  -> [OK] AI Tashxisi: Normal
[Yuborilmoqda] Cow #10 | GPS: 44.0934, 59.3454
  -> [OK] AI Tashxisi: Normal
[Yuborilmoqda] Cow #11 | GPS: 44.0916, 59.3508
  -> [OK] AI Tashxisi: Normal
----------------------------------------
[Yuborilmoqda] Cow #1 | GPS: 44.0989, 59.3429
  -> [OK] AI Tashxisi: Normal
[Yuborilmoqda] Cow #2 | GPS: 44.1023, 59.3513
  -> [OK] AI Tashxisi: Normal
[Yuborilmoqda] Cow #3 | GPS: 44.0914, 59.3479
  -> [OK] AI Tashxisi: Normal
[Yuborilmoqda] Cow #4 | GPS: 44.1018, 59.3537
  -> [OK] AI Tashxisi: Ketoz / Acidosis
[Yuborilmoqda] Cow #5 | GPS: 44.0929, 59.3572
  -> [OK] AI Tashxisi: Normal
[Yuborilmoqda] Cow #6 | GPS: 44.1028, 59.3473
  -> [OK] AI Tashxisi: Normal
[Yuborilmoqda] Cow #7 | GPS: 44.0948, 59.3504
  -> [OK] AI Tashxisi: Mastit / Infeksiya
[Yuborilmoqda] Cow #8 | GPS: 44.11, 59.3542
  -> [OK] AI Tashxisi: Normal
[Yuborilmoqda] Cow #9 | GPS: 44.094, 59.3476
  -> [OK] AI Tashxisi: Normal
[Yuborilmoqda] Cow #10 | GPS: 44.0935, 59.3456
  -> [OK] AI Tashxisi: Normal
[Yuborilmoqda] Cow #11 | GPS: 44.0915, 59.3509
  -> [OK] AI Tashxisi: Normal
----------------------------------------
[Yuborilmoqda] Cow #1 | GPS: 44.0987, 59.3429
  -> [OK] AI Tashxisi: Normal
[Yuborilmoqda] Cow #2 | GPS: 44.1024, 59.3513
  -> [OK] AI Tashxisi: Normal
[Yuborilmoqda] Cow #3 | GPS: 44.0914, 59.3478
  -> [OK] AI Tashxisi: Normal
[Yuborilmoqda] Cow #4 | GPS: 44.1017, 59.3535
  -> [OK] AI Tashxisi: Ketoz / Acidosis
[Yuborilmoqda] Cow #5 | GPS: 44.0929, 59.3572
  -> [OK] AI Tashxisi: Normal
[Yuborilmoqda] Cow #6 | GPS: 44.1028, 59.3474
  -> [OK] AI Tashxisi: Normal
[Yuborilmoqda] Cow #7 | GPS: 44.0948, 59.3506
  -> [OK] AI Tashxisi: Mastit / Infeksiya
[Yuborilmoqda] Cow #8 | GPS: 44.1099, 59.3543
  -> [OK] AI Tashxisi: Normal
[Yuborilmoqda] Cow #9 | GPS: 44.094, 59.3476
  -> [OK] AI Tashxisi: Mastit / Infeksiya
[Yuborilmoqda] Cow #10 | GPS: 44.0936, 59.3455
  -> [OK] AI Tashxisi: Normal
[Yuborilmoqda] Cow #11 | GPS: 44.0916, 59.3509
  -> [OK] AI Tashxisi: Normal
----------------------------------------
[Yuborilmoqda] Cow #1 | GPS: 44.0987, 59.3429
  -> [OK] AI Tashxisi: Normal
[Yuborilmoqda] Cow #2 | GPS: 44.1023, 59.3514
  -> [OK] AI Tashxisi: Normal
[Yuborilmoqda] Cow #3 | GPS: 44.0913, 59.3477
  -> [OK] AI Tashxisi: Normal
[Yuborilmoqda] Cow #4 | GPS: 44.1019, 59.3536
  -> [OK] AI Tashxisi: Ketoz / Acidosis
[Yuborilmoqda] Cow #5 | GPS: 44.093, 59.3571
  -> [OK] AI Tashxisi: Mastit / Infeksiya
[Yuborilmoqda] Cow #6 | GPS: 44.1028, 59.3475
  -> [OK] AI Tashxisi: Normal
[Yuborilmoqda] Cow #7 | GPS: 44.0947, 59.3505
  -> [OK] AI Tashxisi: Mastit / Infeksiya
[Yuborilmoqda] Cow #8 | GPS: 44.11, 59.3542
  -> [OK] AI Tashxisi: Normal
[Yuborilmoqda] Cow #9 | GPS: 44.0938, 59.3476
  -> [OK] AI Tashxisi: Normal
[Yuborilmoqda] Cow #10 | GPS: 44.0935, 59.3454
  -> [OK] AI Tashxisi: Normal
[Yuborilmoqda] Cow #11 | GPS: 44.0916, 59.351
  -> [OK] AI Tashxisi: Normal
----------------------------------------
[Yuborilmoqda] Cow #1 | GPS: 44.0988, 59.3428
  -> [OK] AI Tashxisi: Normal
[Yuborilmoqda] Cow #2 | GPS: 44.1022, 59.3513
  -> [OK] AI Tashxisi: Normal
[Yuborilmoqda] Cow #3 | GPS: 44.0914, 59.3475
  -> [OK] AI Tashxisi: Normal
[Yuborilmoqda] Cow #4 | GPS: 44.1019, 59.3538
  -> [OK] AI Tashxisi: Ketoz / Acidosis
[Yuborilmoqda] Cow #5 | GPS: 44.0928, 59.3572
  -> [OK] AI Tashxisi: Normal
[Yuborilmoqda] Cow #6 | GPS: 44.1029, 59.3474
  -> [OK] AI Tashxisi: Normal
[Yuborilmoqda] Cow #7 | GPS: 44.0948, 59.3504
  -> [OK] AI Tashxisi: Mastit / Infeksiya
[Yuborilmoqda] Cow #8 | GPS: 44.11, 59.3543
  -> [OK] AI Tashxisi: Normal
[Yuborilmoqda] Cow #9 | GPS: 44.0939, 59.3477
  -> [OK] AI Tashxisi: Normal
[Yuborilmoqda] Cow #10 | GPS: 44.0937, 59.3456
  -> [OK] AI Tashxisi: Normal
[Yuborilmoqda] Cow #11 | GPS: 44.0918, 59.3509
  -> [OK] AI Tashxisi: Normal
----------------------------------------
[Yuborilmoqda] Cow #1 | GPS: 44.0988, 59.3428
  -> [OK] AI Tashxisi: Normal
[Yuborilmoqda] Cow #2 | GPS: 44.1023, 59.3514
  -> [OK] AI Tashxisi: Normal
[Yuborilmoqda] Cow #3 | GPS: 44.0912, 59.3474
  -> [OK] AI Tashxisi: Normal
[Yuborilmoqda] Cow #4 | GPS: 44.1021, 59.3538
  -> [OK] AI Tashxisi: Ketoz / Acidosis
[Yuborilmoqda] Cow #5 | GPS: 44.0928, 59.3573
  -> [OK] AI Tashxisi: Normal
[Yuborilmoqda] Cow #6 | GPS: 44.1031, 59.3475
  -> [OK] AI Tashxisi: Normal
[Yuborilmoqda] Cow #7 | GPS: 44.0947, 59.3506
  -> [OK] AI Tashxisi: Mastit / Infeksiya
[Yuborilmoqda] Cow #8 | GPS: 44.1101, 59.3542
  -> [OK] AI Tashxisi: Normal
[Yuborilmoqda] Cow #9 | GPS: 44.0937, 59.3475
  -> [OK] AI Tashxisi: Normal
[Yuborilmoqda] Cow #10 | GPS: 44.0938, 59.3454
  -> [OK] AI Tashxisi: Normal
[Yuborilmoqda] Cow #11 | GPS: 44.0918, 59.3511
  -> [OK] AI Tashxisi: Normal
----------------------------------------
[Yuborilmoqda] Cow #1 | GPS: 44.0987, 59.3427
  -> [OK] AI Tashxisi: Normal
[Yuborilmoqda] Cow #2 | GPS: 44.1022, 59.3513
  -> [OK] AI Tashxisi: Normal
[Yuborilmoqda] Cow #3 | GPS: 44.0914, 59.3476
  -> [OK] AI Tashxisi: Normal
[Yuborilmoqda] Cow #4 | GPS: 44.1022, 59.354
  -> [OK] AI Tashxisi: Ketoz / Acidosis
[Yuborilmoqda] Cow #5 | GPS: 44.0927, 59.3574
  -> [OK] AI Tashxisi: Normal
[Yuborilmoqda] Cow #6 | GPS: 44.1032, 59.3476
  -> [OK] AI Tashxisi: Normal
[Yuborilmoqda] Cow #7 | GPS: 44.0946, 59.3505
  -> [OK] AI Tashxisi: Mastit / Infeksiya
[Yuborilmoqda] Cow #8 | GPS: 44.1102, 59.3543
  -> [OK] AI Tashxisi: Normal
[Yuborilmoqda] Cow #9 | GPS: 44.0936, 59.3476
  -> [OK] AI Tashxisi: Mastit / Infeksiya
[Yuborilmoqda] Cow #10 | GPS: 44.0937, 59.3454
  -> [OK] AI Tashxisi: Normal
[Yuborilmoqda] Cow #11 | GPS: 44.0917, 59.3509
  -> [OK] AI Tashxisi: Normal
----------------------------------------
[Yuborilmoqda] Cow #1 | GPS: 44.0985, 59.3426
  -> [OK] AI Tashxisi: Normal
[Yuborilmoqda] Cow #2 | GPS: 44.1022, 59.3512
  -> [OK] AI Tashxisi: Normal
[Yuborilmoqda] Cow #3 | GPS: 44.0913, 59.3474
  -> [OK] AI Tashxisi: Normal
[Yuborilmoqda] Cow #4 | GPS: 44.1022, 59.3539
  -> [OK] AI Tashxisi: Ketoz / Acidosis
[Yuborilmoqda] Cow #5 | GPS: 44.0927, 59.3576
  -> [OK] AI Tashxisi: Mastit / Infeksiya
[Yuborilmoqda] Cow #6 | GPS: 44.1032, 59.3477
  -> [OK] AI Tashxisi: Normal
[Yuborilmoqda] Cow #7 | GPS: 44.0948, 59.3504
  -> [OK] AI Tashxisi: Mastit / Infeksiya
[Yuborilmoqda] Cow #8 | GPS: 44.11, 59.3544
  -> [OK] AI Tashxisi: Mastit / Infeksiya
[Yuborilmoqda] Cow #9 | GPS: 44.0938, 59.3477
  -> [OK] AI Tashxisi: Normal
[Yuborilmoqda] Cow #10 | GPS: 44.0938, 59.3453
  -> [OK] AI Tashxisi: Normal
[Yuborilmoqda] Cow #11 | GPS: 44.0918, 59.3509
  -> [OK] AI Tashxisi: Normal
----------------------------------------
[Yuborilmoqda] Cow #1 | GPS: 44.0986, 59.3424
  -> [OK] AI Tashxisi: Normal
[Yuborilmoqda] Cow #2 | GPS: 44.1022, 59.3511
  -> [OK] AI Tashxisi: Normal
[Yuborilmoqda] Cow #3 | GPS: 44.0913, 59.3476
  -> [OK] AI Tashxisi: Normal
[Yuborilmoqda] Cow #4 | GPS: 44.1023, 59.3539
  -> [OK] AI Tashxisi: Ketoz / Acidosis
[Yuborilmoqda] Cow #5 | GPS: 44.0927, 59.3575
  -> [OK] AI Tashxisi: Normal
[Yuborilmoqda] Cow #6 | GPS: 44.1033, 59.3478
  -> [OK] AI Tashxisi: Normal
[Yuborilmoqda] Cow #7 | GPS: 44.0949, 59.3505
  -> [OK] AI Tashxisi: Mastit / Infeksiya
[Yuborilmoqda] Cow #8 | GPS: 44.11, 59.3545
  -> [OK] AI Tashxisi: Normal
[Yuborilmoqda] Cow #9 | GPS: 44.0937, 59.3477
  -> [OK] AI Tashxisi: Normal
[Yuborilmoqda] Cow #10 | GPS: 44.0939, 59.3453
  -> [OK] AI Tashxisi: Normal
[Yuborilmoqda] Cow #11 | GPS: 44.0918, 59.3509
  -> [OK] AI Tashxisi: Normal
----------------------------------------
[Yuborilmoqda] Cow #1 | GPS: 44.0984, 59.3425
  -> [OK] AI Tashxisi: Normal
[Yuborilmoqda] Cow #2 | GPS: 44.1021, 59.3512
  -> [OK] AI Tashxisi: Normal
[Yuborilmoqda] Cow #3 | GPS: 44.0913, 59.3478
  -> [OK] AI Tashxisi: Normal
[Yuborilmoqda] Cow #4 | GPS: 44.1025, 59.3538
  -> [OK] AI Tashxisi: Ketoz / Acidosis
[Yuborilmoqda] Cow #5 | GPS: 44.0926, 59.3574
  -> [OK] AI Tashxisi: Normal
[Yuborilmoqda] Cow #6 | GPS: 44.1033, 59.3477
  -> [OK] AI Tashxisi: Normal
[Yuborilmoqda] Cow #7 | GPS: 44.0948, 59.3504
  -> [OK] AI Tashxisi: Mastit / Infeksiya
[Yuborilmoqda] Cow #8 | GPS: 44.11, 59.3543
  -> [OK] AI Tashxisi: Normal
[Yuborilmoqda] Cow #9 | GPS: 44.0936, 59.3479
  -> [OK] AI Tashxisi: Normal
[Yuborilmoqda] Cow #10 | GPS: 44.094, 59.3452
  -> [OK] AI Tashxisi: Normal
[Yuborilmoqda] Cow #11 | GPS: 44.0916, 59.351
  -> [OK] AI Tashxisi: Normal
----------------------------------------
[Yuborilmoqda] Cow #1 | GPS: 44.0982, 59.3424
  -> [OK] AI Tashxisi: Normal
[Yuborilmoqda] Cow #2 | GPS: 44.1022, 59.3513
  -> [OK] AI Tashxisi: Normal
[Yuborilmoqda] Cow #3 | GPS: 44.0912, 59.3479
  -> [OK] AI Tashxisi: Normal
[Yuborilmoqda] Cow #4 | GPS: 44.1025, 59.3536
  -> [OK] AI Tashxisi: Ketoz / Acidosis
[Yuborilmoqda] Cow #5 | GPS: 44.0928, 59.3575
  -> [OK] AI Tashxisi: Normal
[Yuborilmoqda] Cow #6 | GPS: 44.1033, 59.3477
  -> [OK] AI Tashxisi: Normal
[Yuborilmoqda] Cow #7 | GPS: 44.0947, 59.3506
  -> [OK] AI Tashxisi: Mastit / Infeksiya
[Yuborilmoqda] Cow #8 | GPS: 44.1101, 59.3544
  -> [OK] AI Tashxisi: Normal
[Yuborilmoqda] Cow #9 | GPS: 44.0935, 59.3479
  -> [OK] AI Tashxisi: Normal
[Yuborilmoqda] Cow #10 | GPS: 44.0941, 59.3451
  -> [OK] AI Tashxisi: Normal
[Yuborilmoqda] Cow #11 | GPS: 44.0914, 59.3511
  -> [OK] AI Tashxisi: Normal
----------------------------------------
[Yuborilmoqda] Cow #1 | GPS: 44.0982, 59.3423
  -> [OK] AI Tashxisi: Normal
[Yuborilmoqda] Cow #2 | GPS: 44.1022, 59.3515
  -> [OK] AI Tashxisi: Normal
[Yuborilmoqda] Cow #3 | GPS: 44.0913, 59.3479
  -> [OK] AI Tashxisi: Normal
[Yuborilmoqda] Cow #4 | GPS: 44.1023, 59.3534
  -> [OK] AI Tashxisi: Ketoz / Acidosis
[Yuborilmoqda] Cow #5 | GPS: 44.0928, 59.3574
  -> [OK] AI Tashxisi: Normal
[Yuborilmoqda] Cow #6 | GPS: 44.1035, 59.3477
  -> [OK] AI Tashxisi: Normal
[Yuborilmoqda] Cow #7 | GPS: 44.0947, 59.3506
  -> [OK] AI Tashxisi: Mastit / Infeksiya
[Yuborilmoqda] Cow #8 | GPS: 44.1101, 59.3544
  -> [OK] AI Tashxisi: Mastit / Infeksiya
[Yuborilmoqda] Cow #9 | GPS: 44.0936, 59.3479
  -> [OK] AI Tashxisi: Normal
[Yuborilmoqda] Cow #10 | GPS: 44.0939, 59.3449
  -> [OK] AI Tashxisi: Normal
[Yuborilmoqda] Cow #11 | GPS: 44.0914, 59.3509
  -> [OK] AI Tashxisi: Normal
----------------------------------------
[Yuborilmoqda] Cow #1 | GPS: 44.0981, 59.3425
  -> [OK] AI Tashxisi: Normal
[Yuborilmoqda] Cow #2 | GPS: 44.102, 59.3514
  -> [OK] AI Tashxisi: Normal
[Yuborilmoqda] Cow #3 | GPS: 44.0914, 59.3481
  -> [OK] AI Tashxisi: Normal
[Yuborilmoqda] Cow #4 | GPS: 44.1024, 59.3534
  -> [OK] AI Tashxisi: Ketoz / Acidosis
[Yuborilmoqda] Cow #5 | GPS: 44.0927, 59.3576
  -> [OK] AI Tashxisi: Normal
[Yuborilmoqda] Cow #6 | GPS: 44.1036, 59.3477
  -> [OK] AI Tashxisi: Normal
[Yuborilmoqda] Cow #7 | GPS: 44.0946, 59.3507
  -> [OK] AI Tashxisi: Mastit / Infeksiya
[Yuborilmoqda] Cow #8 | GPS: 44.1099, 59.3542
  -> [OK] AI Tashxisi: Normal
[Yuborilmoqda] Cow #9 | GPS: 44.0936, 59.3479
  -> [OK] AI Tashxisi: Normal
[Yuborilmoqda] Cow #10 | GPS: 44.0941, 59.3449
  -> [OK] AI Tashxisi: Normal
[Yuborilmoqda] Cow #11 | GPS: 44.0916, 59.3508
  -> [OK] AI Tashxisi: Normal
----------------------------------------
[Yuborilmoqda] Cow #1 | GPS: 44.0982, 59.3425
  -> [OK] AI Tashxisi: Normal
[Yuborilmoqda] Cow #2 | GPS: 44.102, 59.3512
  -> [OK] AI Tashxisi: Normal
[Yuborilmoqda] Cow #3 | GPS: 44.0914, 59.3479
  -> [OK] AI Tashxisi: Normal
[Yuborilmoqda] Cow #4 | GPS: 44.1022, 59.3535
  -> [OK] AI Tashxisi: Ketoz / Acidosis
[Yuborilmoqda] Cow #5 | GPS: 44.0925, 59.3576
  -> [OK] AI Tashxisi: Normal
[Yuborilmoqda] Cow #6 | GPS: 44.1037, 59.3477
  -> [OK] AI Tashxisi: Normal
[Yuborilmoqda] Cow #7 | GPS: 44.0947, 59.3506
  -> [OK] AI Tashxisi: Mastit / Infeksiya
[Yuborilmoqda] Cow #8 | GPS: 44.11, 59.3543
  -> [OK] AI Tashxisi: Normal
[Yuborilmoqda] Cow #9 | GPS: 44.0935, 59.3481
  -> [OK] AI Tashxisi: Normal
[Yuborilmoqda] Cow #10 | GPS: 44.094, 59.3449
  -> [OK] AI Tashxisi: Normal
[Yuborilmoqda] Cow #11 | GPS: 44.0915, 59.3508
  -> [OK] AI Tashxisi: Normal
----------------------------------------
[Yuborilmoqda] Cow #1 | GPS: 44.0983, 59.3425
  -> [OK] AI Tashxisi: Normal
[Yuborilmoqda] Cow #2 | GPS: 44.1019, 59.3513
  -> [OK] AI Tashxisi: Normal
[Yuborilmoqda] Cow #3 | GPS: 44.0915, 59.3477
  -> [OK] AI Tashxisi: Normal
[Yuborilmoqda] Cow #4 | GPS: 44.1021, 59.3537
  -> [OK] AI Tashxisi: Ketoz / Acidosis
[Yuborilmoqda] Cow #5 | GPS: 44.0927, 59.3576
  -> [OK] AI Tashxisi: Normal
[Yuborilmoqda] Cow #6 | GPS: 44.1035, 59.3479
  -> [OK] AI Tashxisi: Normal
[Yuborilmoqda] Cow #7 | GPS: 44.0947, 59.3504
  -> [OK] AI Tashxisi: Mastit / Infeksiya
[Yuborilmoqda] Cow #8 | GPS: 44.11, 59.3542
  -> [OK] AI Tashxisi: Normal
[Yuborilmoqda] Cow #9 | GPS: 44.0937, 59.3483
  -> [OK] AI Tashxisi: Normal
[Yuborilmoqda] Cow #10 | GPS: 44.0941, 59.3449
  -> [OK] AI Tashxisi: Normal
[Yuborilmoqda] Cow #11 | GPS: 44.0914, 59.3508
  -> [OK] AI Tashxisi: Normal
----------------------------------------
[Yuborilmoqda] Cow #1 | GPS: 44.0981, 59.3425
  -> [OK] AI Tashxisi: Normal
[Yuborilmoqda] Cow #2 | GPS: 44.1017, 59.3514
  -> [OK] AI Tashxisi: Normal
[Yuborilmoqda] Cow #3 | GPS: 44.0913, 59.3479
  -> [OK] AI Tashxisi: Normal
[Yuborilmoqda] Cow #4 | GPS: 44.102, 59.3537
  -> [OK] AI Tashxisi: Ketoz / Acidosis
[Yuborilmoqda] Cow #5 | GPS: 44.0929, 59.3576
  -> [OK] AI Tashxisi: Normal
[Yuborilmoqda] Cow #6 | GPS: 44.1035, 59.348
  -> [OK] AI Tashxisi: Mastit / Infeksiya
[Yuborilmoqda] Cow #7 | GPS: 44.0947, 59.3505
  -> [OK] AI Tashxisi: Mastit / Infeksiya
[Yuborilmoqda] Cow #8 | GPS: 44.1101, 59.3541
  -> [OK] AI Tashxisi: Normal
[Yuborilmoqda] Cow #9 | GPS: 44.0937, 59.3483
  -> [OK] AI Tashxisi: Normal
[Yuborilmoqda] Cow #10 | GPS: 44.094, 59.3451
  -> [OK] AI Tashxisi: Normal
[Yuborilmoqda] Cow #11 | GPS: 44.0914, 59.3508
  -> [OK] AI Tashxisi: Normal
----------------------------------------
[Yuborilmoqda] Cow #1 | GPS: 44.0982, 59.3426
  -> [OK] AI Tashxisi: Normal
[Yuborilmoqda] Cow #2 | GPS: 44.1018, 59.3515
  -> [OK] AI Tashxisi: Normal
[Yuborilmoqda] Cow #3 | GPS: 44.0912, 59.3478
  -> [OK] AI Tashxisi: Normal
[Yuborilmoqda] Cow #4 | GPS: 44.102, 59.3539
  -> [OK] AI Tashxisi: Ketoz / Acidosis
[Yuborilmoqda] Cow #5 | GPS: 44.0929, 59.3574
  -> [OK] AI Tashxisi: Normal
[Yuborilmoqda] Cow #6 | GPS: 44.1035, 59.3479
  -> [OK] AI Tashxisi: Normal
[Yuborilmoqda] Cow #7 | GPS: 44.0946, 59.3505
  -> [OK] AI Tashxisi: Mastit / Infeksiya
[Yuborilmoqda] Cow #8 | GPS: 44.1099, 59.3541
  -> [OK] AI Tashxisi: Normal
[Yuborilmoqda] Cow #9 | GPS: 44.0936, 59.3482
  -> [OK] AI Tashxisi: Normal
[Yuborilmoqda] Cow #10 | GPS: 44.0938, 59.345
  -> [OK] AI Tashxisi: Normal
[Yuborilmoqda] Cow #11 | GPS: 44.0913, 59.3509
  -> [OK] AI Tashxisi: Normal
----------------------------------------
[Yuborilmoqda] Cow #1 | GPS: 44.0981, 59.3427
  -> [OK] AI Tashxisi: Normal
[Yuborilmoqda] Cow #2 | GPS: 44.1018, 59.3513
  -> [OK] AI Tashxisi: Normal
[Yuborilmoqda] Cow #3 | GPS: 44.0911, 59.3477
  -> [OK] AI Tashxisi: Normal
[Yuborilmoqda] Cow #4 | GPS: 44.102, 59.3538
  -> [OK] AI Tashxisi: Ketoz / Acidosis
[Yuborilmoqda] Cow #5 | GPS: 44.0928, 59.3576
  -> [OK] AI Tashxisi: Normal
[Yuborilmoqda] Cow #6 | GPS: 44.1033, 59.3481
  -> [OK] AI Tashxisi: Normal
[Yuborilmoqda] Cow #7 | GPS: 44.0947, 59.3503
  -> [OK] AI Tashxisi: Mastit / Infeksiya
[Yuborilmoqda] Cow #8 | GPS: 44.1097, 59.3541
  -> [OK] AI Tashxisi: Normal
[Yuborilmoqda] Cow #9 | GPS: 44.0937, 59.3483
  -> [OK] AI Tashxisi: Normal
[Yuborilmoqda] Cow #10 | GPS: 44.0938, 59.3449
  -> [OK] AI Tashxisi: Normal
[Yuborilmoqda] Cow #11 | GPS: 44.0913, 59.3508
  -> [OK] AI Tashxisi: Normal
----------------------------------------
[Yuborilmoqda] Cow #1 | GPS: 44.0981, 59.3426
  -> [OK] AI Tashxisi: Normal
[Yuborilmoqda] Cow #2 | GPS: 44.1018, 59.3514
  -> [OK] AI Tashxisi: Normal
[Yuborilmoqda] Cow #3 | GPS: 44.091, 59.3477
  -> [OK] AI Tashxisi: Mastit / Infeksiya
[Yuborilmoqda] Cow #4 | GPS: 44.1022, 59.3538
  -> [OK] AI Tashxisi: Ketoz / Acidosis
[Yuborilmoqda] Cow #5 | GPS: 44.0927, 59.3575
  -> [OK] AI Tashxisi: Normal
[Yuborilmoqda] Cow #6 | GPS: 44.1033, 59.3481
  -> [OK] AI Tashxisi: Normal
[Yuborilmoqda] Cow #7 | GPS: 44.0947, 59.3503
  -> [OK] AI Tashxisi: Mastit / Infeksiya
[Yuborilmoqda] Cow #8 | GPS: 44.1096, 59.3539
  -> [OK] AI Tashxisi: Normal
[Yuborilmoqda] Cow #9 | GPS: 44.0939, 59.3482
  -> [OK] AI Tashxisi: Normal
[Yuborilmoqda] Cow #10 | GPS: 44.0938, 59.3449
  -> [OK] AI Tashxisi: Normal
[Yuborilmoqda] Cow #11 | GPS: 44.0912, 59.3507
  -> [OK] AI Tashxisi: Mastit / Infeksiya
----------------------------------------
[Yuborilmoqda] Cow #1 | GPS: 44.0979, 59.3425
  -> [OK] AI Tashxisi: Normal
[Yuborilmoqda] Cow #2 | GPS: 44.1018, 59.3515
  -> [OK] AI Tashxisi: Normal
[Yuborilmoqda] Cow #3 | GPS: 44.0909, 59.3476
  -> [OK] AI Tashxisi: Mastit / Infeksiya
[Yuborilmoqda] Cow #4 | GPS: 44.1022, 59.3539
  -> [OK] AI Tashxisi: Ketoz / Acidosis
[Yuborilmoqda] Cow #5 | GPS: 44.0927, 59.3574
  -> [OK] AI Tashxisi: Normal
[Yuborilmoqda] Cow #6 | GPS: 44.1032, 59.3481
  -> [OK] AI Tashxisi: Normal
[Yuborilmoqda] Cow #7 | GPS: 44.0947, 59.3501
  -> [OK] AI Tashxisi: Mastit / Infeksiya
[Yuborilmoqda] Cow #8 | GPS: 44.1096, 59.3539
  -> [OK] AI Tashxisi: Normal
[Yuborilmoqda] Cow #9 | GPS: 44.094, 59.3481
  -> [OK] AI Tashxisi: Normal
[Yuborilmoqda] Cow #10 | GPS: 44.0937, 59.3449
  -> [OK] AI Tashxisi: Normal
[Yuborilmoqda] Cow #11 | GPS: 44.0913, 59.3507
  -> [OK] AI Tashxisi: Normal
----------------------------------------
[Yuborilmoqda] Cow #1 | GPS: 44.0978, 59.3424
  -> [OK] AI Tashxisi: Normal
[Yuborilmoqda] Cow #2 | GPS: 44.1018, 59.3516
  -> [OK] AI Tashxisi: Normal
[Yuborilmoqda] Cow #3 | GPS: 44.0909, 59.3476
  -> [OK] AI Tashxisi: Normal
[Yuborilmoqda] Cow #4 | GPS: 44.1022, 59.3541
  -> [OK] AI Tashxisi: Ketoz / Acidosis
[Yuborilmoqda] Cow #5 | GPS: 44.0927, 59.3575
  -> [OK] AI Tashxisi: Normal
[Yuborilmoqda] Cow #6 | GPS: 44.103, 59.3481
  -> [OK] AI Tashxisi: Normal
[Yuborilmoqda] Cow #7 | GPS: 44.0947, 59.3501
  -> [OK] AI Tashxisi: Mastit / Infeksiya
[Yuborilmoqda] Cow #8 | GPS: 44.1096, 59.354
  -> [OK] AI Tashxisi: Normal
[Yuborilmoqda] Cow #9 | GPS: 44.094, 59.3483
  -> [OK] AI Tashxisi: Normal
[Yuborilmoqda] Cow #10 | GPS: 44.0935, 59.3448
  -> [OK] AI Tashxisi: Normal
[Yuborilmoqda] Cow #11 | GPS: 44.0912, 59.3507
  -> [OK] AI Tashxisi: Normal
----------------------------------------
[Yuborilmoqda] Cow #1 | GPS: 44.0979, 59.3425
  -> [OK] AI Tashxisi: Normal
[Yuborilmoqda] Cow #2 | GPS: 44.1017, 59.3517
  -> [OK] AI Tashxisi: Normal
[Yuborilmoqda] Cow #3 | GPS: 44.0911, 59.3474
  -> [OK] AI Tashxisi: Normal
[Yuborilmoqda] Cow #4 | GPS: 44.1022, 59.3539
  -> [OK] AI Tashxisi: Ketoz / Acidosis
[Yuborilmoqda] Cow #5 | GPS: 44.0926, 59.3576
  -> [OK] AI Tashxisi: Normal
[Yuborilmoqda] Cow #6 | GPS: 44.1029, 59.3481
  -> [OK] AI Tashxisi: Normal
[Yuborilmoqda] Cow #7 | GPS: 44.0945, 59.3502
  -> [OK] AI Tashxisi: Mastit / Infeksiya
[Yuborilmoqda] Cow #8 | GPS: 44.1098, 59.3539
  -> [OK] AI Tashxisi: Normal
[Yuborilmoqda] Cow #9 | GPS: 44.0941, 59.3483
  -> [OK] AI Tashxisi: Normal
[Yuborilmoqda] Cow #10 | GPS: 44.0936, 59.3449
  -> [OK] AI Tashxisi: Normal
[Yuborilmoqda] Cow #11 | GPS: 44.0911, 59.3506
  -> [OK] AI Tashxisi: Normal
----------------------------------------
[Yuborilmoqda] Cow #1 | GPS: 44.0977, 59.3425
  -> [OK] AI Tashxisi: Normal
[Yuborilmoqda] Cow #2 | GPS: 44.1016, 59.3518
  -> [OK] AI Tashxisi: Normal
[Yuborilmoqda] Cow #3 | GPS: 44.0912, 59.3473
  -> [OK] AI Tashxisi: Normal
[Yuborilmoqda] Cow #4 | GPS: 44.1021, 59.3539
  -> [OK] AI Tashxisi: Ketoz / Acidosis
[Yuborilmoqda] Cow #5 | GPS: 44.0925, 59.3578
  -> [OK] AI Tashxisi: Normal
[Yuborilmoqda] Cow #6 | GPS: 44.103, 59.3481
  -> [OK] AI Tashxisi: Normal
[Yuborilmoqda] Cow #7 | GPS: 44.0947, 59.3501
  -> [OK] AI Tashxisi: Mastit / Infeksiya
[Yuborilmoqda] Cow #8 | GPS: 44.1098, 59.3537
  -> [OK] AI Tashxisi: Normal
[Yuborilmoqda] Cow #9 | GPS: 44.0941, 59.3484
  -> [OK] AI Tashxisi: Normal
[Yuborilmoqda] Cow #10 | GPS: 44.0934, 59.3451
  -> [OK] AI Tashxisi: Normal
[Yuborilmoqda] Cow #11 | GPS: 44.091, 59.3508
  -> [OK] AI Tashxisi: Normal
----------------------------------------
[Yuborilmoqda] Cow #1 | GPS: 44.0979, 59.3425
  -> [OK] AI Tashxisi: Normal
[Yuborilmoqda] Cow #2 | GPS: 44.1015, 59.3517
  -> [OK] AI Tashxisi: Normal
[Yuborilmoqda] Cow #3 | GPS: 44.0914, 59.3473
  -> [OK] AI Tashxisi: Normal
[Yuborilmoqda] Cow #4 | GPS: 44.1022, 59.3538
  -> [OK] AI Tashxisi: Ketoz / Acidosis
[Yuborilmoqda] Cow #5 | GPS: 44.0926, 59.3577
  -> [OK] AI Tashxisi: Normal
[Yuborilmoqda] Cow #6 | GPS: 44.1029, 59.348
  -> [OK] AI Tashxisi: Normal
[Yuborilmoqda] Cow #7 | GPS: 44.0946, 59.3501
  -> [OK] AI Tashxisi: Mastit / Infeksiya
[Yuborilmoqda] Cow #8 | GPS: 44.11, 59.3536
  -> [OK] AI Tashxisi: Normal
[Yuborilmoqda] Cow #9 | GPS: 44.0939, 59.3486
  -> [OK] AI Tashxisi: Normal
[Yuborilmoqda] Cow #10 | GPS: 44.0935, 59.3452
  -> [OK] AI Tashxisi: Normal
[Yuborilmoqda] Cow #11 | GPS: 44.0908, 59.3508
  -> [OK] AI Tashxisi: Normal
----------------------------------------
[Yuborilmoqda] Cow #1 | GPS: 44.0978, 59.3426
  -> [OK] AI Tashxisi: Normal
[Yuborilmoqda] Cow #2 | GPS: 44.1014, 59.3517
  -> [OK] AI Tashxisi: Normal
[Yuborilmoqda] Cow #3 | GPS: 44.0913, 59.3471
  -> [OK] AI Tashxisi: Normal
[Yuborilmoqda] Cow #4 | GPS: 44.1022, 59.3536
  -> [OK] AI Tashxisi: Ketoz / Acidosis
[Yuborilmoqda] Cow #5 | GPS: 44.0925, 59.3578
  -> [OK] AI Tashxisi: Normal
[Yuborilmoqda] Cow #6 | GPS: 44.1031, 59.348
  -> [OK] AI Tashxisi: Normal
[Yuborilmoqda] Cow #7 | GPS: 44.0945, 59.35
  -> [OK] AI Tashxisi: Mastit / Infeksiya
[Yuborilmoqda] Cow #8 | GPS: 44.11, 59.3534
  -> [OK] AI Tashxisi: Mastit / Infeksiya
[Yuborilmoqda] Cow #9 | GPS: 44.0938, 59.3485
  -> [OK] AI Tashxisi: Normal
[Yuborilmoqda] Cow #10 | GPS: 44.0933, 59.3452
  -> [OK] AI Tashxisi: Normal
[Yuborilmoqda] Cow #11 | GPS: 44.0907, 59.3507
  -> [OK] AI Tashxisi: Normal
----------------------------------------
[Yuborilmoqda] Cow #1 | GPS: 44.0978, 59.3428
  -> [OK] AI Tashxisi: Normal
[Yuborilmoqda] Cow #2 | GPS: 44.1014, 59.3519
  -> [OK] AI Tashxisi: Normal
[Yuborilmoqda] Cow #3 | GPS: 44.0913, 59.3471
  -> [OK] AI Tashxisi: Normal
[Yuborilmoqda] Cow #4 | GPS: 44.1022, 59.3537
  -> [OK] AI Tashxisi: Ketoz / Acidosis
[Yuborilmoqda] Cow #5 | GPS: 44.0926, 59.3578
  -> [OK] AI Tashxisi: Mastit / Infeksiya
[Yuborilmoqda] Cow #6 | GPS: 44.1032, 59.3482
  -> [OK] AI Tashxisi: Normal
[Yuborilmoqda] Cow #7 | GPS: 44.0943, 59.3498
  -> [OK] AI Tashxisi: Mastit / Infeksiya
[Yuborilmoqda] Cow #8 | GPS: 44.1099, 59.3533
  -> [OK] AI Tashxisi: Normal
[Yuborilmoqda] Cow #9 | GPS: 44.0938, 59.3487
  -> [OK] AI Tashxisi: Normal
[Yuborilmoqda] Cow #10 | GPS: 44.0932, 59.345
  -> [OK] AI Tashxisi: Normal
[Yuborilmoqda] Cow #11 | GPS: 44.0907, 59.3507
  -> [OK] AI Tashxisi: Normal
----------------------------------------
[Yuborilmoqda] Cow #1 | GPS: 44.0978, 59.3429
  -> [OK] AI Tashxisi: Normal
[Yuborilmoqda] Cow #2 | GPS: 44.1013, 59.3519
  -> [OK] AI Tashxisi: Normal
[Yuborilmoqda] Cow #3 | GPS: 44.0914, 59.3471
  -> [OK] AI Tashxisi: Normal
[Yuborilmoqda] Cow #4 | GPS: 44.1024, 59.3539
  -> [OK] AI Tashxisi: Ketoz / Acidosis
[Yuborilmoqda] Cow #5 | GPS: 44.0925, 59.3577
  -> [OK] AI Tashxisi: Normal
[Yuborilmoqda] Cow #6 | GPS: 44.1031, 59.3483
  -> [OK] AI Tashxisi: Normal
[Yuborilmoqda] Cow #7 | GPS: 44.0943, 59.3499
  -> [OK] AI Tashxisi: Mastit / Infeksiya
[Yuborilmoqda] Cow #8 | GPS: 44.1098, 59.3535
  -> [OK] AI Tashxisi: Normal
[Yuborilmoqda] Cow #9 | GPS: 44.0936, 59.3485
  -> [OK] AI Tashxisi: Normal
[Yuborilmoqda] Cow #10 | GPS: 44.093, 59.3451
  -> [OK] AI Tashxisi: Normal
[Yuborilmoqda] Cow #11 | GPS: 44.0906, 59.3508
  -> [OK] AI Tashxisi: Normal
----------------------------------------
[Yuborilmoqda] Cow #1 | GPS: 44.0976, 59.3427
  -> [OK] AI Tashxisi: Normal
[Yuborilmoqda] Cow #2 | GPS: 44.1013, 59.3517
  -> [OK] AI Tashxisi: Normal
[Yuborilmoqda] Cow #3 | GPS: 44.0913, 59.3472
  -> [OK] AI Tashxisi: Normal
[Yuborilmoqda] Cow #4 | GPS: 44.1025, 59.3538
  -> [OK] AI Tashxisi: Ketoz / Acidosis
[Yuborilmoqda] Cow #5 | GPS: 44.0924, 59.3576
  -> [OK] AI Tashxisi: Normal
[Yuborilmoqda] Cow #6 | GPS: 44.1033, 59.3483
  -> [OK] AI Tashxisi: Normal
[Yuborilmoqda] Cow #7 | GPS: 44.0942, 59.3498
  -> [OK] AI Tashxisi: Mastit / Infeksiya
[Yuborilmoqda] Cow #8 | GPS: 44.1098, 59.3533
  -> [OK] AI Tashxisi: Normal
[Yuborilmoqda] Cow #9 | GPS: 44.0935, 59.3485
  -> [OK] AI Tashxisi: Normal
[Yuborilmoqda] Cow #10 | GPS: 44.0931, 59.3451
  -> [OK] AI Tashxisi: Normal
[Yuborilmoqda] Cow #11 | GPS: 44.0904, 59.3507
  -> [OK] AI Tashxisi: Normal
----------------------------------------
[Yuborilmoqda] Cow #1 | GPS: 44.0976, 59.3428
  -> [OK] AI Tashxisi: Normal
[Yuborilmoqda] Cow #2 | GPS: 44.1015, 59.3519
  -> [OK] AI Tashxisi: Normal
[Yuborilmoqda] Cow #3 | GPS: 44.0914, 59.3471
  -> [OK] AI Tashxisi: Normal
[Yuborilmoqda] Cow #4 | GPS: 44.1026, 59.3538
  -> [OK] AI Tashxisi: Ketoz / Acidosis
[Yuborilmoqda] Cow #5 | GPS: 44.0924, 59.3576
  -> [OK] AI Tashxisi: Normal
[Yuborilmoqda] Cow #6 | GPS: 44.1034, 59.3483
  -> [OK] AI Tashxisi: Normal
[Yuborilmoqda] Cow #7 | GPS: 44.0941, 59.3499
  -> [OK] AI Tashxisi: Mastit / Infeksiya
[Yuborilmoqda] Cow #8 | GPS: 44.11, 59.3532
  -> [OK] AI Tashxisi: Normal
[Yuborilmoqda] Cow #9 | GPS: 44.0936, 59.3483
  -> [OK] AI Tashxisi: Normal
[Yuborilmoqda] Cow #10 | GPS: 44.0932, 59.3453
  -> [OK] AI Tashxisi: Normal
[Yuborilmoqda] Cow #11 | GPS: 44.0905, 59.3506
  -> [OK] AI Tashxisi: Normal
----------------------------------------
[Yuborilmoqda] Cow #1 | GPS: 44.0975, 59.3429
  -> [OK] AI Tashxisi: Normal
[Yuborilmoqda] Cow #2 | GPS: 44.1014, 59.3518
  -> [OK] AI Tashxisi: Normal
[Yuborilmoqda] Cow #3 | GPS: 44.0913, 59.3473
  -> [OK] AI Tashxisi: Normal
[Yuborilmoqda] Cow #4 | GPS: 44.1027, 59.354
  -> [OK] AI Tashxisi: Ketoz / Acidosis
[Yuborilmoqda] Cow #5 | GPS: 44.0923, 59.3577
  -> [OK] AI Tashxisi: Normal
[Yuborilmoqda] Cow #6 | GPS: 44.1033, 59.3483
  -> [OK] AI Tashxisi: Normal
[Yuborilmoqda] Cow #7 | GPS: 44.0941, 59.3498
  -> [OK] AI Tashxisi: Mastit / Infeksiya
[Yuborilmoqda] Cow #8 | GPS: 44.1101, 59.3532
  -> [OK] AI Tashxisi: Normal
[Yuborilmoqda] Cow #9 | GPS: 44.0936, 59.3484
  -> [OK] AI Tashxisi: Normal
[Yuborilmoqda] Cow #10 | GPS: 44.0933, 59.3455
  -> [OK] AI Tashxisi: Normal
[Yuborilmoqda] Cow #11 | GPS: 44.0905, 59.3508
  -> [OK] AI Tashxisi: Normal
----------------------------------------
[Yuborilmoqda] Cow #1 | GPS: 44.0976, 59.3427
  -> [OK] AI Tashxisi: Normal
[Yuborilmoqda] Cow #2 | GPS: 44.1013, 59.3518
  -> [OK] AI Tashxisi: Normal
[Yuborilmoqda] Cow #3 | GPS: 44.0914, 59.3475
  -> [OK] AI Tashxisi: Normal
[Yuborilmoqda] Cow #4 | GPS: 44.1026, 59.3539
  -> [OK] AI Tashxisi: Ketoz / Acidosis
[Yuborilmoqda] Cow #5 | GPS: 44.0924, 59.3576
  -> [OK] AI Tashxisi: Normal
[Yuborilmoqda] Cow #6 | GPS: 44.1032, 59.3483
  -> [OK] AI Tashxisi: Normal
[Yuborilmoqda] Cow #7 | GPS: 44.094, 59.3497
  -> [OK] AI Tashxisi: Mastit / Infeksiya
[Yuborilmoqda] Cow #8 | GPS: 44.1101, 59.3533
  -> [OK] AI Tashxisi: Normal
[Yuborilmoqda] Cow #9 | GPS: 44.0937, 59.3484
  -> [OK] AI Tashxisi: Normal
[Yuborilmoqda] Cow #10 | GPS: 44.0932, 59.3454
  -> [OK] AI Tashxisi: Normal
[Yuborilmoqda] Cow #11 | GPS: 44.0906, 59.3506
  -> [OK] AI Tashxisi: Normal
----------------------------------------
[Yuborilmoqda] Cow #1 | GPS: 44.0977, 59.3426
  -> [OK] AI Tashxisi: Normal
[Yuborilmoqda] Cow #2 | GPS: 44.1013, 59.3517
  -> [OK] AI Tashxisi: Mastit / Infeksiya
[Yuborilmoqda] Cow #3 | GPS: 44.0916, 59.3475
  -> [OK] AI Tashxisi: Normal
[Yuborilmoqda] Cow #4 | GPS: 44.1025, 59.3538
  -> [OK] AI Tashxisi: Ketoz / Acidosis
[Yuborilmoqda] Cow #5 | GPS: 44.0924, 59.3577
  -> [OK] AI Tashxisi: Normal
[Yuborilmoqda] Cow #6 | GPS: 44.1032, 59.3481
  -> [OK] AI Tashxisi: Normal
[Yuborilmoqda] Cow #7 | GPS: 44.0941, 59.3497
  -> [OK] AI Tashxisi: Mastit / Infeksiya
[Yuborilmoqda] Cow #8 | GPS: 44.1099, 59.3532
  -> [OK] AI Tashxisi: Normal
[Yuborilmoqda] Cow #9 | GPS: 44.0938, 59.3484
  -> [OK] AI Tashxisi: Normal
[Yuborilmoqda] Cow #10 | GPS: 44.0931, 59.3455
  -> [OK] AI Tashxisi: Normal
[Yuborilmoqda] Cow #11 | GPS: 44.0906, 59.3504
  -> [OK] AI Tashxisi: Normal
----------------------------------------
[Yuborilmoqda] Cow #1 | GPS: 44.0975, 59.3424
  -> [OK] AI Tashxisi: Normal
[Yuborilmoqda] Cow #2 | GPS: 44.1011, 59.3517
  -> [OK] AI Tashxisi: Normal
[Yuborilmoqda] Cow #3 | GPS: 44.0915, 59.3474
  -> [OK] AI Tashxisi: Normal
[Yuborilmoqda] Cow #4 | GPS: 44.1024, 59.354
  -> [OK] AI Tashxisi: Ketoz / Acidosis
[Yuborilmoqda] Cow #5 | GPS: 44.0922, 59.3575
  -> [OK] AI Tashxisi: Normal
[Yuborilmoqda] Cow #6 | GPS: 44.1032, 59.3482
  -> [OK] AI Tashxisi: Normal
[Yuborilmoqda] Cow #7 | GPS: 44.094, 59.3497
  -> [OK] AI Tashxisi: Mastit / Infeksiya
[Yuborilmoqda] Cow #8 | GPS: 44.1098, 59.3532
  -> [OK] AI Tashxisi: Mastit / Infeksiya
[Yuborilmoqda] Cow #9 | GPS: 44.0937, 59.3482
  -> [OK] AI Tashxisi: Normal
[Yuborilmoqda] Cow #10 | GPS: 44.093, 59.3454
  -> [OK] AI Tashxisi: Normal
[Yuborilmoqda] Cow #11 | GPS: 44.0905, 59.3505
  -> [OK] AI Tashxisi: Normal
----------------------------------------
[Yuborilmoqda] Cow #1 | GPS: 44.0974, 59.3424
  -> [OK] AI Tashxisi: Normal
[Yuborilmoqda] Cow #2 | GPS: 44.101, 59.3516
  -> [OK] AI Tashxisi: Mastit / Infeksiya
[Yuborilmoqda] Cow #3 | GPS: 44.0915, 59.3473
  -> [OK] AI Tashxisi: Normal
[Yuborilmoqda] Cow #4 | GPS: 44.1025, 59.354
  -> [OK] AI Tashxisi: Ketoz / Acidosis
[Yuborilmoqda] Cow #5 | GPS: 44.0922, 59.3573
  -> [OK] AI Tashxisi: Normal
[Yuborilmoqda] Cow #6 | GPS: 44.103, 59.3481
  -> [OK] AI Tashxisi: Normal
[Yuborilmoqda] Cow #7 | GPS: 44.094, 59.3497
  -> [OK] AI Tashxisi: Mastit / Infeksiya
[Yuborilmoqda] Cow #8 | GPS: 44.1099, 59.3532
  -> [OK] AI Tashxisi: Normal
[Yuborilmoqda] Cow #9 | GPS: 44.0938, 59.3482
  -> [OK] AI Tashxisi: Mastit / Infeksiya
[Yuborilmoqda] Cow #10 | GPS: 44.0929, 59.3454
  -> [OK] AI Tashxisi: Normal
[Yuborilmoqda] Cow #11 | GPS: 44.0904, 59.3504
  -> [OK] AI Tashxisi: Normal
----------------------------------------
[Yuborilmoqda] Cow #1 | GPS: 44.0973, 59.3423
  -> [OK] AI Tashxisi: Normal
[Yuborilmoqda] Cow #2 | GPS: 44.1008, 59.3516
  -> [OK] AI Tashxisi: Normal
[Yuborilmoqda] Cow #3 | GPS: 44.0914, 59.3474
  -> [OK] AI Tashxisi: Normal
[Yuborilmoqda] Cow #4 | GPS: 44.1027, 59.3539
  -> [OK] AI Tashxisi: Ketoz / Acidosis
[Yuborilmoqda] Cow #5 | GPS: 44.092, 59.3573
  -> [OK] AI Tashxisi: Normal
[Yuborilmoqda] Cow #6 | GPS: 44.1029, 59.3482
  -> [OK] AI Tashxisi: Mastit / Infeksiya
[Yuborilmoqda] Cow #7 | GPS: 44.0939, 59.3497
  -> [OK] AI Tashxisi: Mastit / Infeksiya
[Yuborilmoqda] Cow #8 | GPS: 44.11, 59.3531
  -> [OK] AI Tashxisi: Normal
[Yuborilmoqda] Cow #9 | GPS: 44.0936, 59.3481
  -> [OK] AI Tashxisi: Normal
[Yuborilmoqda] Cow #10 | GPS: 44.0927, 59.3453
  -> [OK] AI Tashxisi: Normal
[Yuborilmoqda] Cow #11 | GPS: 44.0905, 59.3504
  -> [OK] AI Tashxisi: Normal
----------------------------------------
[Yuborilmoqda] Cow #1 | GPS: 44.0973, 59.3424
  -> [OK] AI Tashxisi: Normal
[Yuborilmoqda] Cow #2 | GPS: 44.1007, 59.3515
  -> [OK] AI Tashxisi: Normal
[Yuborilmoqda] Cow #3 | GPS: 44.0913, 59.3475
  -> [OK] AI Tashxisi: Normal
[Yuborilmoqda] Cow #4 | GPS: 44.1028, 59.3538
  -> [OK] AI Tashxisi: Ketoz / Acidosis
[Yuborilmoqda] Cow #5 | GPS: 44.092, 59.3575
  -> [OK] AI Tashxisi: Normal
[Yuborilmoqda] Cow #6 | GPS: 44.1027, 59.3484
  -> [OK] AI Tashxisi: Normal
[Yuborilmoqda] Cow #7 | GPS: 44.094, 59.3497
  -> [OK] AI Tashxisi: Mastit / Infeksiya
[Yuborilmoqda] Cow #8 | GPS: 44.1099, 59.353
  -> [OK] AI Tashxisi: Normal
[Yuborilmoqda] Cow #9 | GPS: 44.0934, 59.3483
  -> [OK] AI Tashxisi: Normal
[Yuborilmoqda] Cow #10 | GPS: 44.0927, 59.3452
  -> [OK] AI Tashxisi: Normal
[Yuborilmoqda] Cow #11 | GPS: 44.0906, 59.3504
  -> [OK] AI Tashxisi: Normal
----------------------------------------
[Yuborilmoqda] Cow #1 | GPS: 44.0973, 59.3425
  -> [OK] AI Tashxisi: Normal
[Yuborilmoqda] Cow #2 | GPS: 44.1007, 59.3516
  -> [OK] AI Tashxisi: Normal
[Yuborilmoqda] Cow #3 | GPS: 44.0912, 59.3474
  -> [OK] AI Tashxisi: Normal
[Yuborilmoqda] Cow #4 | GPS: 44.1028, 59.3539
  -> [OK] AI Tashxisi: Ketoz / Acidosis
[Yuborilmoqda] Cow #5 | GPS: 44.0918, 59.3576
  -> [OK] AI Tashxisi: Normal
[Yuborilmoqda] Cow #6 | GPS: 44.1029, 59.3485
  -> [OK] AI Tashxisi: Normal
[Yuborilmoqda] Cow #7 | GPS: 44.094, 59.3499
  -> [OK] AI Tashxisi: Mastit / Infeksiya
[Yuborilmoqda] Cow #8 | GPS: 44.11, 59.3531
  -> [OK] AI Tashxisi: Normal
[Yuborilmoqda] Cow #9 | GPS: 44.0932, 59.3481
  -> [OK] AI Tashxisi: Normal
[Yuborilmoqda] Cow #10 | GPS: 44.0928, 59.3453
  -> [OK] AI Tashxisi: Normal
[Yuborilmoqda] Cow #11 | GPS: 44.0906, 59.3505
  -> [OK] AI Tashxisi: Normal
----------------------------------------
[Yuborilmoqda] Cow #1 | GPS: 44.0973, 59.3423
  -> [OK] AI Tashxisi: Normal
[Yuborilmoqda] Cow #2 | GPS: 44.1007, 59.3517
  -> [OK] AI Tashxisi: Normal
[Yuborilmoqda] Cow #3 | GPS: 44.0912, 59.3475
  -> [OK] AI Tashxisi: Mastit / Infeksiya
[Yuborilmoqda] Cow #4 | GPS: 44.1027, 59.354
  -> [OK] AI Tashxisi: Ketoz / Acidosis
[Yuborilmoqda] Cow #5 | GPS: 44.0919, 59.3576
  -> [OK] AI Tashxisi: Normal
[Yuborilmoqda] Cow #6 | GPS: 44.1027, 59.3484
  -> [OK] AI Tashxisi: Normal
[Yuborilmoqda] Cow #7 | GPS: 44.094, 59.3498
  -> [OK] AI Tashxisi: Mastit / Infeksiya
[Yuborilmoqda] Cow #8 | GPS: 44.1098, 59.3531
  -> [OK] AI Tashxisi: Normal
[Yuborilmoqda] Cow #9 | GPS: 44.0934, 59.348
  -> [OK] AI Tashxisi: Mastit / Infeksiya
[Yuborilmoqda] Cow #10 | GPS: 44.0929, 59.3452
  -> [OK] AI Tashxisi: Normal
[Yuborilmoqda] Cow #11 | GPS: 44.0906, 59.3504
  -> [OK] AI Tashxisi: Normal
----------------------------------------
[Yuborilmoqda] Cow #1 | GPS: 44.0974, 59.3425
  -> [OK] AI Tashxisi: Normal
[Yuborilmoqda] Cow #2 | GPS: 44.1007, 59.3517
  -> [OK] AI Tashxisi: Normal
[Yuborilmoqda] Cow #3 | GPS: 44.0911, 59.3477
  -> [OK] AI Tashxisi: Normal
[Yuborilmoqda] Cow #4 | GPS: 44.1025, 59.3539
  -> [OK] AI Tashxisi: Ketoz / Acidosis
[Yuborilmoqda] Cow #5 | GPS: 44.0921, 59.3577
  -> [OK] AI Tashxisi: Normal
[Yuborilmoqda] Cow #6 | GPS: 44.1025, 59.3485
  -> [OK] AI Tashxisi: Normal
[Yuborilmoqda] Cow #7 | GPS: 44.0939, 59.3497
  -> [OK] AI Tashxisi: Mastit / Infeksiya
[Yuborilmoqda] Cow #8 | GPS: 44.1098, 59.3533
  -> [OK] AI Tashxisi: Normal
[Yuborilmoqda] Cow #9 | GPS: 44.0935, 59.348
  -> [OK] AI Tashxisi: Normal
[Yuborilmoqda] Cow #10 | GPS: 44.093, 59.3453
  -> [OK] AI Tashxisi: Normal
[Yuborilmoqda] Cow #11 | GPS: 44.0906, 59.3502
  -> [OK] AI Tashxisi: Normal
----------------------------------------
[Yuborilmoqda] Cow #1 | GPS: 44.0976, 59.3423
  -> [OK] AI Tashxisi: Normal
[Yuborilmoqda] Cow #2 | GPS: 44.1006, 59.3515
  -> [OK] AI Tashxisi: Normal
[Yuborilmoqda] Cow #3 | GPS: 44.091, 59.3477
  -> [OK] AI Tashxisi: Normal
[Yuborilmoqda] Cow #4 | GPS: 44.1025, 59.354
  -> [OK] AI Tashxisi: Ketoz / Acidosis
[Yuborilmoqda] Cow #5 | GPS: 44.0923, 59.3578
  -> [OK] AI Tashxisi: Normal
[Yuborilmoqda] Cow #6 | GPS: 44.1026, 59.3486
  -> [OK] AI Tashxisi: Normal
[Yuborilmoqda] Cow #7 | GPS: 44.0941, 59.3498
  -> [OK] AI Tashxisi: Mastit / Infeksiya
[Yuborilmoqda] Cow #8 | GPS: 44.11, 59.3532
  -> [OK] AI Tashxisi: Normal
[Yuborilmoqda] Cow #9 | GPS: 44.0936, 59.3481
  -> [OK] AI Tashxisi: Normal
[Yuborilmoqda] Cow #10 | GPS: 44.0932, 59.3452
  -> [OK] AI Tashxisi: Normal
[Yuborilmoqda] Cow #11 | GPS: 44.0906, 59.3503
  -> [OK] AI Tashxisi: Normal
----------------------------------------
[Yuborilmoqda] Cow #1 | GPS: 44.0974, 59.3423
  -> [OK] AI Tashxisi: Normal
[Yuborilmoqda] Cow #2 | GPS: 44.1007, 59.3517
  -> [OK] AI Tashxisi: Normal
[Yuborilmoqda] Cow #3 | GPS: 44.0908, 59.3476
  -> [OK] AI Tashxisi: Normal
[Yuborilmoqda] Cow #4 | GPS: 44.1026, 59.3541
  -> [OK] AI Tashxisi: Ketoz / Acidosis
[Yuborilmoqda] Cow #5 | GPS: 44.0923, 59.3579
  -> [OK] AI Tashxisi: Normal
[Yuborilmoqda] Cow #6 | GPS: 44.1025, 59.3488
  -> [OK] AI Tashxisi: Normal
[Yuborilmoqda] Cow #7 | GPS: 44.094, 59.3498
  -> [OK] AI Tashxisi: Mastit / Infeksiya
[Yuborilmoqda] Cow #8 | GPS: 44.1099, 59.3531
  -> [OK] AI Tashxisi: Normal
[Yuborilmoqda] Cow #9 | GPS: 44.0936, 59.348
  -> [OK] AI Tashxisi: Normal
[Yuborilmoqda] Cow #10 | GPS: 44.0934, 59.3452
  -> [OK] AI Tashxisi: Normal
[Yuborilmoqda] Cow #11 | GPS: 44.0907, 59.3502
  -> [OK] AI Tashxisi: Normal
----------------------------------------
[Yuborilmoqda] Cow #1 | GPS: 44.0975, 59.3423
  -> [OK] AI Tashxisi: Normal
[Yuborilmoqda] Cow #2 | GPS: 44.1005, 59.3517
  -> [OK] AI Tashxisi: Normal
[Yuborilmoqda] Cow #3 | GPS: 44.0907, 59.3477
  -> [OK] AI Tashxisi: Normal
[Yuborilmoqda] Cow #4 | GPS: 44.1027, 59.3542
  -> [OK] AI Tashxisi: Ketoz / Acidosis
[Yuborilmoqda] Cow #5 | GPS: 44.0924, 59.3581
  -> [OK] AI Tashxisi: Normal
[Yuborilmoqda] Cow #6 | GPS: 44.1026, 59.3489
  -> [OK] AI Tashxisi: Normal
[Yuborilmoqda] Cow #7 | GPS: 44.0941, 59.3499
  -> [OK] AI Tashxisi: Mastit / Infeksiya
[Yuborilmoqda] Cow #8 | GPS: 44.1099, 59.353
  -> [OK] AI Tashxisi: Normal
[Yuborilmoqda] Cow #9 | GPS: 44.0934, 59.3479
  -> [OK] AI Tashxisi: Normal
[Yuborilmoqda] Cow #10 | GPS: 44.0933, 59.3452
  -> [OK] AI Tashxisi: Normal
[Yuborilmoqda] Cow #11 | GPS: 44.0907, 59.35
  -> [OK] AI Tashxisi: Normal
----------------------------------------
[Yuborilmoqda] Cow #1 | GPS: 44.0975, 59.3424
  -> [OK] AI Tashxisi: Normal
[Yuborilmoqda] Cow #2 | GPS: 44.1004, 59.3516
  -> [OK] AI Tashxisi: Normal
[Yuborilmoqda] Cow #3 | GPS: 44.0905, 59.3478
  -> [OK] AI Tashxisi: Normal
[Yuborilmoqda] Cow #4 | GPS: 44.1026, 59.3541
  -> [OK] AI Tashxisi: Ketoz / Acidosis
[Yuborilmoqda] Cow #5 | GPS: 44.0922, 59.3582
  -> [OK] AI Tashxisi: Normal
[Yuborilmoqda] Cow #6 | GPS: 44.1025, 59.349
  -> [OK] AI Tashxisi: Normal
[Yuborilmoqda] Cow #7 | GPS: 44.0939, 59.35
  -> [OK] AI Tashxisi: Mastit / Infeksiya
[Yuborilmoqda] Cow #8 | GPS: 44.11, 59.3531
  -> [OK] AI Tashxisi: Normal
[Yuborilmoqda] Cow #9 | GPS: 44.0935, 59.3479
  -> [OK] AI Tashxisi: Normal
[Yuborilmoqda] Cow #10 | GPS: 44.0934, 59.3453
  -> [OK] AI Tashxisi: Normal
[Yuborilmoqda] Cow #11 | GPS: 44.0905, 59.3498
  -> [OK] AI Tashxisi: Normal
----------------------------------------
[Yuborilmoqda] Cow #1 | GPS: 44.0973, 59.3425
  -> [OK] AI Tashxisi: Mastit / Infeksiya
[Yuborilmoqda] Cow #2 | GPS: 44.1004, 59.3516
  -> [OK] AI Tashxisi: Mastit / Infeksiya
[Yuborilmoqda] Cow #3 | GPS: 44.0903, 59.3479
  -> [OK] AI Tashxisi: Normal
[Yuborilmoqda] Cow #4 | GPS: 44.1025, 59.3539
  -> [OK] AI Tashxisi: Ketoz / Acidosis
[Yuborilmoqda] Cow #5 | GPS: 44.0922, 59.3581
  -> [OK] AI Tashxisi: Normal
[Yuborilmoqda] Cow #6 | GPS: 44.1026, 59.3489
  -> [OK] AI Tashxisi: Normal
[Yuborilmoqda] Cow #7 | GPS: 44.0939, 59.3501
  -> [OK] AI Tashxisi: Mastit / Infeksiya
[Yuborilmoqda] Cow #8 | GPS: 44.1099, 59.353
  -> [OK] AI Tashxisi: Mastit / Infeksiya
[Yuborilmoqda] Cow #9 | GPS: 44.0936, 59.348
  -> [OK] AI Tashxisi: Mastit / Infeksiya
[Yuborilmoqda] Cow #10 | GPS: 44.0933, 59.3453
  -> [OK] AI Tashxisi: Normal
[Yuborilmoqda] Cow #11 | GPS: 44.0904, 59.3499
  -> [OK] AI Tashxisi: Normal
----------------------------------------
[Yuborilmoqda] Cow #1 | GPS: 44.0972, 59.3426
  -> [OK] AI Tashxisi: Normal
[Yuborilmoqda] Cow #2 | GPS: 44.1003, 59.3517
  -> [OK] AI Tashxisi: Mastit / Infeksiya
[Yuborilmoqda] Cow #3 | GPS: 44.0903, 59.3481
  -> [OK] AI Tashxisi: Normal
[Yuborilmoqda] Cow #4 | GPS: 44.1025, 59.3538
  -> [OK] AI Tashxisi: Ketoz / Acidosis
[Yuborilmoqda] Cow #5 | GPS: 44.0923, 59.3582
  -> [OK] AI Tashxisi: Normal
[Yuborilmoqda] Cow #6 | GPS: 44.1026, 59.3489
  -> [OK] AI Tashxisi: Normal
[Yuborilmoqda] Cow #7 | GPS: 44.0939, 59.35
  -> [OK] AI Tashxisi: Mastit / Infeksiya
[Yuborilmoqda] Cow #8 | GPS: 44.11, 59.3528
  -> [OK] AI Tashxisi: Normal
[Yuborilmoqda] Cow #9 | GPS: 44.0937, 59.3481
  -> [OK] AI Tashxisi: Normal
[Yuborilmoqda] Cow #10 | GPS: 44.0933, 59.3454
  -> [OK] AI Tashxisi: Normal
[Yuborilmoqda] Cow #11 | GPS: 44.0906, 59.35
  -> [OK] AI Tashxisi: Normal
----------------------------------------
[Yuborilmoqda] Cow #1 | GPS: 44.0972, 59.3427
  -> [OK] AI Tashxisi: Normal
[Yuborilmoqda] Cow #2 | GPS: 44.1004, 59.3515
  -> [OK] AI Tashxisi: Normal
[Yuborilmoqda] Cow #3 | GPS: 44.0904, 59.3481
  -> [OK] AI Tashxisi: Normal
[Yuborilmoqda] Cow #4 | GPS: 44.1026, 59.3539
  -> [OK] AI Tashxisi: Ketoz / Acidosis
[Yuborilmoqda] Cow #5 | GPS: 44.0925, 59.3581
  -> [OK] AI Tashxisi: Normal
[Yuborilmoqda] Cow #6 | GPS: 44.1027, 59.3489
  -> [OK] AI Tashxisi: Normal
[Yuborilmoqda] Cow #7 | GPS: 44.0938, 59.35
  -> [OK] AI Tashxisi: Mastit / Infeksiya
[Yuborilmoqda] Cow #8 | GPS: 44.1102, 59.3527
  -> [OK] AI Tashxisi: Normal
[Yuborilmoqda] Cow #9 | GPS: 44.0935, 59.3482
  -> [OK] AI Tashxisi: Normal
[Yuborilmoqda] Cow #10 | GPS: 44.0934, 59.3456
  -> [OK] AI Tashxisi: Mastit / Infeksiya
[Yuborilmoqda] Cow #11 | GPS: 44.0907, 59.3502
  -> [OK] AI Tashxisi: Normal
----------------------------------------
[Yuborilmoqda] Cow #1 | GPS: 44.097, 59.3428
  -> [OK] AI Tashxisi: Normal
[Yuborilmoqda] Cow #2 | GPS: 44.1003, 59.3513
  -> [OK] AI Tashxisi: Mastit / Infeksiya
[Yuborilmoqda] Cow #3 | GPS: 44.0902, 59.3482
  -> [OK] AI Tashxisi: Normal
[Yuborilmoqda] Cow #4 | GPS: 44.1027, 59.3537
  -> [OK] AI Tashxisi: Ketoz / Acidosis
[Yuborilmoqda] Cow #5 | GPS: 44.0925, 59.3579
  -> [OK] AI Tashxisi: Normal
[Yuborilmoqda] Cow #6 | GPS: 44.1027, 59.3488
  -> [OK] AI Tashxisi: Normal
[Yuborilmoqda] Cow #7 | GPS: 44.094, 59.3501
  -> [OK] AI Tashxisi: Mastit / Infeksiya
[Yuborilmoqda] Cow #8 | GPS: 44.1101, 59.3526
  -> [OK] AI Tashxisi: Normal
[Yuborilmoqda] Cow #9 | GPS: 44.0935, 59.3483
  -> [OK] AI Tashxisi: Normal
[Yuborilmoqda] Cow #10 | GPS: 44.0934, 59.3456
  -> [OK] AI Tashxisi: Normal
[Yuborilmoqda] Cow #11 | GPS: 44.0905, 59.3503
  -> [OK] AI Tashxisi: Normal
----------------------------------------
[Yuborilmoqda] Cow #1 | GPS: 44.097, 59.3429
  -> [OK] AI Tashxisi: Normal
[Yuborilmoqda] Cow #2 | GPS: 44.1003, 59.3514
  -> [OK] AI Tashxisi: Normal
[Yuborilmoqda] Cow #3 | GPS: 44.09, 59.3483
  -> [OK] AI Tashxisi: Normal
[Yuborilmoqda] Cow #4 | GPS: 44.1028, 59.3539
  -> [OK] AI Tashxisi: Ketoz / Acidosis
[Yuborilmoqda] Cow #5 | GPS: 44.0926, 59.3581
  -> [OK] AI Tashxisi: Normal
[Yuborilmoqda] Cow #6 | GPS: 44.1028, 59.3488
  -> [OK] AI Tashxisi: Normal
[Yuborilmoqda] Cow #7 | GPS: 44.0941, 59.3503
  -> [OK] AI Tashxisi: Mastit / Infeksiya
[Yuborilmoqda] Cow #8 | GPS: 44.1103, 59.3526
  -> [OK] AI Tashxisi: Normal
[Yuborilmoqda] Cow #9 | GPS: 44.0934, 59.3484
  -> [OK] AI Tashxisi: Normal
[Yuborilmoqda] Cow #10 | GPS: 44.0935, 59.3456
  -> [OK] AI Tashxisi: Normal
[Yuborilmoqda] Cow #11 | GPS: 44.0906, 59.3502
  -> [OK] AI Tashxisi: Normal
----------------------------------------
[Yuborilmoqda] Cow #1 | GPS: 44.097, 59.3427
  -> [OK] AI Tashxisi: Normal
[Yuborilmoqda] Cow #2 | GPS: 44.1001, 59.3513
  -> [OK] AI Tashxisi: Normal
[Yuborilmoqda] Cow #3 | GPS: 44.0901, 59.3484
  -> [OK] AI Tashxisi: Normal
[Yuborilmoqda] Cow #4 | GPS: 44.1027, 59.3541
  -> [OK] AI Tashxisi: Ketoz / Acidosis
[Yuborilmoqda] Cow #5 | GPS: 44.0926, 59.3579
  -> [OK] AI Tashxisi: Normal
[Yuborilmoqda] Cow #6 | GPS: 44.1027, 59.3489
  -> [OK] AI Tashxisi: Normal
[Yuborilmoqda] Cow #7 | GPS: 44.0943, 59.3503
  -> [OK] AI Tashxisi: Mastit / Infeksiya
[Yuborilmoqda] Cow #8 | GPS: 44.1103, 59.3527
  -> [OK] AI Tashxisi: Normal
[Yuborilmoqda] Cow #9 | GPS: 44.0935, 59.3485
  -> [OK] AI Tashxisi: Normal
[Yuborilmoqda] Cow #10 | GPS: 44.0935, 59.3456
  -> [OK] AI Tashxisi: Normal
[Yuborilmoqda] Cow #11 | GPS: 44.0905, 59.3502
  -> [OK] AI Tashxisi: Normal
----------------------------------------
[Yuborilmoqda] Cow #1 | GPS: 44.0972, 59.3427
  -> [OK] AI Tashxisi: Mastit / Infeksiya
[Yuborilmoqda] Cow #2 | GPS: 44.1001, 59.3513
  -> [OK] AI Tashxisi: Normal
[Yuborilmoqda] Cow #3 | GPS: 44.0903, 59.3484
  -> [OK] AI Tashxisi: Normal
[Yuborilmoqda] Cow #4 | GPS: 44.1027, 59.354
  -> [OK] AI Tashxisi: Ketoz / Acidosis
[Yuborilmoqda] Cow #5 | GPS: 44.0928, 59.3579
  -> [OK] AI Tashxisi: Normal
[Yuborilmoqda] Cow #6 | GPS: 44.1027, 59.3488
  -> [OK] AI Tashxisi: Normal
[Yuborilmoqda] Cow #7 | GPS: 44.0942, 59.3502
  -> [OK] AI Tashxisi: Mastit / Infeksiya
[Yuborilmoqda] Cow #8 | GPS: 44.1102, 59.3528
  -> [OK] AI Tashxisi: Normal
[Yuborilmoqda] Cow #9 | GPS: 44.0934, 59.3486
  -> [OK] AI Tashxisi: Normal
[Yuborilmoqda] Cow #10 | GPS: 44.0935, 59.3456
  -> [OK] AI Tashxisi: Normal
[Yuborilmoqda] Cow #11 | GPS: 44.0907, 59.3503
  -> [OK] AI Tashxisi: Normal
----------------------------------------
[Yuborilmoqda] Cow #1 | GPS: 44.0973, 59.3426
  -> [OK] AI Tashxisi: Normal
[Yuborilmoqda] Cow #2 | GPS: 44.1003, 59.3514
  -> [OK] AI Tashxisi: Normal
[Yuborilmoqda] Cow #3 | GPS: 44.0901, 59.3484
  -> [OK] AI Tashxisi: Normal
[Yuborilmoqda] Cow #4 | GPS: 44.1026, 59.3539
  -> [OK] AI Tashxisi: Ketoz / Acidosis
[Yuborilmoqda] Cow #5 | GPS: 44.0927, 59.3578
  -> [OK] AI Tashxisi: Normal
[Yuborilmoqda] Cow #6 | GPS: 44.1026, 59.3488
  -> [OK] AI Tashxisi: Normal
[Yuborilmoqda] Cow #7 | GPS: 44.0942, 59.3502
  -> [OK] AI Tashxisi: Mastit / Infeksiya
[Yuborilmoqda] Cow #8 | GPS: 44.1103, 59.3528
  -> [OK] AI Tashxisi: Normal
[Yuborilmoqda] Cow #9 | GPS: 44.0934, 59.3485
  -> [OK] AI Tashxisi: Normal
[Yuborilmoqda] Cow #10 | GPS: 44.0935, 59.3454
  -> [OK] AI Tashxisi: Normal
[Yuborilmoqda] Cow #11 | GPS: 44.0907, 59.3504
  -> [OK] AI Tashxisi: Normal
----------------------------------------
[Yuborilmoqda] Cow #1 | GPS: 44.0975, 59.3426
  -> [OK] AI Tashxisi: Normal
[Yuborilmoqda] Cow #2 | GPS: 44.1001, 59.3515
  -> [OK] AI Tashxisi: Normal
[Yuborilmoqda] Cow #3 | GPS: 44.0901, 59.3486
  -> [OK] AI Tashxisi: Normal
[Yuborilmoqda] Cow #4 | GPS: 44.1025, 59.3539
  -> [OK] AI Tashxisi: Ketoz / Acidosis
[Yuborilmoqda] Cow #5 | GPS: 44.0926, 59.3577
  -> [OK] AI Tashxisi: Normal
[Yuborilmoqda] Cow #6 | GPS: 44.1027, 59.3489
  -> [OK] AI Tashxisi: Normal
[Yuborilmoqda] Cow #7 | GPS: 44.0942, 59.3502
  -> [OK] AI Tashxisi: Mastit / Infeksiya
[Yuborilmoqda] Cow #8 | GPS: 44.1102, 59.3527
  -> [OK] AI Tashxisi: Normal
[Yuborilmoqda] Cow #9 | GPS: 44.0935, 59.3484
  -> [OK] AI Tashxisi: Normal
[Yuborilmoqda] Cow #10 | GPS: 44.0936, 59.3453
  -> [OK] AI Tashxisi: Normal
[Yuborilmoqda] Cow #11 | GPS: 44.0908, 59.3506
  -> [OK] AI Tashxisi: Normal
----------------------------------------
[Yuborilmoqda] Cow #1 | GPS: 44.0975, 59.3424
  -> [OK] AI Tashxisi: Normal
[Yuborilmoqda] Cow #2 | GPS: 44.1002, 59.3516
  -> [OK] AI Tashxisi: Normal
[Yuborilmoqda] Cow #3 | GPS: 44.0901, 59.3484
  -> [OK] AI Tashxisi: Normal
[Yuborilmoqda] Cow #4 | GPS: 44.1026, 59.3538
  -> [OK] AI Tashxisi: Ketoz / Acidosis
[Yuborilmoqda] Cow #5 | GPS: 44.0928, 59.3576
  -> [OK] AI Tashxisi: Normal
[Yuborilmoqda] Cow #6 | GPS: 44.1029, 59.3488
  -> [OK] AI Tashxisi: Normal
[Yuborilmoqda] Cow #7 | GPS: 44.0944, 59.3501
  -> [OK] AI Tashxisi: Mastit / Infeksiya
[Yuborilmoqda] Cow #8 | GPS: 44.1103, 59.3528
  -> [OK] AI Tashxisi: Mastit / Infeksiya
[Yuborilmoqda] Cow #9 | GPS: 44.0937, 59.3485
  -> [OK] AI Tashxisi: Normal
[Yuborilmoqda] Cow #10 | GPS: 44.0935, 59.3455
  -> [OK] AI Tashxisi: Normal
[Yuborilmoqda] Cow #11 | GPS: 44.091, 59.3504
  -> [OK] AI Tashxisi: Normal
----------------------------------------
[Yuborilmoqda] Cow #1 | GPS: 44.0975, 59.3424
  -> [OK] AI Tashxisi: Normal
[Yuborilmoqda] Cow #2 | GPS: 44.1002, 59.3518
  -> [OK] AI Tashxisi: Normal
[Yuborilmoqda] Cow #3 | GPS: 44.0902, 59.3486
  -> [OK] AI Tashxisi: Normal
[Yuborilmoqda] Cow #4 | GPS: 44.1026, 59.354
  -> [OK] AI Tashxisi: Ketoz / Acidosis
[Yuborilmoqda] Cow #5 | GPS: 44.0928, 59.3578
  -> [OK] AI Tashxisi: Normal
[Yuborilmoqda] Cow #6 | GPS: 44.1027, 59.3488
  -> [OK] AI Tashxisi: Normal
[Yuborilmoqda] Cow #7 | GPS: 44.0943, 59.3503
  -> [OK] AI Tashxisi: Mastit / Infeksiya
[Yuborilmoqda] Cow #8 | GPS: 44.1102, 59.3529
  -> [OK] AI Tashxisi: Normal
[Yuborilmoqda] Cow #9 | GPS: 44.0937, 59.3485
  -> [OK] AI Tashxisi: Normal
[Yuborilmoqda] Cow #10 | GPS: 44.0934, 59.3456
  -> [OK] AI Tashxisi: Normal
[Yuborilmoqda] Cow #11 | GPS: 44.0912, 59.3503
  -> [OK] AI Tashxisi: Normal
----------------------------------------
[Yuborilmoqda] Cow #1 | GPS: 44.0973, 59.3425
  -> [OK] AI Tashxisi: Normal
[Yuborilmoqda] Cow #2 | GPS: 44.1003, 59.3516
  -> [OK] AI Tashxisi: Normal
[Yuborilmoqda] Cow #3 | GPS: 44.0901, 59.3484
  -> [OK] AI Tashxisi: Normal
[Yuborilmoqda] Cow #4 | GPS: 44.1025, 59.3539
  -> [OK] AI Tashxisi: Ketoz / Acidosis
[Yuborilmoqda] Cow #5 | GPS: 44.0928, 59.3576
  -> [OK] AI Tashxisi: Normal
[Yuborilmoqda] Cow #6 | GPS: 44.1028, 59.3488
  -> [OK] AI Tashxisi: Normal
[Yuborilmoqda] Cow #7 | GPS: 44.0942, 59.3503
  -> [OK] AI Tashxisi: Mastit / Infeksiya
[Yuborilmoqda] Cow #8 | GPS: 44.11, 59.353
  -> [OK] AI Tashxisi: Normal
[Yuborilmoqda] Cow #9 | GPS: 44.0937, 59.3486
  -> [OK] AI Tashxisi: Normal
[Yuborilmoqda] Cow #10 | GPS: 44.0935, 59.3457
  -> [OK] AI Tashxisi: Normal
[Yuborilmoqda] Cow #11 | GPS: 44.091, 59.3503
  -> [OK] AI Tashxisi: Normal
----------------------------------------
[Yuborilmoqda] Cow #1 | GPS: 44.0974, 59.3426
  -> [OK] AI Tashxisi: Normal
[Yuborilmoqda] Cow #2 | GPS: 44.1003, 59.3518
  -> [OK] AI Tashxisi: Normal
[Yuborilmoqda] Cow #3 | GPS: 44.09, 59.3485
  -> [OK] AI Tashxisi: Normal
[Yuborilmoqda] Cow #4 | GPS: 44.1025, 59.3537
  -> [OK] AI Tashxisi: Ketoz / Acidosis
[Yuborilmoqda] Cow #5 | GPS: 44.0927, 59.3574
  -> [OK] AI Tashxisi: Normal
[Yuborilmoqda] Cow #6 | GPS: 44.1026, 59.3487
  -> [OK] AI Tashxisi: Normal
[Yuborilmoqda] Cow #7 | GPS: 44.094, 59.3502
  -> [OK] AI Tashxisi: Mastit / Infeksiya
[Yuborilmoqda] Cow #8 | GPS: 44.11, 59.3531
  -> [OK] AI Tashxisi: Normal
[Yuborilmoqda] Cow #9 | GPS: 44.0937, 59.3484
  -> [OK] AI Tashxisi: Normal
[Yuborilmoqda] Cow #10 | GPS: 44.0936, 59.3459
  -> [OK] AI Tashxisi: Normal
[Yuborilmoqda] Cow #11 | GPS: 44.0911, 59.3504
  -> [OK] AI Tashxisi: Normal
----------------------------------------
[Yuborilmoqda] Cow #1 | GPS: 44.0975, 59.3425
  -> [OK] AI Tashxisi: Normal
[Yuborilmoqda] Cow #2 | GPS: 44.1002, 59.3518
  -> [OK] AI Tashxisi: Normal
[Yuborilmoqda] Cow #3 | GPS: 44.0901, 59.3484
  -> [OK] AI Tashxisi: Normal
[Yuborilmoqda] Cow #4 | GPS: 44.1026, 59.3537
  -> [OK] AI Tashxisi: Ketoz / Acidosis
[Yuborilmoqda] Cow #5 | GPS: 44.0927, 59.3574
  -> [OK] AI Tashxisi: Normal
[Yuborilmoqda] Cow #6 | GPS: 44.1025, 59.3488
  -> [OK] AI Tashxisi: Normal
[Yuborilmoqda] Cow #7 | GPS: 44.0941, 59.3501
  -> [OK] AI Tashxisi: Mastit / Infeksiya
[Yuborilmoqda] Cow #8 | GPS: 44.1098, 59.3532
  -> [OK] AI Tashxisi: Normal
[Yuborilmoqda] Cow #9 | GPS: 44.0937, 59.3482
  -> [OK] AI Tashxisi: Normal
[Yuborilmoqda] Cow #10 | GPS: 44.0936, 59.3457
  -> [OK] AI Tashxisi: Normal
[Yuborilmoqda] Cow #11 | GPS: 44.0911, 59.3503
  -> [OK] AI Tashxisi: Normal
----------------------------------------
[Yuborilmoqda] Cow #1 | GPS: 44.0973, 59.3423
  -> [OK] AI Tashxisi: Normal
[Yuborilmoqda] Cow #2 | GPS: 44.1, 59.3519
  -> [OK] AI Tashxisi: Normal
[Yuborilmoqda] Cow #3 | GPS: 44.0899, 59.3485
  -> [OK] AI Tashxisi: Normal
[Yuborilmoqda] Cow #4 | GPS: 44.1028, 59.3537
  -> [OK] AI Tashxisi: Ketoz / Acidosis
[Yuborilmoqda] Cow #5 | GPS: 44.0928, 59.3576
  -> [OK] AI Tashxisi: Normal
[Yuborilmoqda] Cow #6 | GPS: 44.1026, 59.3486
  -> [OK] AI Tashxisi: Normal
[Yuborilmoqda] Cow #7 | GPS: 44.0942, 59.3499
  -> [OK] AI Tashxisi: Mastit / Infeksiya
[Yuborilmoqda] Cow #8 | GPS: 44.11, 59.3532
  -> [OK] AI Tashxisi: Normal
[Yuborilmoqda] Cow #9 | GPS: 44.0936, 59.3481
  -> [OK] AI Tashxisi: Normal
[Yuborilmoqda] Cow #10 | GPS: 44.0936, 59.3458
  -> [OK] AI Tashxisi: Normal
[Yuborilmoqda] Cow #11 | GPS: 44.0913, 59.3504
  -> [OK] AI Tashxisi: Normal
----------------------------------------
[Yuborilmoqda] Cow #1 | GPS: 44.0972, 59.3425
  -> [OK] AI Tashxisi: Normal
[Yuborilmoqda] Cow #2 | GPS: 44.1001, 59.3517
  -> [OK] AI Tashxisi: Normal
[Yuborilmoqda] Cow #3 | GPS: 44.0898, 59.3484
  -> [OK] AI Tashxisi: Mastit / Infeksiya
[Yuborilmoqda] Cow #4 | GPS: 44.1028, 59.3536
  -> [OK] AI Tashxisi: Ketoz / Acidosis
[Yuborilmoqda] Cow #5 | GPS: 44.0929, 59.3578
  -> [OK] AI Tashxisi: Normal
[Yuborilmoqda] Cow #6 | GPS: 44.1027, 59.3487
  -> [OK] AI Tashxisi: Normal
[Yuborilmoqda] Cow #7 | GPS: 44.0942, 59.3499
  -> [OK] AI Tashxisi: Mastit / Infeksiya
[Yuborilmoqda] Cow #8 | GPS: 44.1101, 59.3534
  -> [OK] AI Tashxisi: Mastit / Infeksiya
[Yuborilmoqda] Cow #9 | GPS: 44.0936, 59.3481
  -> [OK] AI Tashxisi: Normal
[Yuborilmoqda] Cow #10 | GPS: 44.0936, 59.3458
  -> [OK] AI Tashxisi: Normal
[Yuborilmoqda] Cow #11 | GPS: 44.0914, 59.3503
  -> [OK] AI Tashxisi: Normal
----------------------------------------
[Yuborilmoqda] Cow #1 | GPS: 44.0973, 59.3425
  -> [OK] AI Tashxisi: Normal
[Yuborilmoqda] Cow #2 | GPS: 44.1, 59.3519
  -> [OK] AI Tashxisi: Normal
[Yuborilmoqda] Cow #3 | GPS: 44.0896, 59.3483
  -> [OK] AI Tashxisi: Normal
[Yuborilmoqda] Cow #4 | GPS: 44.1026, 59.3537
  -> [OK] AI Tashxisi: Ketoz / Acidosis
[Yuborilmoqda] Cow #5 | GPS: 44.0928, 59.3578
  -> [OK] AI Tashxisi: Normal
[Yuborilmoqda] Cow #6 | GPS: 44.1026, 59.3486
  -> [OK] AI Tashxisi: Normal
[Yuborilmoqda] Cow #7 | GPS: 44.0942, 59.35
  -> [OK] AI Tashxisi: Mastit / Infeksiya
[Yuborilmoqda] Cow #8 | GPS: 44.11, 59.3535
  -> [OK] AI Tashxisi: Normal
[Yuborilmoqda] Cow #9 | GPS: 44.0936, 59.3482
  -> [OK] AI Tashxisi: Normal
[Yuborilmoqda] Cow #10 | GPS: 44.0938, 59.3456
  -> [OK] AI Tashxisi: Normal
[Yuborilmoqda] Cow #11 | GPS: 44.0914, 59.3505
  -> [OK] AI Tashxisi: Normal
----------------------------------------
[Yuborilmoqda] Cow #1 | GPS: 44.0973, 59.3426
  -> [OK] AI Tashxisi: Normal
[Yuborilmoqda] Cow #2 | GPS: 44.1001, 59.3518
  -> [OK] AI Tashxisi: Normal
[Yuborilmoqda] Cow #3 | GPS: 44.0895, 59.3484
  -> [OK] AI Tashxisi: Normal
[Yuborilmoqda] Cow #4 | GPS: 44.1025, 59.3537
  -> [OK] AI Tashxisi: Ketoz / Acidosis
[Yuborilmoqda] Cow #5 | GPS: 44.0927, 59.358
  -> [OK] AI Tashxisi: Normal
[Yuborilmoqda] Cow #6 | GPS: 44.1028, 59.3487
  -> [OK] AI Tashxisi: Normal
[Yuborilmoqda] Cow #7 | GPS: 44.0942, 59.3501
  -> [OK] AI Tashxisi: Mastit / Infeksiya
[Yuborilmoqda] Cow #8 | GPS: 44.1101, 59.3536
  -> [OK] AI Tashxisi: Normal
[Yuborilmoqda] Cow #9 | GPS: 44.0938, 59.3484
  -> [OK] AI Tashxisi: Normal
[Yuborilmoqda] Cow #10 | GPS: 44.0937, 59.3458
  -> [OK] AI Tashxisi: Mastit / Infeksiya
[Yuborilmoqda] Cow #11 | GPS: 44.0913, 59.3505
  -> [OK] AI Tashxisi: Normal
----------------------------------------
[Yuborilmoqda] Cow #1 | GPS: 44.0972, 59.3428
  -> [OK] AI Tashxisi: Normal
[Yuborilmoqda] Cow #2 | GPS: 44.1001, 59.3519
  -> [OK] AI Tashxisi: Normal
[Yuborilmoqda] Cow #3 | GPS: 44.0895, 59.3483
  -> [OK] AI Tashxisi: Normal
[Yuborilmoqda] Cow #4 | GPS: 44.1026, 59.3539
  -> [OK] AI Tashxisi: Ketoz / Acidosis
[Yuborilmoqda] Cow #5 | GPS: 44.0928, 59.3579
  -> [OK] AI Tashxisi: Normal
[Yuborilmoqda] Cow #6 | GPS: 44.1027, 59.3487
  -> [OK] AI Tashxisi: Normal
[Yuborilmoqda] Cow #7 | GPS: 44.0943, 59.35
  -> [OK] AI Tashxisi: Mastit / Infeksiya
[Yuborilmoqda] Cow #8 | GPS: 44.1102, 59.3537
  -> [OK] AI Tashxisi: Normal
[Yuborilmoqda] Cow #9 | GPS: 44.0937, 59.3484
  -> [OK] AI Tashxisi: Mastit / Infeksiya
[Yuborilmoqda] Cow #10 | GPS: 44.0937, 59.3459
  -> [OK] AI Tashxisi: Normal
[Yuborilmoqda] Cow #11 | GPS: 44.0915, 59.3506
  -> [OK] AI Tashxisi: Mastit / Infeksiya
----------------------------------------
[Yuborilmoqda] Cow #1 | GPS: 44.097, 59.3429
  -> [OK] AI Tashxisi: Normal
[Yuborilmoqda] Cow #2 | GPS: 44.1001, 59.3517
  -> [OK] AI Tashxisi: Normal
[Yuborilmoqda] Cow #3 | GPS: 44.0895, 59.3484
  -> [OK] AI Tashxisi: Normal
[Yuborilmoqda] Cow #4 | GPS: 44.1027, 59.3539
  -> [OK] AI Tashxisi: Ketoz / Acidosis
[Yuborilmoqda] Cow #5 | GPS: 44.0928, 59.3581
  -> [OK] AI Tashxisi: Normal
[Yuborilmoqda] Cow #6 | GPS: 44.1026, 59.3486
  -> [OK] AI Tashxisi: Normal
[Yuborilmoqda] Cow #7 | GPS: 44.0941, 59.35
  -> [OK] AI Tashxisi: Mastit / Infeksiya
[Yuborilmoqda] Cow #8 | GPS: 44.1103, 59.3537
  -> [OK] AI Tashxisi: Normal
[Yuborilmoqda] Cow #9 | GPS: 44.0938, 59.3486
  -> [OK] AI Tashxisi: Normal
[Yuborilmoqda] Cow #10 | GPS: 44.0938, 59.3461
  -> [OK] AI Tashxisi: Normal
[Yuborilmoqda] Cow #11 | GPS: 44.0913, 59.3504
  -> [OK] AI Tashxisi: Normal
----------------------------------------
[Yuborilmoqda] Cow #1 | GPS: 44.0971, 59.3429
  -> [OK] AI Tashxisi: Normal
[Yuborilmoqda] Cow #2 | GPS: 44.1001, 59.3517
  -> [OK] AI Tashxisi: Normal
[Yuborilmoqda] Cow #3 | GPS: 44.0895, 59.3483
  -> [OK] AI Tashxisi: Normal
[Yuborilmoqda] Cow #4 | GPS: 44.1025, 59.3539
  -> [OK] AI Tashxisi: Ketoz / Acidosis
[Yuborilmoqda] Cow #5 | GPS: 44.0927, 59.3582
  -> [OK] AI Tashxisi: Mastit / Infeksiya
[Yuborilmoqda] Cow #6 | GPS: 44.1026, 59.3485
  -> [OK] AI Tashxisi: Normal
[Yuborilmoqda] Cow #7 | GPS: 44.094, 59.3501
  -> [OK] AI Tashxisi: Mastit / Infeksiya
[Yuborilmoqda] Cow #8 | GPS: 44.1104, 59.3539
  -> [OK] AI Tashxisi: Normal
[Yuborilmoqda] Cow #9 | GPS: 44.0938, 59.3484
  -> [OK] AI Tashxisi: Normal
[Yuborilmoqda] Cow #10 | GPS: 44.0937, 59.3461
  -> [OK] AI Tashxisi: Normal
[Yuborilmoqda] Cow #11 | GPS: 44.0912, 59.3502
  -> [OK] AI Tashxisi: Normal
----------------------------------------
[Yuborilmoqda] Cow #1 | GPS: 44.0969, 59.343
  -> [OK] AI Tashxisi: Normal
[Yuborilmoqda] Cow #2 | GPS: 44.1, 59.3518
  -> [OK] AI Tashxisi: Normal
[Yuborilmoqda] Cow #3 | GPS: 44.0894, 59.3483
  -> [OK] AI Tashxisi: Normal
[Yuborilmoqda] Cow #4 | GPS: 44.1027, 59.3537
  -> [OK] AI Tashxisi: Ketoz / Acidosis
[Yuborilmoqda] Cow #5 | GPS: 44.0928, 59.3582
  -> [OK] AI Tashxisi: Normal
[Yuborilmoqda] Cow #6 | GPS: 44.1024, 59.3486
  -> [OK] AI Tashxisi: Normal
[Yuborilmoqda] Cow #7 | GPS: 44.0939, 59.3501
  -> [OK] AI Tashxisi: Mastit / Infeksiya
[Yuborilmoqda] Cow #8 | GPS: 44.1104, 59.3541
  -> [OK] AI Tashxisi: Normal
[Yuborilmoqda] Cow #9 | GPS: 44.0937, 59.3483
  -> [OK] AI Tashxisi: Normal
[Yuborilmoqda] Cow #10 | GPS: 44.0937, 59.3459
  -> [OK] AI Tashxisi: Normal
[Yuborilmoqda] Cow #11 | GPS: 44.0912, 59.3501
  -> [OK] AI Tashxisi: Normal
----------------------------------------
[Yuborilmoqda] Cow #1 | GPS: 44.0968, 59.3428
  -> [OK] AI Tashxisi: Normal
[Yuborilmoqda] Cow #2 | GPS: 44.0998, 59.3517
  -> [OK] AI Tashxisi: Normal
[Yuborilmoqda] Cow #3 | GPS: 44.0895, 59.3482
  -> [OK] AI Tashxisi: Mastit / Infeksiya
[Yuborilmoqda] Cow #4 | GPS: 44.1028, 59.3536
  -> [OK] AI Tashxisi: Ketoz / Acidosis
[Yuborilmoqda] Cow #5 | GPS: 44.0927, 59.3583
  -> [OK] AI Tashxisi: Normal
[Yuborilmoqda] Cow #6 | GPS: 44.1025, 59.3487
  -> [OK] AI Tashxisi: Normal
[Yuborilmoqda] Cow #7 | GPS: 44.0938, 59.35
  -> [OK] AI Tashxisi: Mastit / Infeksiya
[Yuborilmoqda] Cow #8 | GPS: 44.1105, 59.3541
  -> [OK] AI Tashxisi: Normal
[Yuborilmoqda] Cow #9 | GPS: 44.0937, 59.3481
  -> [OK] AI Tashxisi: Normal
[Yuborilmoqda] Cow #10 | GPS: 44.0936, 59.3461
  -> [OK] AI Tashxisi: Normal
[Yuborilmoqda] Cow #11 | GPS: 44.0914, 59.3499
  -> [OK] AI Tashxisi: Normal
----------------------------------------
[Yuborilmoqda] Cow #1 | GPS: 44.0966, 59.3429
  -> [OK] AI Tashxisi: Normal
[Yuborilmoqda] Cow #2 | GPS: 44.0997, 59.3518
  -> [OK] AI Tashxisi: Normal
[Yuborilmoqda] Cow #3 | GPS: 44.0895, 59.348
  -> [OK] AI Tashxisi: Normal
[Yuborilmoqda] Cow #4 | GPS: 44.1029, 59.3537
  -> [OK] AI Tashxisi: Ketoz / Acidosis
[Yuborilmoqda] Cow #5 | GPS: 44.0925, 59.3584
  -> [OK] AI Tashxisi: Normal
[Yuborilmoqda] Cow #6 | GPS: 44.1026, 59.3488
  -> [OK] AI Tashxisi: Normal
[Yuborilmoqda] Cow #7 | GPS: 44.0937, 59.3501
  -> [OK] AI Tashxisi: Mastit / Infeksiya
[Yuborilmoqda] Cow #8 | GPS: 44.1105, 59.3542
  -> [OK] AI Tashxisi: Normal
[Yuborilmoqda] Cow #9 | GPS: 44.0938, 59.348
  -> [OK] AI Tashxisi: Normal
[Yuborilmoqda] Cow #10 | GPS: 44.0936, 59.346
  -> [OK] AI Tashxisi: Normal
[Yuborilmoqda] Cow #11 | GPS: 44.0915, 59.35
  -> [OK] AI Tashxisi: Normal
----------------------------------------
[Yuborilmoqda] Cow #1 | GPS: 44.0966, 59.3428
  -> [OK] AI Tashxisi: Normal
[Yuborilmoqda] Cow #2 | GPS: 44.0998, 59.3519
  -> [OK] AI Tashxisi: Normal
[Yuborilmoqda] Cow #3 | GPS: 44.0896, 59.3478
  -> [OK] AI Tashxisi: Normal
[Yuborilmoqda] Cow #4 | GPS: 44.1029, 59.3536
  -> [OK] AI Tashxisi: Ketoz / Acidosis
[Yuborilmoqda] Cow #5 | GPS: 44.0926, 59.3586
  -> [OK] AI Tashxisi: Normal
[Yuborilmoqda] Cow #6 | GPS: 44.1027, 59.3487
  -> [OK] AI Tashxisi: Normal
[Yuborilmoqda] Cow #7 | GPS: 44.0938, 59.3501
  -> [OK] AI Tashxisi: Mastit / Infeksiya
[Yuborilmoqda] Cow #8 | GPS: 44.1104, 59.3541
  -> [OK] AI Tashxisi: Normal
[Yuborilmoqda] Cow #9 | GPS: 44.0936, 59.348
  -> [OK] AI Tashxisi: Normal
[Yuborilmoqda] Cow #10 | GPS: 44.0937, 59.346
  -> [OK] AI Tashxisi: Normal
[Yuborilmoqda] Cow #11 | GPS: 44.0914, 59.35
  -> [OK] AI Tashxisi: Normal
----------------------------------------
[Yuborilmoqda] Cow #1 | GPS: 44.0967, 59.343
  -> [OK] AI Tashxisi: Normal
[Yuborilmoqda] Cow #2 | GPS: 44.0998, 59.352
  -> [OK] AI Tashxisi: Normal
[Yuborilmoqda] Cow #3 | GPS: 44.0896, 59.3478
  -> [OK] AI Tashxisi: Normal
[Yuborilmoqda] Cow #4 | GPS: 44.103, 59.3536
  -> [OK] AI Tashxisi: Ketoz / Acidosis
[Yuborilmoqda] Cow #5 | GPS: 44.0927, 59.3586
  -> [OK] AI Tashxisi: Normal
[Yuborilmoqda] Cow #6 | GPS: 44.1026, 59.3489
  -> [OK] AI Tashxisi: Normal
[Yuborilmoqda] Cow #7 | GPS: 44.0937, 59.3503
  -> [OK] AI Tashxisi: Mastit / Infeksiya
[Yuborilmoqda] Cow #8 | GPS: 44.1103, 59.354
  -> [OK] AI Tashxisi: Normal
[Yuborilmoqda] Cow #9 | GPS: 44.0938, 59.3479
  -> [OK] AI Tashxisi: Normal
[Yuborilmoqda] Cow #10 | GPS: 44.0937, 59.346
  -> [OK] AI Tashxisi: Normal
[Yuborilmoqda] Cow #11 | GPS: 44.0915, 59.35
  -> [OK] AI Tashxisi: Normal
----------------------------------------
[Yuborilmoqda] Cow #1 | GPS: 44.0966, 59.343
  -> [OK] AI Tashxisi: Normal
[Yuborilmoqda] Cow #2 | GPS: 44.1, 59.3519
  -> [OK] AI Tashxisi: Normal
[Yuborilmoqda] Cow #3 | GPS: 44.0896, 59.348
  -> [OK] AI Tashxisi: Normal
[Yuborilmoqda] Cow #4 | GPS: 44.1031, 59.3537
  -> [OK] AI Tashxisi: Ketoz / Acidosis
[Yuborilmoqda] Cow #5 | GPS: 44.0928, 59.3586
  -> [OK] AI Tashxisi: Normal
[Yuborilmoqda] Cow #6 | GPS: 44.1026, 59.3487
  -> [OK] AI Tashxisi: Normal
[Yuborilmoqda] Cow #7 | GPS: 44.0938, 59.3501
  -> [OK] AI Tashxisi: Mastit / Infeksiya
[Yuborilmoqda] Cow #8 | GPS: 44.1102, 59.3539
  -> [OK] AI Tashxisi: Normal
[Yuborilmoqda] Cow #9 | GPS: 44.0937, 59.3478
  -> [OK] AI Tashxisi: Normal
[Yuborilmoqda] Cow #10 | GPS: 44.0936, 59.3461
  -> [OK] AI Tashxisi: Normal
[Yuborilmoqda] Cow #11 | GPS: 44.0916, 59.3501
  -> [OK] AI Tashxisi: Normal
----------------------------------------
[Yuborilmoqda] Cow #1 | GPS: 44.0966, 59.3429
  -> [OK] AI Tashxisi: Normal
[Yuborilmoqda] Cow #2 | GPS: 44.0998, 59.3519
  -> [OK] AI Tashxisi: Normal
[Yuborilmoqda] Cow #3 | GPS: 44.0896, 59.3479
  -> [OK] AI Tashxisi: Normal
[Yuborilmoqda] Cow #4 | GPS: 44.1033, 59.3539
  -> [OK] AI Tashxisi: Ketoz / Acidosis
[Yuborilmoqda] Cow #5 | GPS: 44.0929, 59.3587
  -> [OK] AI Tashxisi: Normal
[Yuborilmoqda] Cow #6 | GPS: 44.1027, 59.3486
  -> [OK] AI Tashxisi: Normal
[Yuborilmoqda] Cow #7 | GPS: 44.0937, 59.3502
  -> [OK] AI Tashxisi: Mastit / Infeksiya
[Yuborilmoqda] Cow #8 | GPS: 44.1103, 59.3538
  -> [OK] AI Tashxisi: Normal
[Yuborilmoqda] Cow #9 | GPS: 44.0937, 59.3479
  -> [OK] AI Tashxisi: Normal
[Yuborilmoqda] Cow #10 | GPS: 44.0935, 59.346
  -> [OK] AI Tashxisi: Normal
[Yuborilmoqda] Cow #11 | GPS: 44.0914, 59.3502
  -> [OK] AI Tashxisi: Normal
----------------------------------------
[Yuborilmoqda] Cow #1 | GPS: 44.0964, 59.343
  -> [OK] AI Tashxisi: Normal
[Yuborilmoqda] Cow #2 | GPS: 44.0998, 59.3517
  -> [OK] AI Tashxisi: Normal
[Yuborilmoqda] Cow #3 | GPS: 44.0894, 59.348
  -> [OK] AI Tashxisi: Normal
[Yuborilmoqda] Cow #4 | GPS: 44.1031, 59.3539
  -> [OK] AI Tashxisi: Ketoz / Acidosis
[Yuborilmoqda] Cow #5 | GPS: 44.0931, 59.3586
  -> [OK] AI Tashxisi: Normal
[Yuborilmoqda] Cow #6 | GPS: 44.1028, 59.3487
  -> [OK] AI Tashxisi: Normal
[Yuborilmoqda] Cow #7 | GPS: 44.0936, 59.3501
  -> [OK] AI Tashxisi: Mastit / Infeksiya
[Yuborilmoqda] Cow #8 | GPS: 44.1102, 59.3539
  -> [OK] AI Tashxisi: Normal
[Yuborilmoqda] Cow #9 | GPS: 44.0939, 59.3477
  -> [OK] AI Tashxisi: Normal
[Yuborilmoqda] Cow #10 | GPS: 44.0933, 59.3459
  -> [OK] AI Tashxisi: Normal
[Yuborilmoqda] Cow #11 | GPS: 44.0913, 59.3502
  -> [OK] AI Tashxisi: Normal
----------------------------------------
[Yuborilmoqda] Cow #1 | GPS: 44.0964, 59.343
  -> [OK] AI Tashxisi: Normal
[Yuborilmoqda] Cow #2 | GPS: 44.0998, 59.3515
  -> [OK] AI Tashxisi: Normal
[Yuborilmoqda] Cow #3 | GPS: 44.0895, 59.3481
  -> [OK] AI Tashxisi: Normal
[Yuborilmoqda] Cow #4 | GPS: 44.1032, 59.354
  -> [OK] AI Tashxisi: Ketoz / Acidosis
[Yuborilmoqda] Cow #5 | GPS: 44.0929, 59.3585
  -> [OK] AI Tashxisi: Normal
[Yuborilmoqda] Cow #6 | GPS: 44.103, 59.3488
  -> [OK] AI Tashxisi: Normal
[Yuborilmoqda] Cow #7 | GPS: 44.0935, 59.3503
  -> [OK] AI Tashxisi: Mastit / Infeksiya
[Yuborilmoqda] Cow #8 | GPS: 44.1102, 59.3541
  -> [OK] AI Tashxisi: Normal
[Yuborilmoqda] Cow #9 | GPS: 44.0938, 59.3478
  -> [OK] AI Tashxisi: Normal
[Yuborilmoqda] Cow #10 | GPS: 44.0932, 59.3459
  -> [OK] AI Tashxisi: Normal
[Yuborilmoqda] Cow #11 | GPS: 44.0914, 59.3504
  -> [OK] AI Tashxisi: Normal
----------------------------------------
[Yuborilmoqda] Cow #1 | GPS: 44.0964, 59.3431
  -> [OK] AI Tashxisi: Normal
[Yuborilmoqda] Cow #2 | GPS: 44.0997, 59.3517
  -> [OK] AI Tashxisi: Normal
[Yuborilmoqda] Cow #3 | GPS: 44.0894, 59.3482
  -> [OK] AI Tashxisi: Normal
[Yuborilmoqda] Cow #4 | GPS: 44.1033, 59.3541
  -> [OK] AI Tashxisi: Ketoz / Acidosis
[Yuborilmoqda] Cow #5 | GPS: 44.0929, 59.3585
  -> [OK] AI Tashxisi: Normal
[Yuborilmoqda] Cow #6 | GPS: 44.103, 59.3487
  -> [OK] AI Tashxisi: Normal
[Yuborilmoqda] Cow #7 | GPS: 44.0937, 59.3502
  -> [OK] AI Tashxisi: Mastit / Infeksiya
[Yuborilmoqda] Cow #8 | GPS: 44.1102, 59.3542
  -> [OK] AI Tashxisi: Normal
[Yuborilmoqda] Cow #9 | GPS: 44.0939, 59.3479
  -> [OK] AI Tashxisi: Normal
[Yuborilmoqda] Cow #10 | GPS: 44.0932, 59.346
  -> [OK] AI Tashxisi: Normal
[Yuborilmoqda] Cow #11 | GPS: 44.0916, 59.3504
  -> [OK] AI Tashxisi: Mastit / Infeksiya
----------------------------------------
[Yuborilmoqda] Cow #1 | GPS: 44.0964, 59.3431
  -> [OK] AI Tashxisi: Normal
[Yuborilmoqda] Cow #2 | GPS: 44.0996, 59.3519
  -> [OK] AI Tashxisi: Normal
[Yuborilmoqda] Cow #3 | GPS: 44.0895, 59.3483
  -> [OK] AI Tashxisi: Normal
[Yuborilmoqda] Cow #4 | GPS: 44.1031, 59.3542
  -> [OK] AI Tashxisi: Ketoz / Acidosis
[Yuborilmoqda] Cow #5 | GPS: 44.0929, 59.3586
  -> [OK] AI Tashxisi: Normal
[Yuborilmoqda] Cow #6 | GPS: 44.103, 59.3489
  -> [OK] AI Tashxisi: Normal
[Yuborilmoqda] Cow #7 | GPS: 44.0938, 59.3504
  -> [OK] AI Tashxisi: Mastit / Infeksiya
[Yuborilmoqda] Cow #8 | GPS: 44.1101, 59.3542
  -> [OK] AI Tashxisi: Normal
[Yuborilmoqda] Cow #9 | GPS: 44.0937, 59.3481
  -> [OK] AI Tashxisi: Normal
[Yuborilmoqda] Cow #10 | GPS: 44.0931, 59.3461
  -> [OK] AI Tashxisi: Normal
[Yuborilmoqda] Cow #11 | GPS: 44.0914, 59.3502
  -> [OK] AI Tashxisi: Normal
----------------------------------------
[Yuborilmoqda] Cow #1 | GPS: 44.0965, 59.343
  -> [OK] AI Tashxisi: Normal
[Yuborilmoqda] Cow #2 | GPS: 44.0996, 59.3518
  -> [OK] AI Tashxisi: Normal
[Yuborilmoqda] Cow #3 | GPS: 44.0894, 59.3482
  -> [OK] AI Tashxisi: Normal
[Yuborilmoqda] Cow #4 | GPS: 44.1031, 59.3541
  -> [OK] AI Tashxisi: Ketoz / Acidosis
[Yuborilmoqda] Cow #5 | GPS: 44.0927, 59.3587
  -> [OK] AI Tashxisi: Normal
[Yuborilmoqda] Cow #6 | GPS: 44.103, 59.3487
  -> [OK] AI Tashxisi: Normal
[Yuborilmoqda] Cow #7 | GPS: 44.0939, 59.3503
  -> [OK] AI Tashxisi: Mastit / Infeksiya
[Yuborilmoqda] Cow #8 | GPS: 44.1102, 59.3542
  -> [OK] AI Tashxisi: Normal
[Yuborilmoqda] Cow #9 | GPS: 44.0935, 59.3483
  -> [OK] AI Tashxisi: Normal
[Yuborilmoqda] Cow #10 | GPS: 44.0932, 59.3462
  -> [OK] AI Tashxisi: Normal
[Yuborilmoqda] Cow #11 | GPS: 44.0915, 59.3502
  -> [OK] AI Tashxisi: Normal
----------------------------------------
[Yuborilmoqda] Cow #1 | GPS: 44.0966, 59.343
  -> [OK] AI Tashxisi: Normal
[Yuborilmoqda] Cow #2 | GPS: 44.0997, 59.3519
  -> [OK] AI Tashxisi: Normal
[Yuborilmoqda] Cow #3 | GPS: 44.0892, 59.3483
  -> [OK] AI Tashxisi: Normal
[Yuborilmoqda] Cow #4 | GPS: 44.1032, 59.354
  -> [OK] AI Tashxisi: Ketoz / Acidosis
[Yuborilmoqda] Cow #5 | GPS: 44.0927, 59.3586
  -> [OK] AI Tashxisi: Normal
[Yuborilmoqda] Cow #6 | GPS: 44.1032, 59.3487
  -> [OK] AI Tashxisi: Normal
[Yuborilmoqda] Cow #7 | GPS: 44.0939, 59.3502
  -> [OK] AI Tashxisi: Mastit / Infeksiya
[Yuborilmoqda] Cow #8 | GPS: 44.1101, 59.3543
  -> [OK] AI Tashxisi: Normal
[Yuborilmoqda] Cow #9 | GPS: 44.0935, 59.3485
  -> [OK] AI Tashxisi: Mastit / Infeksiya
[Yuborilmoqda] Cow #10 | GPS: 44.0931, 59.3463
  -> [OK] AI Tashxisi: Normal
[Yuborilmoqda] Cow #11 | GPS: 44.0916, 59.3502
  -> [OK] AI Tashxisi: Normal
----------------------------------------
[Yuborilmoqda] Cow #1 | GPS: 44.0967, 59.3431
  -> [OK] AI Tashxisi: Normal
[Yuborilmoqda] Cow #2 | GPS: 44.0997, 59.3519
  -> [OK] AI Tashxisi: Normal
[Yuborilmoqda] Cow #3 | GPS: 44.0893, 59.3482
  -> [OK] AI Tashxisi: Normal
[Yuborilmoqda] Cow #4 | GPS: 44.1033, 59.3541
  -> [OK] AI Tashxisi: Ketoz / Acidosis
[Yuborilmoqda] Cow #5 | GPS: 44.0926, 59.3588
  -> [OK] AI Tashxisi: Normal
[Yuborilmoqda] Cow #6 | GPS: 44.1031, 59.3485
  -> [OK] AI Tashxisi: Normal
[Yuborilmoqda] Cow #7 | GPS: 44.0937, 59.3503
  -> [OK] AI Tashxisi: Mastit / Infeksiya
[Yuborilmoqda] Cow #8 | GPS: 44.1102, 59.3544
  -> [OK] AI Tashxisi: Normal
[Yuborilmoqda] Cow #9 | GPS: 44.0937, 59.3486
  -> [OK] AI Tashxisi: Normal
[Yuborilmoqda] Cow #10 | GPS: 44.0933, 59.3463
  -> [OK] AI Tashxisi: Normal
[Yuborilmoqda] Cow #11 | GPS: 44.0918, 59.3502
  -> [OK] AI Tashxisi: Normal
----------------------------------------
[Yuborilmoqda] Cow #1 | GPS: 44.0968, 59.343
  -> [OK] AI Tashxisi: Normal
[Yuborilmoqda] Cow #2 | GPS: 44.0998, 59.3517
  -> [OK] AI Tashxisi: Normal
[Yuborilmoqda] Cow #3 | GPS: 44.0892, 59.3483
  -> [OK] AI Tashxisi: Normal
[Yuborilmoqda] Cow #4 | GPS: 44.1033, 59.3541
  -> [OK] AI Tashxisi: Ketoz / Acidosis
[Yuborilmoqda] Cow #5 | GPS: 44.0926, 59.3588
  -> [OK] AI Tashxisi: Normal
[Yuborilmoqda] Cow #6 | GPS: 44.1031, 59.3484
  -> [OK] AI Tashxisi: Normal
[Yuborilmoqda] Cow #7 | GPS: 44.0939, 59.3503
  -> [OK] AI Tashxisi: Mastit / Infeksiya
[Yuborilmoqda] Cow #8 | GPS: 44.1102, 59.3544
  -> [OK] AI Tashxisi: Normal
[Yuborilmoqda] Cow #9 | GPS: 44.0935, 59.3485
  -> [OK] AI Tashxisi: Normal
[Yuborilmoqda] Cow #10 | GPS: 44.0933, 59.3465
  -> [OK] AI Tashxisi: Normal
[Yuborilmoqda] Cow #11 | GPS: 44.0919, 59.3502
  -> [OK] AI Tashxisi: Normal
----------------------------------------
[Yuborilmoqda] Cow #1 | GPS: 44.0967, 59.3429
  -> [OK] AI Tashxisi: Mastit / Infeksiya
[Yuborilmoqda] Cow #2 | GPS: 44.0996, 59.3516
  -> [OK] AI Tashxisi: Mastit / Infeksiya
[Yuborilmoqda] Cow #3 | GPS: 44.0892, 59.3482
  -> [OK] AI Tashxisi: Normal
[Yuborilmoqda] Cow #4 | GPS: 44.1034, 59.3543
  -> [OK] AI Tashxisi: Ketoz / Acidosis
[Yuborilmoqda] Cow #5 | GPS: 44.0925, 59.359
  -> [OK] AI Tashxisi: Normal
[Yuborilmoqda] Cow #6 | GPS: 44.1032, 59.3483
  -> [OK] AI Tashxisi: Normal
[Yuborilmoqda] Cow #7 | GPS: 44.094, 59.3504
  -> [OK] AI Tashxisi: Mastit / Infeksiya
[Yuborilmoqda] Cow #8 | GPS: 44.1101, 59.3546
  -> [OK] AI Tashxisi: Normal
[Yuborilmoqda] Cow #9 | GPS: 44.0935, 59.3485
  -> [OK] AI Tashxisi: Normal
[Yuborilmoqda] Cow #10 | GPS: 44.0934, 59.3463
  -> [OK] AI Tashxisi: Normal
[Yuborilmoqda] Cow #11 | GPS: 44.0919, 59.3502
  -> [OK] AI Tashxisi: Normal
----------------------------------------
[Yuborilmoqda] Cow #1 | GPS: 44.0965, 59.343
  -> [OK] AI Tashxisi: Normal
[Yuborilmoqda] Cow #2 | GPS: 44.0997, 59.3517
  -> [OK] AI Tashxisi: Normal
[Yuborilmoqda] Cow #3 | GPS: 44.0891, 59.3481
  -> [OK] AI Tashxisi: Normal
[Yuborilmoqda] Cow #4 | GPS: 44.1036, 59.3542
  -> [OK] AI Tashxisi: Ketoz / Acidosis
[Yuborilmoqda] Cow #5 | GPS: 44.0926, 59.3591
  -> [OK] AI Tashxisi: Normal
[Yuborilmoqda] Cow #6 | GPS: 44.1031, 59.3485
  -> [OK] AI Tashxisi: Normal
[Yuborilmoqda] Cow #7 | GPS: 44.0942, 59.3503
  -> [OK] AI Tashxisi: Mastit / Infeksiya
[Yuborilmoqda] Cow #8 | GPS: 44.1101, 59.3547
  -> [OK] AI Tashxisi: Mastit / Infeksiya
[Yuborilmoqda] Cow #9 | GPS: 44.0934, 59.3485
  -> [OK] AI Tashxisi: Normal
[Yuborilmoqda] Cow #10 | GPS: 44.0934, 59.3463
  -> [OK] AI Tashxisi: Normal
[Yuborilmoqda] Cow #11 | GPS: 44.0919, 59.35
  -> [OK] AI Tashxisi: Normal
----------------------------------------
[Yuborilmoqda] Cow #1 | GPS: 44.0965, 59.3428
  -> [OK] AI Tashxisi: Normal
[Yuborilmoqda] Cow #2 | GPS: 44.0995, 59.3515
  -> [OK] AI Tashxisi: Normal
[Yuborilmoqda] Cow #3 | GPS: 44.0893, 59.348
  -> [OK] AI Tashxisi: Normal
[Yuborilmoqda] Cow #4 | GPS: 44.1037, 59.3541
  -> [OK] AI Tashxisi: Ketoz / Acidosis
[Yuborilmoqda] Cow #5 | GPS: 44.0926, 59.3593
  -> [OK] AI Tashxisi: Mastit / Infeksiya
[Yuborilmoqda] Cow #6 | GPS: 44.1029, 59.3484
  -> [OK] AI Tashxisi: Normal
[Yuborilmoqda] Cow #7 | GPS: 44.0942, 59.3503
  -> [OK] AI Tashxisi: Mastit / Infeksiya
[Yuborilmoqda] Cow #8 | GPS: 44.1102, 59.3547
  -> [OK] AI Tashxisi: Normal
[Yuborilmoqda] Cow #9 | GPS: 44.0935, 59.3487
  -> [OK] AI Tashxisi: Normal
[Yuborilmoqda] Cow #10 | GPS: 44.0935, 59.3463
  -> [OK] AI Tashxisi: Normal
[Yuborilmoqda] Cow #11 | GPS: 44.092, 59.3502
  -> [OK] AI Tashxisi: Normal
----------------------------------------
[Yuborilmoqda] Cow #1 | GPS: 44.0967, 59.3428
  -> [OK] AI Tashxisi: Normal
[Yuborilmoqda] Cow #2 | GPS: 44.0996, 59.3515
  -> [OK] AI Tashxisi: Normal
[Yuborilmoqda] Cow #3 | GPS: 44.0891, 59.3481
  -> [OK] AI Tashxisi: Normal
[Yuborilmoqda] Cow #4 | GPS: 44.1039, 59.3542
  -> [OK] AI Tashxisi: Ketoz / Acidosis
[Yuborilmoqda] Cow #5 | GPS: 44.0928, 59.3593
  -> [OK] AI Tashxisi: Normal
[Yuborilmoqda] Cow #6 | GPS: 44.1028, 59.3486
  -> [OK] AI Tashxisi: Normal
[Yuborilmoqda] Cow #7 | GPS: 44.0944, 59.3505
  -> [OK] AI Tashxisi: Mastit / Infeksiya
[Yuborilmoqda] Cow #8 | GPS: 44.1104, 59.3546
  -> [OK] AI Tashxisi: Mastit / Infeksiya
[Yuborilmoqda] Cow #9 | GPS: 44.0937, 59.3487
  -> [OK] AI Tashxisi: Normal
[Yuborilmoqda] Cow #10 | GPS: 44.0936, 59.3465
  -> [OK] AI Tashxisi: Normal
[Yuborilmoqda] Cow #11 | GPS: 44.0921, 59.3501
  -> [OK] AI Tashxisi: Normal
----------------------------------------
[Yuborilmoqda] Cow #1 | GPS: 44.0966, 59.343
  -> [OK] AI Tashxisi: Normal
[Yuborilmoqda] Cow #2 | GPS: 44.0996, 59.3515
  -> [OK] AI Tashxisi: Normal
[Yuborilmoqda] Cow #3 | GPS: 44.0889, 59.3483
  -> [OK] AI Tashxisi: Normal
[Yuborilmoqda] Cow #4 | GPS: 44.1039, 59.354
  -> [OK] AI Tashxisi: Ketoz / Acidosis
[Yuborilmoqda] Cow #5 | GPS: 44.093, 59.3591
  -> [OK] AI Tashxisi: Normal
[Yuborilmoqda] Cow #6 | GPS: 44.1029, 59.3488
  -> [OK] AI Tashxisi: Normal
[Yuborilmoqda] Cow #7 | GPS: 44.0945, 59.3505
  -> [OK] AI Tashxisi: Mastit / Infeksiya
[Yuborilmoqda] Cow #8 | GPS: 44.1104, 59.3548
  -> [OK] AI Tashxisi: Normal
[Yuborilmoqda] Cow #9 | GPS: 44.0935, 59.3487
  -> [OK] AI Tashxisi: Normal
[Yuborilmoqda] Cow #10 | GPS: 44.0936, 59.3466
  -> [OK] AI Tashxisi: Mastit / Infeksiya
[Yuborilmoqda] Cow #11 | GPS: 44.0921, 59.35
  -> [OK] AI Tashxisi: Normal
----------------------------------------
[Yuborilmoqda] Cow #1 | GPS: 44.0965, 59.343
  -> [OK] AI Tashxisi: Mastit / Infeksiya
[Yuborilmoqda] Cow #2 | GPS: 44.0996, 59.3517
  -> [OK] AI Tashxisi: Normal
[Yuborilmoqda] Cow #3 | GPS: 44.0891, 59.3481
  -> [OK] AI Tashxisi: Normal
[Yuborilmoqda] Cow #4 | GPS: 44.104, 59.3539
  -> [OK] AI Tashxisi: Ketoz / Acidosis
[Yuborilmoqda] Cow #5 | GPS: 44.0929, 59.3591
  -> [OK] AI Tashxisi: Normal
[Yuborilmoqda] Cow #6 | GPS: 44.1028, 59.3487
  -> [OK] AI Tashxisi: Normal
[Yuborilmoqda] Cow #7 | GPS: 44.0944, 59.3503
  -> [OK] AI Tashxisi: Mastit / Infeksiya
[Yuborilmoqda] Cow #8 | GPS: 44.1103, 59.3548
  -> [OK] AI Tashxisi: Normal
[Yuborilmoqda] Cow #9 | GPS: 44.0933, 59.3489
  -> [OK] AI Tashxisi: Normal
[Yuborilmoqda] Cow #10 | GPS: 44.0936, 59.3464
  -> [OK] AI Tashxisi: Normal
[Yuborilmoqda] Cow #11 | GPS: 44.0922, 59.3499
  -> [OK] AI Tashxisi: Normal
----------------------------------------
[Yuborilmoqda] Cow #1 | GPS: 44.0966, 59.3428
  -> [OK] AI Tashxisi: Normal
[Yuborilmoqda] Cow #2 | GPS: 44.0998, 59.3516
  -> [OK] AI Tashxisi: Normal
[Yuborilmoqda] Cow #3 | GPS: 44.0891, 59.3482
  -> [OK] AI Tashxisi: Normal
[Yuborilmoqda] Cow #4 | GPS: 44.1041, 59.3538
  -> [OK] AI Tashxisi: Ketoz / Acidosis
[Yuborilmoqda] Cow #5 | GPS: 44.0931, 59.359
  -> [OK] AI Tashxisi: Normal
[Yuborilmoqda] Cow #6 | GPS: 44.1029, 59.3486
  -> [OK] AI Tashxisi: Normal
[Yuborilmoqda] Cow #7 | GPS: 44.0944, 59.3503
  -> [OK] AI Tashxisi: Mastit / Infeksiya
[Yuborilmoqda] Cow #8 | GPS: 44.1105, 59.355
  -> [OK] AI Tashxisi: Normal
[Yuborilmoqda] Cow #9 | GPS: 44.0935, 59.349
  -> [OK] AI Tashxisi: Normal
[Yuborilmoqda] Cow #10 | GPS: 44.0935, 59.3465
  -> [OK] AI Tashxisi: Normal
[Yuborilmoqda] Cow #11 | GPS: 44.0921, 59.3498
  -> [OK] AI Tashxisi: Normal
----------------------------------------
[Yuborilmoqda] Cow #1 | GPS: 44.0967, 59.3429
  -> [OK] AI Tashxisi: Normal
[Yuborilmoqda] Cow #2 | GPS: 44.0996, 59.3515
  -> [OK] AI Tashxisi: Normal
[Yuborilmoqda] Cow #3 | GPS: 44.0891, 59.3484
  -> [OK] AI Tashxisi: Normal
[Yuborilmoqda] Cow #4 | GPS: 44.1042, 59.3538
  -> [OK] AI Tashxisi: Ketoz / Acidosis
[Yuborilmoqda] Cow #5 | GPS: 44.093, 59.3592
  -> [OK] AI Tashxisi: Normal
[Yuborilmoqda] Cow #6 | GPS: 44.1028, 59.3487
  -> [OK] AI Tashxisi: Normal
[Yuborilmoqda] Cow #7 | GPS: 44.0944, 59.3504
  -> [OK] AI Tashxisi: Mastit / Infeksiya
[Yuborilmoqda] Cow #8 | GPS: 44.1106, 59.355
  -> [OK] AI Tashxisi: Normal
[Yuborilmoqda] Cow #9 | GPS: 44.0936, 59.3492
  -> [OK] AI Tashxisi: Normal
[Yuborilmoqda] Cow #10 | GPS: 44.0936, 59.3466
  -> [OK] AI Tashxisi: Normal
[Yuborilmoqda] Cow #11 | GPS: 44.0922, 59.3498
  -> [OK] AI Tashxisi: Normal
----------------------------------------
[Yuborilmoqda] Cow #1 | GPS: 44.0966, 59.3431
  -> [OK] AI Tashxisi: Normal
[Yuborilmoqda] Cow #2 | GPS: 44.0996, 59.3515
  -> [OK] AI Tashxisi: Normal
[Yuborilmoqda] Cow #3 | GPS: 44.0892, 59.3482
  -> [OK] AI Tashxisi: Normal
[Yuborilmoqda] Cow #4 | GPS: 44.1042, 59.3539
  -> [OK] AI Tashxisi: Ketoz / Acidosis
[Yuborilmoqda] Cow #5 | GPS: 44.0929, 59.3591
  -> [OK] AI Tashxisi: Normal
[Yuborilmoqda] Cow #6 | GPS: 44.1026, 59.3488
  -> [OK] AI Tashxisi: Normal
[Yuborilmoqda] Cow #7 | GPS: 44.0944, 59.3505
  -> [OK] AI Tashxisi: Mastit / Infeksiya
[Yuborilmoqda] Cow #8 | GPS: 44.1106, 59.355
  -> [OK] AI Tashxisi: Normal
[Yuborilmoqda] Cow #9 | GPS: 44.0934, 59.3493
  -> [OK] AI Tashxisi: Normal
[Yuborilmoqda] Cow #10 | GPS: 44.0937, 59.3467
  -> [OK] AI Tashxisi: Normal
[Yuborilmoqda] Cow #11 | GPS: 44.0922, 59.3497
  -> [OK] AI Tashxisi: Normal
----------------------------------------
[Yuborilmoqda] Cow #1 | GPS: 44.0965, 59.3431
  -> [OK] AI Tashxisi: Normal
[Yuborilmoqda] Cow #2 | GPS: 44.0997, 59.3516
  -> [OK] AI Tashxisi: Normal
[Yuborilmoqda] Cow #3 | GPS: 44.0894, 59.3484
  -> [OK] AI Tashxisi: Normal
[Yuborilmoqda] Cow #4 | GPS: 44.104, 59.3539
  -> [OK] AI Tashxisi: Ketoz / Acidosis
[Yuborilmoqda] Cow #5 | GPS: 44.0931, 59.359
  -> [OK] AI Tashxisi: Normal
[Yuborilmoqda] Cow #6 | GPS: 44.1026, 59.3487
  -> [OK] AI Tashxisi: Normal
[Yuborilmoqda] Cow #7 | GPS: 44.0946, 59.3504
  -> [OK] AI Tashxisi: Mastit / Infeksiya
[Yuborilmoqda] Cow #8 | GPS: 44.1104, 59.3551
  -> [OK] AI Tashxisi: Normal
[Yuborilmoqda] Cow #9 | GPS: 44.0935, 59.3492
  -> [OK] AI Tashxisi: Normal
[Yuborilmoqda] Cow #10 | GPS: 44.0936, 59.3469
  -> [OK] AI Tashxisi: Normal
[Yuborilmoqda] Cow #11 | GPS: 44.0923, 59.3498
  -> [OK] AI Tashxisi: Normal
----------------------------------------
[Yuborilmoqda] Cow #1 | GPS: 44.0966, 59.3431
  -> [OK] AI Tashxisi: Normal
[Yuborilmoqda] Cow #2 | GPS: 44.0999, 59.3515
  -> [OK] AI Tashxisi: Normal
[Yuborilmoqda] Cow #3 | GPS: 44.0894, 59.3484
  -> [OK] AI Tashxisi: Normal
[Yuborilmoqda] Cow #4 | GPS: 44.1039, 59.354
  -> [OK] AI Tashxisi: Ketoz / Acidosis
[Yuborilmoqda] Cow #5 | GPS: 44.0933, 59.359
  -> [OK] AI Tashxisi: Normal
[Yuborilmoqda] Cow #6 | GPS: 44.1027, 59.3489
  -> [OK] AI Tashxisi: Normal
[Yuborilmoqda] Cow #7 | GPS: 44.0947, 59.3502
  -> [OK] AI Tashxisi: Mastit / Infeksiya
[Yuborilmoqda] Cow #8 | GPS: 44.1105, 59.355
  -> [OK] AI Tashxisi: Normal
[Yuborilmoqda] Cow #9 | GPS: 44.0935, 59.3494
  -> [OK] AI Tashxisi: Normal
[Yuborilmoqda] Cow #10 | GPS: 44.0936, 59.3468
  -> [OK] AI Tashxisi: Normal
[Yuborilmoqda] Cow #11 | GPS: 44.0922, 59.35
  -> [OK] AI Tashxisi: Normal
----------------------------------------
[Yuborilmoqda] Cow #1 | GPS: 44.0966, 59.343
  -> [OK] AI Tashxisi: Normal
[Yuborilmoqda] Cow #2 | GPS: 44.1, 59.3517
  -> [OK] AI Tashxisi: Mastit / Infeksiya
[Yuborilmoqda] Cow #3 | GPS: 44.0893, 59.3485
  -> [OK] AI Tashxisi: Normal
[Yuborilmoqda] Cow #4 | GPS: 44.1038, 59.3539
  -> [OK] AI Tashxisi: Ketoz / Acidosis
[Yuborilmoqda] Cow #5 | GPS: 44.0931, 59.3588
  -> [OK] AI Tashxisi: Normal
[Yuborilmoqda] Cow #6 | GPS: 44.1027, 59.349
  -> [OK] AI Tashxisi: Normal
[Yuborilmoqda] Cow #7 | GPS: 44.0947, 59.3502
  -> [OK] AI Tashxisi: Mastit / Infeksiya
[Yuborilmoqda] Cow #8 | GPS: 44.1105, 59.355
  -> [OK] AI Tashxisi: Normal
[Yuborilmoqda] Cow #9 | GPS: 44.0935, 59.3492
  -> [OK] AI Tashxisi: Normal
[Yuborilmoqda] Cow #10 | GPS: 44.0937, 59.347
  -> [OK] AI Tashxisi: Normal
[Yuborilmoqda] Cow #11 | GPS: 44.0922, 59.3498
  -> [OK] AI Tashxisi: Normal
----------------------------------------
[Yuborilmoqda] Cow #1 | GPS: 44.0968, 59.3431
  -> [OK] AI Tashxisi: Normal
[Yuborilmoqda] Cow #2 | GPS: 44.1002, 59.3517
  -> [OK] AI Tashxisi: Normal
[Yuborilmoqda] Cow #3 | GPS: 44.0892, 59.3486
  -> [OK] AI Tashxisi: Normal
[Yuborilmoqda] Cow #4 | GPS: 44.1036, 59.354
  -> [OK] AI Tashxisi: Ketoz / Acidosis
[Yuborilmoqda] Cow #5 | GPS: 44.093, 59.3588
  -> [OK] AI Tashxisi: Normal
[Yuborilmoqda] Cow #6 | GPS: 44.1028, 59.3491
  -> [OK] AI Tashxisi: Mastit / Infeksiya
[Yuborilmoqda] Cow #7 | GPS: 44.0947, 59.3502
  -> [OK] AI Tashxisi: Mastit / Infeksiya
[Yuborilmoqda] Cow #8 | GPS: 44.1106, 59.3549
  -> [OK] AI Tashxisi: Normal
[Yuborilmoqda] Cow #9 | GPS: 44.0937, 59.3493
  -> [OK] AI Tashxisi: Normal
[Yuborilmoqda] Cow #10 | GPS: 44.0937, 59.3469
  -> [OK] AI Tashxisi: Mastit / Infeksiya
[Yuborilmoqda] Cow #11 | GPS: 44.0923, 59.35
  -> [OK] AI Tashxisi: Normal
----------------------------------------
[Yuborilmoqda] Cow #1 | GPS: 44.0967, 59.3432
  -> [OK] AI Tashxisi: Normal
[Yuborilmoqda] Cow #2 | GPS: 44.1001, 59.3518
  -> [OK] AI Tashxisi: Normal
[Yuborilmoqda] Cow #3 | GPS: 44.0893, 59.3487
  -> [OK] AI Tashxisi: Normal
[Yuborilmoqda] Cow #4 | GPS: 44.1038, 59.3538
  -> [OK] AI Tashxisi: Ketoz / Acidosis
[Yuborilmoqda] Cow #5 | GPS: 44.0929, 59.3587
  -> [OK] AI Tashxisi: Normal
[Yuborilmoqda] Cow #6 | GPS: 44.103, 59.349
  -> [OK] AI Tashxisi: Normal
[Yuborilmoqda] Cow #7 | GPS: 44.0947, 59.3503
  -> [OK] AI Tashxisi: Mastit / Infeksiya
[Yuborilmoqda] Cow #8 | GPS: 44.1106, 59.3549
  -> [OK] AI Tashxisi: Normal
[Yuborilmoqda] Cow #9 | GPS: 44.0938, 59.3492
  -> [OK] AI Tashxisi: Normal
[Yuborilmoqda] Cow #10 | GPS: 44.0937, 59.3467
  -> [OK] AI Tashxisi: Mastit / Infeksiya
[Yuborilmoqda] Cow #11 | GPS: 44.0924, 59.3501
  -> [OK] AI Tashxisi: Normal
----------------------------------------
[Yuborilmoqda] Cow #1 | GPS: 44.0969, 59.343
  -> [OK] AI Tashxisi: Normal
[Yuborilmoqda] Cow #2 | GPS: 44.1, 59.3517
  -> [OK] AI Tashxisi: Normal
[Yuborilmoqda] Cow #3 | GPS: 44.0892, 59.3486
  -> [OK] AI Tashxisi: Normal
[Yuborilmoqda] Cow #4 | GPS: 44.1037, 59.3538
  -> [OK] AI Tashxisi: Ketoz / Acidosis
[Yuborilmoqda] Cow #5 | GPS: 44.0927, 59.3588
  -> [OK] AI Tashxisi: Normal
[Yuborilmoqda] Cow #6 | GPS: 44.1028, 59.3489
  -> [OK] AI Tashxisi: Normal
[Yuborilmoqda] Cow #7 | GPS: 44.0949, 59.3503
  -> [OK] AI Tashxisi: Mastit / Infeksiya
[Yuborilmoqda] Cow #8 | GPS: 44.1104, 59.3548
  -> [OK] AI Tashxisi: Normal
[Yuborilmoqda] Cow #9 | GPS: 44.0938, 59.3491
  -> [OK] AI Tashxisi: Normal
[Yuborilmoqda] Cow #10 | GPS: 44.0935, 59.3466
  -> [OK] AI Tashxisi: Normal
[Yuborilmoqda] Cow #11 | GPS: 44.0923, 59.3499
  -> [OK] AI Tashxisi: Normal
----------------------------------------
[Yuborilmoqda] Cow #1 | GPS: 44.0969, 59.3429
  -> [OK] AI Tashxisi: Normal
[Yuborilmoqda] Cow #2 | GPS: 44.1, 59.3516
  -> [OK] AI Tashxisi: Normal
[Yuborilmoqda] Cow #3 | GPS: 44.0894, 59.3485
  -> [OK] AI Tashxisi: Normal
[Yuborilmoqda] Cow #4 | GPS: 44.1039, 59.3538
  -> [OK] AI Tashxisi: Ketoz / Acidosis
[Yuborilmoqda] Cow #5 | GPS: 44.0927, 59.3586
  -> [OK] AI Tashxisi: Normal
[Yuborilmoqda] Cow #6 | GPS: 44.1028, 59.3488
  -> [OK] AI Tashxisi: Normal
[Yuborilmoqda] Cow #7 | GPS: 44.095, 59.3504
  -> [OK] AI Tashxisi: Mastit / Infeksiya
[Yuborilmoqda] Cow #8 | GPS: 44.1103, 59.3548
  -> [OK] AI Tashxisi: Normal
[Yuborilmoqda] Cow #9 | GPS: 44.094, 59.3493
  -> [OK] AI Tashxisi: Normal
[Yuborilmoqda] Cow #10 | GPS: 44.0933, 59.3466
  -> [OK] AI Tashxisi: Normal
[Yuborilmoqda] Cow #11 | GPS: 44.0922, 59.3501
  -> [OK] AI Tashxisi: Normal
----------------------------------------
[Yuborilmoqda] Cow #1 | GPS: 44.0967, 59.3431
  -> [OK] AI Tashxisi: Normal
[Yuborilmoqda] Cow #2 | GPS: 44.1, 59.3516
  -> [OK] AI Tashxisi: Normal
[Yuborilmoqda] Cow #3 | GPS: 44.0895, 59.3487
  -> [OK] AI Tashxisi: Normal
[Yuborilmoqda] Cow #4 | GPS: 44.104, 59.3536
  -> [OK] AI Tashxisi: Ketoz / Acidosis
[Yuborilmoqda] Cow #5 | GPS: 44.0927, 59.3585
  -> [OK] AI Tashxisi: Normal
[Yuborilmoqda] Cow #6 | GPS: 44.1028, 59.3489
  -> [OK] AI Tashxisi: Normal
[Yuborilmoqda] Cow #7 | GPS: 44.0951, 59.3505
  -> [OK] AI Tashxisi: Mastit / Infeksiya
[Yuborilmoqda] Cow #8 | GPS: 44.1101, 59.3547
  -> [OK] AI Tashxisi: Normal
[Yuborilmoqda] Cow #9 | GPS: 44.0939, 59.3494
  -> [OK] AI Tashxisi: Normal
[Yuborilmoqda] Cow #10 | GPS: 44.0935, 59.3468
  -> [OK] AI Tashxisi: Normal
[Yuborilmoqda] Cow #11 | GPS: 44.0923, 59.3501
  -> [OK] AI Tashxisi: Normal
----------------------------------------
[Yuborilmoqda] Cow #1 | GPS: 44.0968, 59.343
  -> [OK] AI Tashxisi: Normal
[Yuborilmoqda] Cow #2 | GPS: 44.1, 59.3516
  -> [OK] AI Tashxisi: Normal
[Yuborilmoqda] Cow #3 | GPS: 44.0895, 59.3487
  -> [OK] AI Tashxisi: Normal
[Yuborilmoqda] Cow #4 | GPS: 44.1039, 59.3534
  -> [OK] AI Tashxisi: Ketoz / Acidosis
[Yuborilmoqda] Cow #5 | GPS: 44.0926, 59.3585
  -> [OK] AI Tashxisi: Normal
[Yuborilmoqda] Cow #6 | GPS: 44.1026, 59.3487
  -> [OK] AI Tashxisi: Normal
[Yuborilmoqda] Cow #7 | GPS: 44.0951, 59.3504
  -> [OK] AI Tashxisi: Mastit / Infeksiya
[Yuborilmoqda] Cow #8 | GPS: 44.11, 59.3546
  -> [OK] AI Tashxisi: Normal
[Yuborilmoqda] Cow #9 | GPS: 44.0937, 59.3492
  -> [OK] AI Tashxisi: Normal
[Yuborilmoqda] Cow #10 | GPS: 44.0937, 59.3466
  -> [OK] AI Tashxisi: Normal
[Yuborilmoqda] Cow #11 | GPS: 44.0923, 59.3502
  -> [OK] AI Tashxisi: Mastit / Infeksiya
----------------------------------------
[Yuborilmoqda] Cow #1 | GPS: 44.0969, 59.3431
  -> [OK] AI Tashxisi: Normal
[Yuborilmoqda] Cow #2 | GPS: 44.0999, 59.3517
  -> [OK] AI Tashxisi: Normal
[Yuborilmoqda] Cow #3 | GPS: 44.0893, 59.3489
  -> [OK] AI Tashxisi: Normal
[Yuborilmoqda] Cow #4 | GPS: 44.1039, 59.3534
  -> [OK] AI Tashxisi: Ketoz / Acidosis
[Yuborilmoqda] Cow #5 | GPS: 44.0924, 59.3584
  -> [OK] AI Tashxisi: Normal
[Yuborilmoqda] Cow #6 | GPS: 44.1026, 59.3486
  -> [OK] AI Tashxisi: Normal
[Yuborilmoqda] Cow #7 | GPS: 44.095, 59.3504
  -> [OK] AI Tashxisi: Mastit / Infeksiya
[Yuborilmoqda] Cow #8 | GPS: 44.1101, 59.3544
  -> [OK] AI Tashxisi: Normal
[Yuborilmoqda] Cow #9 | GPS: 44.0938, 59.3494
  -> [OK] AI Tashxisi: Normal
[Yuborilmoqda] Cow #10 | GPS: 44.0935, 59.3468
  -> [OK] AI Tashxisi: Normal
[Yuborilmoqda] Cow #11 | GPS: 44.0921, 59.3502
  -> [OK] AI Tashxisi: Normal
----------------------------------------
[Yuborilmoqda] Cow #1 | GPS: 44.0967, 59.3432
  -> [OK] AI Tashxisi: Normal
[Yuborilmoqda] Cow #2 | GPS: 44.0997, 59.3519
  -> [OK] AI Tashxisi: Normal
[Yuborilmoqda] Cow #3 | GPS: 44.0893, 59.349
  -> [OK] AI Tashxisi: Normal
[Yuborilmoqda] Cow #4 | GPS: 44.1039, 59.3534
  -> [OK] AI Tashxisi: Ketoz / Acidosis
[Yuborilmoqda] Cow #5 | GPS: 44.0923, 59.3585
  -> [OK] AI Tashxisi: Normal
[Yuborilmoqda] Cow #6 | GPS: 44.1026, 59.3485
  -> [OK] AI Tashxisi: Normal
[Yuborilmoqda] Cow #7 | GPS: 44.095, 59.3504
  -> [OK] AI Tashxisi: Mastit / Infeksiya
[Yuborilmoqda] Cow #8 | GPS: 44.1103, 59.3544
  -> [OK] AI Tashxisi: Normal
[Yuborilmoqda] Cow #9 | GPS: 44.0937, 59.3496
  -> [OK] AI Tashxisi: Mastit / Infeksiya
[Yuborilmoqda] Cow #10 | GPS: 44.0933, 59.3466
  -> [OK] AI Tashxisi: Normal
[Yuborilmoqda] Cow #11 | GPS: 44.092, 59.3504
  -> [OK] AI Tashxisi: Normal
----------------------------------------
[Yuborilmoqda] Cow #1 | GPS: 44.0967, 59.343
  -> [OK] AI Tashxisi: Normal
[Yuborilmoqda] Cow #2 | GPS: 44.0995, 59.3519
  -> [OK] AI Tashxisi: Mastit / Infeksiya
[Yuborilmoqda] Cow #3 | GPS: 44.0891, 59.3491
  -> [OK] AI Tashxisi: Normal
[Yuborilmoqda] Cow #4 | GPS: 44.1041, 59.3533
  -> [OK] AI Tashxisi: Ketoz / Acidosis
[Yuborilmoqda] Cow #5 | GPS: 44.0922, 59.3583
  -> [OK] AI Tashxisi: Normal
[Yuborilmoqda] Cow #6 | GPS: 44.1025, 59.3486
  -> [OK] AI Tashxisi: Mastit / Infeksiya
[Yuborilmoqda] Cow #7 | GPS: 44.095, 59.3503
  -> [OK] AI Tashxisi: Mastit / Infeksiya
[Yuborilmoqda] Cow #8 | GPS: 44.1103, 59.3544
  -> [OK] AI Tashxisi: Normal
[Yuborilmoqda] Cow #9 | GPS: 44.0936, 59.3495
  -> [OK] AI Tashxisi: Normal
[Yuborilmoqda] Cow #10 | GPS: 44.0935, 59.3468
  -> [OK] AI Tashxisi: Normal
[Yuborilmoqda] Cow #11 | GPS: 44.092, 59.3503
  -> [OK] AI Tashxisi: Normal
----------------------------------------
[Yuborilmoqda] Cow #1 | GPS: 44.0968, 59.3431
  -> [OK] AI Tashxisi: Mastit / Infeksiya
[Yuborilmoqda] Cow #2 | GPS: 44.0994, 59.3517
  -> [OK] AI Tashxisi: Normal
[Yuborilmoqda] Cow #3 | GPS: 44.0893, 59.3492
  -> [OK] AI Tashxisi: Normal
[Yuborilmoqda] Cow #4 | GPS: 44.1042, 59.3533
  -> [OK] AI Tashxisi: Ketoz / Acidosis
[Yuborilmoqda] Cow #5 | GPS: 44.0921, 59.3585
  -> [OK] AI Tashxisi: Normal
[Yuborilmoqda] Cow #6 | GPS: 44.1026, 59.3488
  -> [OK] AI Tashxisi: Normal
[Yuborilmoqda] Cow #7 | GPS: 44.0951, 59.3502
  -> [OK] AI Tashxisi: Mastit / Infeksiya
[Yuborilmoqda] Cow #8 | GPS: 44.1103, 59.3543
  -> [OK] AI Tashxisi: Mastit / Infeksiya
[Yuborilmoqda] Cow #9 | GPS: 44.0938, 59.3496
  -> [OK] AI Tashxisi: Normal
[Yuborilmoqda] Cow #10 | GPS: 44.0935, 59.3468
  -> [OK] AI Tashxisi: Normal
[Yuborilmoqda] Cow #11 | GPS: 44.0919, 59.3504
  -> [OK] AI Tashxisi: Normal
----------------------------------------
[Yuborilmoqda] Cow #1 | GPS: 44.0966, 59.3429
  -> [OK] AI Tashxisi: Normal
[Yuborilmoqda] Cow #2 | GPS: 44.0992, 59.3519
  -> [OK] AI Tashxisi: Normal
[Yuborilmoqda] Cow #3 | GPS: 44.0895, 59.3491
  -> [OK] AI Tashxisi: Normal
[Yuborilmoqda] Cow #4 | GPS: 44.1042, 59.3532
  -> [OK] AI Tashxisi: Ketoz / Acidosis
[Yuborilmoqda] Cow #5 | GPS: 44.092, 59.3583
  -> [OK] AI Tashxisi: Normal
[Yuborilmoqda] Cow #6 | GPS: 44.1026, 59.3489
  -> [OK] AI Tashxisi: Normal
[Yuborilmoqda] Cow #7 | GPS: 44.0949, 59.3502
  -> [OK] AI Tashxisi: Mastit / Infeksiya
[Yuborilmoqda] Cow #8 | GPS: 44.1102, 59.3545
  -> [OK] AI Tashxisi: Normal
[Yuborilmoqda] Cow #9 | GPS: 44.0936, 59.3496
  -> [OK] AI Tashxisi: Normal
[Yuborilmoqda] Cow #10 | GPS: 44.0937, 59.3467
  -> [OK] AI Tashxisi: Normal
[Yuborilmoqda] Cow #11 | GPS: 44.092, 59.3504
  -> [OK] AI Tashxisi: Normal
----------------------------------------
[Yuborilmoqda] Cow #1 | GPS: 44.0967, 59.3427
  -> [OK] AI Tashxisi: Normal
[Yuborilmoqda] Cow #2 | GPS: 44.0994, 59.352
  -> [OK] AI Tashxisi: Normal
[Yuborilmoqda] Cow #3 | GPS: 44.0894, 59.3492
  -> [OK] AI Tashxisi: Normal
[Yuborilmoqda] Cow #4 | GPS: 44.1043, 59.3532
  -> [OK] AI Tashxisi: Ketoz / Acidosis
[Yuborilmoqda] Cow #5 | GPS: 44.0922, 59.3585
  -> [OK] AI Tashxisi: Normal
[Yuborilmoqda] Cow #6 | GPS: 44.1025, 59.349
  -> [OK] AI Tashxisi: Normal
[Yuborilmoqda] Cow #7 | GPS: 44.095, 59.3502
  -> [OK] AI Tashxisi: Mastit / Infeksiya
[Yuborilmoqda] Cow #8 | GPS: 44.1103, 59.3546
  -> [OK] AI Tashxisi: Normal
[Yuborilmoqda] Cow #9 | GPS: 44.0936, 59.3498
  -> [OK] AI Tashxisi: Normal
[Yuborilmoqda] Cow #10 | GPS: 44.0937, 59.3466
  -> [OK] AI Tashxisi: Normal
[Yuborilmoqda] Cow #11 | GPS: 44.092, 59.3505
  -> [OK] AI Tashxisi: Normal
----------------------------------------
[Yuborilmoqda] Cow #1 | GPS: 44.0968, 59.3428
  -> [OK] AI Tashxisi: Normal
[Yuborilmoqda] Cow #2 | GPS: 44.0994, 59.352
  -> [OK] AI Tashxisi: Normal
[Yuborilmoqda] Cow #3 | GPS: 44.0892, 59.3494
  -> [OK] AI Tashxisi: Normal
[Yuborilmoqda] Cow #4 | GPS: 44.1044, 59.3531
  -> [OK] AI Tashxisi: Ketoz / Acidosis
[Yuborilmoqda] Cow #5 | GPS: 44.0923, 59.3586
  -> [OK] AI Tashxisi: Normal
[Yuborilmoqda] Cow #6 | GPS: 44.1026, 59.3491
  -> [OK] AI Tashxisi: Normal
[Yuborilmoqda] Cow #7 | GPS: 44.0949, 59.3501
  -> [OK] AI Tashxisi: Mastit / Infeksiya
[Yuborilmoqda] Cow #8 | GPS: 44.1103, 59.3547
  -> [OK] AI Tashxisi: Normal
[Yuborilmoqda] Cow #9 | GPS: 44.0938, 59.3497
  -> [OK] AI Tashxisi: Normal
[Yuborilmoqda] Cow #10 | GPS: 44.0938, 59.3467
  -> [OK] AI Tashxisi: Normal
[Yuborilmoqda] Cow #11 | GPS: 44.0919, 59.3504
  -> [OK] AI Tashxisi: Normal
----------------------------------------
[Yuborilmoqda] Cow #1 | GPS: 44.0968, 59.343
  -> [OK] AI Tashxisi: Normal
[Yuborilmoqda] Cow #2 | GPS: 44.0993, 59.3521
  -> [OK] AI Tashxisi: Normal
[Yuborilmoqda] Cow #3 | GPS: 44.0892, 59.3493
  -> [OK] AI Tashxisi: Normal
[Yuborilmoqda] Cow #4 | GPS: 44.1042, 59.353
  -> [OK] AI Tashxisi: Ketoz / Acidosis
[Yuborilmoqda] Cow #5 | GPS: 44.0924, 59.3586
  -> [OK] AI Tashxisi: Normal
[Yuborilmoqda] Cow #6 | GPS: 44.1027, 59.349
  -> [OK] AI Tashxisi: Normal
[Yuborilmoqda] Cow #7 | GPS: 44.095, 59.3502
  -> [OK] AI Tashxisi: Mastit / Infeksiya
[Yuborilmoqda] Cow #8 | GPS: 44.1101, 59.3547
  -> [OK] AI Tashxisi: Normal
[Yuborilmoqda] Cow #9 | GPS: 44.0937, 59.3498
  -> [OK] AI Tashxisi: Normal
[Yuborilmoqda] Cow #10 | GPS: 44.0939, 59.3466
  -> [OK] AI Tashxisi: Normal
[Yuborilmoqda] Cow #11 | GPS: 44.092, 59.3504
  -> [OK] AI Tashxisi: Normal
----------------------------------------
[Yuborilmoqda] Cow #1 | GPS: 44.0969, 59.3431
  -> [OK] AI Tashxisi: Normal
[Yuborilmoqda] Cow #2 | GPS: 44.0994, 59.3521
  -> [OK] AI Tashxisi: Normal
[Yuborilmoqda] Cow #3 | GPS: 44.0892, 59.3494
  -> [OK] AI Tashxisi: Normal
[Yuborilmoqda] Cow #4 | GPS: 44.1043, 59.3532
  -> [OK] AI Tashxisi: Ketoz / Acidosis
[Yuborilmoqda] Cow #5 | GPS: 44.0924, 59.3585
  -> [OK] AI Tashxisi: Normal
[Yuborilmoqda] Cow #6 | GPS: 44.1028, 59.3492
  -> [OK] AI Tashxisi: Normal
[Yuborilmoqda] Cow #7 | GPS: 44.0952, 59.3504
  -> [OK] AI Tashxisi: Mastit / Infeksiya
[Yuborilmoqda] Cow #8 | GPS: 44.1101, 59.3549
  -> [OK] AI Tashxisi: Normal
[Yuborilmoqda] Cow #9 | GPS: 44.0938, 59.3499
  -> [OK] AI Tashxisi: Normal
[Yuborilmoqda] Cow #10 | GPS: 44.094, 59.3465
  -> [OK] AI Tashxisi: Normal
[Yuborilmoqda] Cow #11 | GPS: 44.0919, 59.3504
  -> [OK] AI Tashxisi: Normal
----------------------------------------
[Yuborilmoqda] Cow #1 | GPS: 44.0971, 59.343
  -> [OK] AI Tashxisi: Normal
[Yuborilmoqda] Cow #2 | GPS: 44.0992, 59.3521
  -> [OK] AI Tashxisi: Mastit / Infeksiya
[Yuborilmoqda] Cow #3 | GPS: 44.0893, 59.3494
  -> [OK] AI Tashxisi: Normal
[Yuborilmoqda] Cow #4 | GPS: 44.1043, 59.3533
  -> [OK] AI Tashxisi: Ketoz / Acidosis
[Yuborilmoqda] Cow #5 | GPS: 44.0923, 59.3583
  -> [OK] AI Tashxisi: Normal
[Yuborilmoqda] Cow #6 | GPS: 44.1027, 59.3492
  -> [OK] AI Tashxisi: Normal
[Yuborilmoqda] Cow #7 | GPS: 44.0953, 59.3505
  -> [OK] AI Tashxisi: Mastit / Infeksiya
[Yuborilmoqda] Cow #8 | GPS: 44.1102, 59.355
  -> [OK] AI Tashxisi: Normal
[Yuborilmoqda] Cow #9 | GPS: 44.0938, 59.3497
  -> [OK] AI Tashxisi: Normal
[Yuborilmoqda] Cow #10 | GPS: 44.094, 59.3463
  -> [OK] AI Tashxisi: Normal
[Yuborilmoqda] Cow #11 | GPS: 44.0919, 59.3505
  -> [OK] AI Tashxisi: Normal
----------------------------------------
[Yuborilmoqda] Cow #1 | GPS: 44.0972, 59.343
  -> [OK] AI Tashxisi: Normal
[Yuborilmoqda] Cow #2 | GPS: 44.0994, 59.3523
  -> [OK] AI Tashxisi: Normal
[Yuborilmoqda] Cow #3 | GPS: 44.0891, 59.3494
  -> [OK] AI Tashxisi: Normal
[Yuborilmoqda] Cow #4 | GPS: 44.1044, 59.3533
  -> [OK] AI Tashxisi: Ketoz / Acidosis
[Yuborilmoqda] Cow #5 | GPS: 44.0924, 59.3582
  -> [OK] AI Tashxisi: Normal
[Yuborilmoqda] Cow #6 | GPS: 44.1027, 59.3492
  -> [OK] AI Tashxisi: Normal
[Yuborilmoqda] Cow #7 | GPS: 44.0951, 59.3504
  -> [OK] AI Tashxisi: Mastit / Infeksiya
[Yuborilmoqda] Cow #8 | GPS: 44.1102, 59.3549
  -> [OK] AI Tashxisi: Normal
[Yuborilmoqda] Cow #9 | GPS: 44.0939, 59.3496
  -> [OK] AI Tashxisi: Normal
[Yuborilmoqda] Cow #10 | GPS: 44.0938, 59.3463
  -> [OK] AI Tashxisi: Normal
[Yuborilmoqda] Cow #11 | GPS: 44.0919, 59.3506
  -> [OK] AI Tashxisi: Normal
----------------------------------------
[Yuborilmoqda] Cow #1 | GPS: 44.0972, 59.3429
  -> [OK] AI Tashxisi: Normal
[Yuborilmoqda] Cow #2 | GPS: 44.0992, 59.3523
  -> [OK] AI Tashxisi: Normal
[Yuborilmoqda] Cow #3 | GPS: 44.089, 59.3496
  -> [OK] AI Tashxisi: Normal
[Yuborilmoqda] Cow #4 | GPS: 44.1044, 59.3534
  -> [OK] AI Tashxisi: Ketoz / Acidosis
[Yuborilmoqda] Cow #5 | GPS: 44.0923, 59.3582
  -> [OK] AI Tashxisi: Normal
[Yuborilmoqda] Cow #6 | GPS: 44.1027, 59.349
  -> [OK] AI Tashxisi: Normal
[Yuborilmoqda] Cow #7 | GPS: 44.095, 59.3504
  -> [OK] AI Tashxisi: Mastit / Infeksiya
[Yuborilmoqda] Cow #8 | GPS: 44.1103, 59.3548
  -> [OK] AI Tashxisi: Normal
[Yuborilmoqda] Cow #9 | GPS: 44.094, 59.3497
  -> [OK] AI Tashxisi: Normal
[Yuborilmoqda] Cow #10 | GPS: 44.0939, 59.3461
  -> [OK] AI Tashxisi: Normal
[Yuborilmoqda] Cow #11 | GPS: 44.092, 59.3505
  -> [OK] AI Tashxisi: Normal
----------------------------------------
[Yuborilmoqda] Cow #1 | GPS: 44.0974, 59.3429
  -> [OK] AI Tashxisi: Normal
[Yuborilmoqda] Cow #2 | GPS: 44.0994, 59.3525
  -> [OK] AI Tashxisi: Normal
[Yuborilmoqda] Cow #3 | GPS: 44.0892, 59.3494
  -> [OK] AI Tashxisi: Normal
[Yuborilmoqda] Cow #4 | GPS: 44.1042, 59.3533
  -> [OK] AI Tashxisi: Ketoz / Acidosis
[Yuborilmoqda] Cow #5 | GPS: 44.0922, 59.3584
  -> [OK] AI Tashxisi: Normal
[Yuborilmoqda] Cow #6 | GPS: 44.1027, 59.3491
  -> [OK] AI Tashxisi: Mastit / Infeksiya
[Yuborilmoqda] Cow #7 | GPS: 44.0952, 59.3503
  -> [OK] AI Tashxisi: Mastit / Infeksiya
[Yuborilmoqda] Cow #8 | GPS: 44.1104, 59.3547
  -> [OK] AI Tashxisi: Normal
[Yuborilmoqda] Cow #9 | GPS: 44.0942, 59.3497
  -> [OK] AI Tashxisi: Normal
[Yuborilmoqda] Cow #10 | GPS: 44.094, 59.3459
  -> [OK] AI Tashxisi: Normal
[Yuborilmoqda] Cow #11 | GPS: 44.0919, 59.3504
  -> [OK] AI Tashxisi: Normal
----------------------------------------
[Yuborilmoqda] Cow #1 | GPS: 44.0975, 59.3427
  -> [OK] AI Tashxisi: Normal
[Yuborilmoqda] Cow #2 | GPS: 44.0995, 59.3523
  -> [OK] AI Tashxisi: Mastit / Infeksiya
[Yuborilmoqda] Cow #3 | GPS: 44.0891, 59.3496
  -> [OK] AI Tashxisi: Normal
[Yuborilmoqda] Cow #4 | GPS: 44.1043, 59.3535
  -> [OK] AI Tashxisi: Ketoz / Acidosis
[Yuborilmoqda] Cow #5 | GPS: 44.0921, 59.3583
  -> [OK] AI Tashxisi: Normal
[Yuborilmoqda] Cow #6 | GPS: 44.1029, 59.3492
  -> [OK] AI Tashxisi: Normal
[Yuborilmoqda] Cow #7 | GPS: 44.0954, 59.3503
  -> [OK] AI Tashxisi: Mastit / Infeksiya
[Yuborilmoqda] Cow #8 | GPS: 44.1106, 59.3547
  -> [OK] AI Tashxisi: Normal
[Yuborilmoqda] Cow #9 | GPS: 44.0941, 59.3498
  -> [OK] AI Tashxisi: Normal
[Yuborilmoqda] Cow #10 | GPS: 44.0941, 59.3461
  -> [OK] AI Tashxisi: Normal
[Yuborilmoqda] Cow #11 | GPS: 44.0919, 59.3504
  -> [OK] AI Tashxisi: Normal
----------------------------------------
[Yuborilmoqda] Cow #1 | GPS: 44.0975, 59.3426
  -> [OK] AI Tashxisi: Normal
[Yuborilmoqda] Cow #2 | GPS: 44.0997, 59.3522
  -> [OK] AI Tashxisi: Normal
[Yuborilmoqda] Cow #3 | GPS: 44.0891, 59.3496
  -> [OK] AI Tashxisi: Normal
[Yuborilmoqda] Cow #4 | GPS: 44.1042, 59.3536
  -> [OK] AI Tashxisi: Ketoz / Acidosis
[Yuborilmoqda] Cow #5 | GPS: 44.092, 59.3582
  -> [OK] AI Tashxisi: Normal
[Yuborilmoqda] Cow #6 | GPS: 44.103, 59.3493
  -> [OK] AI Tashxisi: Normal
[Yuborilmoqda] Cow #7 | GPS: 44.0954, 59.3505
  -> [OK] AI Tashxisi: Mastit / Infeksiya
[Yuborilmoqda] Cow #8 | GPS: 44.1106, 59.3546
  -> [OK] AI Tashxisi: Normal
[Yuborilmoqda] Cow #9 | GPS: 44.0942, 59.35
  -> [OK] AI Tashxisi: Normal
[Yuborilmoqda] Cow #10 | GPS: 44.0942, 59.3461
  -> [OK] AI Tashxisi: Normal
[Yuborilmoqda] Cow #11 | GPS: 44.0918, 59.3506
  -> [OK] AI Tashxisi: Normal
----------------------------------------
[Yuborilmoqda] Cow #1 | GPS: 44.0973, 59.3427
  -> [OK] AI Tashxisi: Normal
[Yuborilmoqda] Cow #2 | GPS: 44.0998, 59.3523
  -> [OK] AI Tashxisi: Normal
[Yuborilmoqda] Cow #3 | GPS: 44.0892, 59.3497
  -> [OK] AI Tashxisi: Normal
[Yuborilmoqda] Cow #4 | GPS: 44.1043, 59.3536
  -> [OK] AI Tashxisi: Ketoz / Acidosis
[Yuborilmoqda] Cow #5 | GPS: 44.0921, 59.3583
  -> [OK] AI Tashxisi: Normal
[Yuborilmoqda] Cow #6 | GPS: 44.1031, 59.3495
  -> [OK] AI Tashxisi: Normal
[Yuborilmoqda] Cow #7 | GPS: 44.0954, 59.3506
  -> [OK] AI Tashxisi: Mastit / Infeksiya
[Yuborilmoqda] Cow #8 | GPS: 44.1104, 59.3546
  -> [OK] AI Tashxisi: Normal
[Yuborilmoqda] Cow #9 | GPS: 44.0941, 59.3501
  -> [OK] AI Tashxisi: Normal
[Yuborilmoqda] Cow #10 | GPS: 44.0944, 59.3462
  -> [OK] AI Tashxisi: Normal
[Yuborilmoqda] Cow #11 | GPS: 44.0918, 59.3507
  -> [OK] AI Tashxisi: Normal
----------------------------------------
[Yuborilmoqda] Cow #1 | GPS: 44.0974, 59.3426
  -> [OK] AI Tashxisi: Normal
[Yuborilmoqda] Cow #2 | GPS: 44.0996, 59.3523
  -> [OK] AI Tashxisi: Normal
[Yuborilmoqda] Cow #3 | GPS: 44.0894, 59.3499
  -> [OK] AI Tashxisi: Normal
[Yuborilmoqda] Cow #4 | GPS: 44.1043, 59.3534
  -> [OK] AI Tashxisi: Ketoz / Acidosis
[Yuborilmoqda] Cow #5 | GPS: 44.0923, 59.3583
  -> [OK] AI Tashxisi: Normal
[Yuborilmoqda] Cow #6 | GPS: 44.103, 59.3494
  -> [OK] AI Tashxisi: Normal
[Yuborilmoqda] Cow #7 | GPS: 44.0956, 59.3506
  -> [OK] AI Tashxisi: Mastit / Infeksiya
[Yuborilmoqda] Cow #8 | GPS: 44.1103, 59.3545
  -> [OK] AI Tashxisi: Normal
[Yuborilmoqda] Cow #9 | GPS: 44.0941, 59.3499
  -> [OK] AI Tashxisi: Normal
[Yuborilmoqda] Cow #10 | GPS: 44.0945, 59.3464
  -> [OK] AI Tashxisi: Normal
[Yuborilmoqda] Cow #11 | GPS: 44.0919, 59.3509
  -> [OK] AI Tashxisi: Mastit / Infeksiya
----------------------------------------
[Yuborilmoqda] Cow #1 | GPS: 44.0974, 59.3426
  -> [OK] AI Tashxisi: Normal
[Yuborilmoqda] Cow #2 | GPS: 44.0996, 59.3525
  -> [OK] AI Tashxisi: Mastit / Infeksiya
[Yuborilmoqda] Cow #3 | GPS: 44.0895, 59.3501
  -> [OK] AI Tashxisi: Normal
[Yuborilmoqda] Cow #4 | GPS: 44.1043, 59.3536
  -> [OK] AI Tashxisi: Ketoz / Acidosis
[Yuborilmoqda] Cow #5 | GPS: 44.0922, 59.3583
  -> [OK] AI Tashxisi: Normal
[Yuborilmoqda] Cow #6 | GPS: 44.1032, 59.3495
  -> [OK] AI Tashxisi: Normal
[Yuborilmoqda] Cow #7 | GPS: 44.0955, 59.3505
  -> [OK] AI Tashxisi: Mastit / Infeksiya
[Yuborilmoqda] Cow #8 | GPS: 44.1104, 59.3546
  -> [OK] AI Tashxisi: Normal
[Yuborilmoqda] Cow #9 | GPS: 44.0942, 59.3497
  -> [OK] AI Tashxisi: Normal
[Yuborilmoqda] Cow #10 | GPS: 44.0944, 59.3463
  -> [OK] AI Tashxisi: Normal
[Yuborilmoqda] Cow #11 | GPS: 44.0919, 59.3508
  -> [OK] AI Tashxisi: Normal
----------------------------------------
[Yuborilmoqda] Cow #1 | GPS: 44.0974, 59.3425
  -> [OK] AI Tashxisi: Normal
[Yuborilmoqda] Cow #2 | GPS: 44.0994, 59.3523
  -> [OK] AI Tashxisi: Normal
[Yuborilmoqda] Cow #3 | GPS: 44.0897, 59.3502
  -> [OK] AI Tashxisi: Normal
[Yuborilmoqda] Cow #4 | GPS: 44.1043, 59.3537
  -> [OK] AI Tashxisi: Ketoz / Acidosis
[Yuborilmoqda] Cow #5 | GPS: 44.0921, 59.3584
  -> [OK] AI Tashxisi: Normal
[Yuborilmoqda] Cow #6 | GPS: 44.1031, 59.3496
  -> [OK] AI Tashxisi: Normal
[Yuborilmoqda] Cow #7 | GPS: 44.0955, 59.3507
  -> [OK] AI Tashxisi: Mastit / Infeksiya
[Yuborilmoqda] Cow #8 | GPS: 44.1103, 59.3546
  -> [OK] AI Tashxisi: Normal
[Yuborilmoqda] Cow #9 | GPS: 44.0942, 59.3497
  -> [OK] AI Tashxisi: Normal
[Yuborilmoqda] Cow #10 | GPS: 44.0945, 59.3462
  -> [OK] AI Tashxisi: Mastit / Infeksiya
[Yuborilmoqda] Cow #11 | GPS: 44.092, 59.3509
  -> [OK] AI Tashxisi: Normal
----------------------------------------
[Yuborilmoqda] Cow #1 | GPS: 44.0973, 59.3424
  -> [OK] AI Tashxisi: Mastit / Infeksiya
[Yuborilmoqda] Cow #2 | GPS: 44.0996, 59.3523
  -> [OK] AI Tashxisi: Normal
[Yuborilmoqda] Cow #3 | GPS: 44.0895, 59.3501
  -> [OK] AI Tashxisi: Mastit / Infeksiya
[Yuborilmoqda] Cow #4 | GPS: 44.1044, 59.3538
  -> [OK] AI Tashxisi: Ketoz / Acidosis
[Yuborilmoqda] Cow #5 | GPS: 44.0921, 59.3583
  -> [OK] AI Tashxisi: Normal
[Yuborilmoqda] Cow #6 | GPS: 44.1029, 59.3498
  -> [OK] AI Tashxisi: Normal
[Yuborilmoqda] Cow #7 | GPS: 44.0954, 59.3507
  -> [OK] AI Tashxisi: Mastit / Infeksiya
[Yuborilmoqda] Cow #8 | GPS: 44.1102, 59.3544
  -> [OK] AI Tashxisi: Normal
[Yuborilmoqda] Cow #9 | GPS: 44.0942, 59.3495
  -> [OK] AI Tashxisi: Normal
[Yuborilmoqda] Cow #10 | GPS: 44.0943, 59.3461
  -> [OK] AI Tashxisi: Normal
[Yuborilmoqda] Cow #11 | GPS: 44.0918, 59.3509
  -> [OK] AI Tashxisi: Normal
----------------------------------------
[Yuborilmoqda] Cow #1 | GPS: 44.0972, 59.3425
  -> [OK] AI Tashxisi: Normal
[Yuborilmoqda] Cow #2 | GPS: 44.0995, 59.3524
  -> [OK] AI Tashxisi: Normal
[Yuborilmoqda] Cow #3 | GPS: 44.0894, 59.35
  -> [OK] AI Tashxisi: Normal
[Yuborilmoqda] Cow #4 | GPS: 44.1046, 59.3537
  -> [OK] AI Tashxisi: Ketoz / Acidosis
[Yuborilmoqda] Cow #5 | GPS: 44.0922, 59.3583
  -> [OK] AI Tashxisi: Normal
[Yuborilmoqda] Cow #6 | GPS: 44.103, 59.3497
  -> [OK] AI Tashxisi: Normal
[Yuborilmoqda] Cow #7 | GPS: 44.0954, 59.3509
  -> [OK] AI Tashxisi: Mastit / Infeksiya
[Yuborilmoqda] Cow #8 | GPS: 44.1103, 59.3545
  -> [OK] AI Tashxisi: Normal
[Yuborilmoqda] Cow #9 | GPS: 44.0943, 59.3497
  -> [OK] AI Tashxisi: Normal
[Yuborilmoqda] Cow #10 | GPS: 44.0943, 59.3462
  -> [OK] AI Tashxisi: Normal
[Yuborilmoqda] Cow #11 | GPS: 44.0919, 59.351
  -> [OK] AI Tashxisi: Mastit / Infeksiya
----------------------------------------
[Yuborilmoqda] Cow #1 | GPS: 44.0971, 59.3426
  -> [OK] AI Tashxisi: Mastit / Infeksiya
[Yuborilmoqda] Cow #2 | GPS: 44.0995, 59.3525
  -> [OK] AI Tashxisi: Normal
[Yuborilmoqda] Cow #3 | GPS: 44.0892, 59.3501
  -> [OK] AI Tashxisi: Normal
[Yuborilmoqda] Cow #4 | GPS: 44.1046, 59.3537
  -> [OK] AI Tashxisi: Ketoz / Acidosis
[Yuborilmoqda] Cow #5 | GPS: 44.092, 59.3583
  -> [OK] AI Tashxisi: Normal
[Yuborilmoqda] Cow #6 | GPS: 44.1032, 59.3499
  -> [OK] AI Tashxisi: Normal
[Yuborilmoqda] Cow #7 | GPS: 44.0956, 59.3509
  -> [OK] AI Tashxisi: Mastit / Infeksiya
[Yuborilmoqda] Cow #8 | GPS: 44.1104, 59.3545
  -> [OK] AI Tashxisi: Normal
[Yuborilmoqda] Cow #9 | GPS: 44.0944, 59.3495
  -> [OK] AI Tashxisi: Normal
[Yuborilmoqda] Cow #10 | GPS: 44.0942, 59.3462
  -> [OK] AI Tashxisi: Normal
[Yuborilmoqda] Cow #11 | GPS: 44.0919, 59.3512
  -> [OK] AI Tashxisi: Normal
----------------------------------------
[Yuborilmoqda] Cow #1 | GPS: 44.0969, 59.3425
  -> [OK] AI Tashxisi: Normal
[Yuborilmoqda] Cow #2 | GPS: 44.0993, 59.3526
  -> [OK] AI Tashxisi: Normal
[Yuborilmoqda] Cow #3 | GPS: 44.0891, 59.3503
  -> [OK] AI Tashxisi: Mastit / Infeksiya
[Yuborilmoqda] Cow #4 | GPS: 44.1044, 59.3538
  -> [OK] AI Tashxisi: Ketoz / Acidosis
[Yuborilmoqda] Cow #5 | GPS: 44.0922, 59.3583
  -> [OK] AI Tashxisi: Mastit / Infeksiya
[Yuborilmoqda] Cow #6 | GPS: 44.1032, 59.3497
  -> [OK] AI Tashxisi: Normal
[Yuborilmoqda] Cow #7 | GPS: 44.0958, 59.3508
  -> [OK] AI Tashxisi: Mastit / Infeksiya
[Yuborilmoqda] Cow #8 | GPS: 44.1105, 59.3544
  -> [OK] AI Tashxisi: Normal
[Yuborilmoqda] Cow #9 | GPS: 44.0942, 59.3495
  -> [OK] AI Tashxisi: Normal
[Yuborilmoqda] Cow #10 | GPS: 44.0943, 59.3461
  -> [OK] AI Tashxisi: Normal
[Yuborilmoqda] Cow #11 | GPS: 44.0918, 59.3512
  -> [OK] AI Tashxisi: Normal
----------------------------------------
[Yuborilmoqda] Cow #1 | GPS: 44.0968, 59.3426
  -> [OK] AI Tashxisi: Normal
[Yuborilmoqda] Cow #2 | GPS: 44.0992, 59.3526
  -> [OK] AI Tashxisi: Normal
[Yuborilmoqda] Cow #3 | GPS: 44.0892, 59.3502
  -> [OK] AI Tashxisi: Normal
[Yuborilmoqda] Cow #4 | GPS: 44.1044, 59.3538
  -> [OK] AI Tashxisi: Ketoz / Acidosis
[Yuborilmoqda] Cow #5 | GPS: 44.0924, 59.3584
  -> [OK] AI Tashxisi: Normal
[Yuborilmoqda] Cow #6 | GPS: 44.1031, 59.3497
  -> [OK] AI Tashxisi: Mastit / Infeksiya
[Yuborilmoqda] Cow #7 | GPS: 44.096, 59.351
  -> [OK] AI Tashxisi: Mastit / Infeksiya
[Yuborilmoqda] Cow #8 | GPS: 44.1106, 59.3543
  -> [OK] AI Tashxisi: Normal
[Yuborilmoqda] Cow #9 | GPS: 44.0942, 59.3497
  -> [OK] AI Tashxisi: Normal
[Yuborilmoqda] Cow #10 | GPS: 44.0942, 59.3461
  -> [OK] AI Tashxisi: Normal
[Yuborilmoqda] Cow #11 | GPS: 44.0918, 59.3511
  -> [OK] AI Tashxisi: Normal
----------------------------------------
[Yuborilmoqda] Cow #1 | GPS: 44.0968, 59.3424
  -> [OK] AI Tashxisi: Mastit / Infeksiya
[Yuborilmoqda] Cow #2 | GPS: 44.0993, 59.3527
  -> [OK] AI Tashxisi: Normal
[Yuborilmoqda] Cow #3 | GPS: 44.0892, 59.3504
  -> [OK] AI Tashxisi: Normal
[Yuborilmoqda] Cow #4 | GPS: 44.1044, 59.3538
  -> [OK] AI Tashxisi: Ketoz / Acidosis
[Yuborilmoqda] Cow #5 | GPS: 44.0925, 59.3583
  -> [OK] AI Tashxisi: Normal
[Yuborilmoqda] Cow #6 | GPS: 44.1032, 59.3496
  -> [OK] AI Tashxisi: Normal
[Yuborilmoqda] Cow #7 | GPS: 44.096, 59.3509
  -> [OK] AI Tashxisi: Mastit / Infeksiya
[Yuborilmoqda] Cow #8 | GPS: 44.1106, 59.3542
  -> [OK] AI Tashxisi: Normal
[Yuborilmoqda] Cow #9 | GPS: 44.0941, 59.3495
  -> [OK] AI Tashxisi: Normal
[Yuborilmoqda] Cow #10 | GPS: 44.0941, 59.346
  -> [OK] AI Tashxisi: Normal
[Yuborilmoqda] Cow #11 | GPS: 44.0919, 59.3513
  -> [OK] AI Tashxisi: Normal
----------------------------------------
[Yuborilmoqda] Cow #1 | GPS: 44.0967, 59.3426
  -> [OK] AI Tashxisi: Normal
[Yuborilmoqda] Cow #2 | GPS: 44.0991, 59.3525
  -> [OK] AI Tashxisi: Normal
[Yuborilmoqda] Cow #3 | GPS: 44.0893, 59.3502
  -> [OK] AI Tashxisi: Normal
[Yuborilmoqda] Cow #4 | GPS: 44.1043, 59.354
  -> [OK] AI Tashxisi: Ketoz / Acidosis
[Yuborilmoqda] Cow #5 | GPS: 44.0927, 59.3583
  -> [OK] AI Tashxisi: Normal
[Yuborilmoqda] Cow #6 | GPS: 44.1032, 59.3498
  -> [OK] AI Tashxisi: Normal
[Yuborilmoqda] Cow #7 | GPS: 44.0959, 59.351
  -> [OK] AI Tashxisi: Mastit / Infeksiya
[Yuborilmoqda] Cow #8 | GPS: 44.1105, 59.3543
  -> [OK] AI Tashxisi: Normal
[Yuborilmoqda] Cow #9 | GPS: 44.094, 59.3494
  -> [OK] AI Tashxisi: Normal
[Yuborilmoqda] Cow #10 | GPS: 44.0943, 59.3459
  -> [OK] AI Tashxisi: Normal
[Yuborilmoqda] Cow #11 | GPS: 44.092, 59.3513
  -> [OK] AI Tashxisi: Normal
----------------------------------------
[Yuborilmoqda] Cow #1 | GPS: 44.0969, 59.3425
  -> [OK] AI Tashxisi: Normal
[Yuborilmoqda] Cow #2 | GPS: 44.0992, 59.3525
  -> [OK] AI Tashxisi: Normal
[Yuborilmoqda] Cow #3 | GPS: 44.0892, 59.3501
  -> [OK] AI Tashxisi: Normal
[Yuborilmoqda] Cow #4 | GPS: 44.1041, 59.3539
  -> [OK] AI Tashxisi: Ketoz / Acidosis
[Yuborilmoqda] Cow #5 | GPS: 44.0929, 59.3582
  -> [OK] AI Tashxisi: Normal
[Yuborilmoqda] Cow #6 | GPS: 44.1031, 59.3496
  -> [OK] AI Tashxisi: Normal
[Yuborilmoqda] Cow #7 | GPS: 44.0958, 59.3509
  -> [OK] AI Tashxisi: Mastit / Infeksiya
[Yuborilmoqda] Cow #8 | GPS: 44.1104, 59.3544
  -> [OK] AI Tashxisi: Normal
[Yuborilmoqda] Cow #9 | GPS: 44.0939, 59.3496
  -> [OK] AI Tashxisi: Normal
[Yuborilmoqda] Cow #10 | GPS: 44.0942, 59.3459
  -> [OK] AI Tashxisi: Normal
[Yuborilmoqda] Cow #11 | GPS: 44.0921, 59.3513
  -> [OK] AI Tashxisi: Normal
----------------------------------------
[Yuborilmoqda] Cow #1 | GPS: 44.0967, 59.3424
  -> [OK] AI Tashxisi: Normal
[Yuborilmoqda] Cow #2 | GPS: 44.0993, 59.3524
  -> [OK] AI Tashxisi: Normal
[Yuborilmoqda] Cow #3 | GPS: 44.0892, 59.3502
  -> [OK] AI Tashxisi: Normal
[Yuborilmoqda] Cow #4 | GPS: 44.104, 59.3537
  -> [OK] AI Tashxisi: Ketoz / Acidosis
[Yuborilmoqda] Cow #5 | GPS: 44.0927, 59.3583
  -> [OK] AI Tashxisi: Normal
[Yuborilmoqda] Cow #6 | GPS: 44.103, 59.3497
  -> [OK] AI Tashxisi: Normal
[Yuborilmoqda] Cow #7 | GPS: 44.096, 59.351
  -> [OK] AI Tashxisi: Mastit / Infeksiya
[Yuborilmoqda] Cow #8 | GPS: 44.1105, 59.3542
  -> [OK] AI Tashxisi: Normal
[Yuborilmoqda] Cow #9 | GPS: 44.0938, 59.3496
  -> [OK] AI Tashxisi: Normal
[Yuborilmoqda] Cow #10 | GPS: 44.094, 59.346
  -> [OK] AI Tashxisi: Normal
[Yuborilmoqda] Cow #11 | GPS: 44.0921, 59.3514
  -> [OK] AI Tashxisi: Normal
----------------------------------------
[Yuborilmoqda] Cow #1 | GPS: 44.0969, 59.3423
  -> [OK] AI Tashxisi: Normal
[Yuborilmoqda] Cow #2 | GPS: 44.0992, 59.3524
  -> [OK] AI Tashxisi: Normal
[Yuborilmoqda] Cow #3 | GPS: 44.0892, 59.35
  -> [OK] AI Tashxisi: Normal
[Yuborilmoqda] Cow #4 | GPS: 44.1039, 59.3539
  -> [OK] AI Tashxisi: Ketoz / Acidosis
[Yuborilmoqda] Cow #5 | GPS: 44.0929, 59.3585
  -> [OK] AI Tashxisi: Normal
[Yuborilmoqda] Cow #6 | GPS: 44.103, 59.3499
  -> [OK] AI Tashxisi: Normal
[Yuborilmoqda] Cow #7 | GPS: 44.0961, 59.3511
  -> [OK] AI Tashxisi: Mastit / Infeksiya
[Yuborilmoqda] Cow #8 | GPS: 44.1104, 59.3541
  -> [OK] AI Tashxisi: Normal
[Yuborilmoqda] Cow #9 | GPS: 44.0939, 59.3494
  -> [OK] AI Tashxisi: Normal
[Yuborilmoqda] Cow #10 | GPS: 44.0942, 59.3458
  -> [OK] AI Tashxisi: Normal
[Yuborilmoqda] Cow #11 | GPS: 44.0919, 59.3515
  -> [OK] AI Tashxisi: Normal
----------------------------------------
[Yuborilmoqda] Cow #1 | GPS: 44.0969, 59.3421
  -> [OK] AI Tashxisi: Normal
[Yuborilmoqda] Cow #2 | GPS: 44.0992, 59.3522
  -> [OK] AI Tashxisi: Normal
[Yuborilmoqda] Cow #3 | GPS: 44.0891, 59.3502
  -> [OK] AI Tashxisi: Normal
[Yuborilmoqda] Cow #4 | GPS: 44.1039, 59.3537
  -> [OK] AI Tashxisi: Ketoz / Acidosis
[Yuborilmoqda] Cow #5 | GPS: 44.0928, 59.3584
  -> [OK] AI Tashxisi: Normal
[Yuborilmoqda] Cow #6 | GPS: 44.1031, 59.3498
  -> [OK] AI Tashxisi: Normal
[Yuborilmoqda] Cow #7 | GPS: 44.0961, 59.3512
  -> [OK] AI Tashxisi: Mastit / Infeksiya
[Yuborilmoqda] Cow #8 | GPS: 44.1103, 59.3543
  -> [OK] AI Tashxisi: Normal
[Yuborilmoqda] Cow #9 | GPS: 44.0939, 59.3494
  -> [OK] AI Tashxisi: Normal
[Yuborilmoqda] Cow #10 | GPS: 44.0944, 59.3459
  -> [OK] AI Tashxisi: Normal
[Yuborilmoqda] Cow #11 | GPS: 44.0921, 59.3517
  -> [OK] AI Tashxisi: Normal
----------------------------------------
[Yuborilmoqda] Cow #1 | GPS: 44.097, 59.3419
  -> [OK] AI Tashxisi: Normal
[Yuborilmoqda] Cow #2 | GPS: 44.0992, 59.352
  -> [OK] AI Tashxisi: Normal
[Yuborilmoqda] Cow #3 | GPS: 44.089, 59.3503
  -> [OK] AI Tashxisi: Normal
[Yuborilmoqda] Cow #4 | GPS: 44.1039, 59.3539
  -> [OK] AI Tashxisi: Ketoz / Acidosis
[Yuborilmoqda] Cow #5 | GPS: 44.093, 59.3583
  -> [OK] AI Tashxisi: Normal
[Yuborilmoqda] Cow #6 | GPS: 44.1029, 59.35
  -> [OK] AI Tashxisi: Normal
[Yuborilmoqda] Cow #7 | GPS: 44.0963, 59.3513
  -> [OK] AI Tashxisi: Mastit / Infeksiya
[Yuborilmoqda] Cow #8 | GPS: 44.1103, 59.3542
  -> [OK] AI Tashxisi: Normal
[Yuborilmoqda] Cow #9 | GPS: 44.0938, 59.3496
  -> [OK] AI Tashxisi: Normal
[Yuborilmoqda] Cow #10 | GPS: 44.0945, 59.3461
  -> [OK] AI Tashxisi: Normal
[Yuborilmoqda] Cow #11 | GPS: 44.0919, 59.3518
  -> [OK] AI Tashxisi: Normal
----------------------------------------
[Yuborilmoqda] Cow #1 | GPS: 44.0972, 59.3419
  -> [OK] AI Tashxisi: Mastit / Infeksiya
[Yuborilmoqda] Cow #2 | GPS: 44.0991, 59.3521
  -> [OK] AI Tashxisi: Normal
[Yuborilmoqda] Cow #3 | GPS: 44.089, 59.3501
  -> [OK] AI Tashxisi: Normal
[Yuborilmoqda] Cow #4 | GPS: 44.1037, 59.3537
  -> [OK] AI Tashxisi: Ketoz / Acidosis
[Yuborilmoqda] Cow #5 | GPS: 44.0928, 59.3583
  -> [OK] AI Tashxisi: Normal
[Yuborilmoqda] Cow #6 | GPS: 44.103, 59.35
  -> [OK] AI Tashxisi: Normal
[Yuborilmoqda] Cow #7 | GPS: 44.0961, 59.3513
  -> [OK] AI Tashxisi: Mastit / Infeksiya
[Yuborilmoqda] Cow #8 | GPS: 44.1103, 59.3543
  -> [OK] AI Tashxisi: Normal
[Yuborilmoqda] Cow #9 | GPS: 44.0937, 59.3496
  -> [OK] AI Tashxisi: Normal
[Yuborilmoqda] Cow #10 | GPS: 44.0945, 59.3463
  -> [OK] AI Tashxisi: Normal
[Yuborilmoqda] Cow #11 | GPS: 44.0919, 59.3517
  -> [OK] AI Tashxisi: Normal
----------------------------------------
[Yuborilmoqda] Cow #1 | GPS: 44.0973, 59.3417
  -> [OK] AI Tashxisi: Normal
[Yuborilmoqda] Cow #2 | GPS: 44.0989, 59.3522
  -> [OK] AI Tashxisi: Normal
[Yuborilmoqda] Cow #3 | GPS: 44.0891, 59.35
  -> [OK] AI Tashxisi: Normal
[Yuborilmoqda] Cow #4 | GPS: 44.1038, 59.3536
  -> [OK] AI Tashxisi: Ketoz / Acidosis
[Yuborilmoqda] Cow #5 | GPS: 44.0928, 59.3585
  -> [OK] AI Tashxisi: Normal
[Yuborilmoqda] Cow #6 | GPS: 44.1031, 59.35
  -> [OK] AI Tashxisi: Normal
[Yuborilmoqda] Cow #7 | GPS: 44.0962, 59.3514
  -> [OK] AI Tashxisi: Mastit / Infeksiya
[Yuborilmoqda] Cow #8 | GPS: 44.1104, 59.3544
  -> [OK] AI Tashxisi: Normal
[Yuborilmoqda] Cow #9 | GPS: 44.0935, 59.3498
  -> [OK] AI Tashxisi: Normal
[Yuborilmoqda] Cow #10 | GPS: 44.0945, 59.3463
  -> [OK] AI Tashxisi: Normal
[Yuborilmoqda] Cow #11 | GPS: 44.092, 59.3518
  -> [OK] AI Tashxisi: Normal
----------------------------------------
[Yuborilmoqda] Cow #1 | GPS: 44.0971, 59.3418
  -> [OK] AI Tashxisi: Normal
[Yuborilmoqda] Cow #2 | GPS: 44.0988, 59.3522
  -> [OK] AI Tashxisi: Normal
[Yuborilmoqda] Cow #3 | GPS: 44.0891, 59.3502
  -> [OK] AI Tashxisi: Normal
[Yuborilmoqda] Cow #4 | GPS: 44.1036, 59.3536
  -> [OK] AI Tashxisi: Ketoz / Acidosis
[Yuborilmoqda] Cow #5 | GPS: 44.093, 59.3586
  -> [OK] AI Tashxisi: Normal
[Yuborilmoqda] Cow #6 | GPS: 44.1029, 59.3502
  -> [OK] AI Tashxisi: Normal
[Yuborilmoqda] Cow #7 | GPS: 44.0961, 59.3513
  -> [OK] AI Tashxisi: Mastit / Infeksiya
[Yuborilmoqda] Cow #8 | GPS: 44.1103, 59.3545
  -> [OK] AI Tashxisi: Normal
[Yuborilmoqda] Cow #9 | GPS: 44.0935, 59.3497
  -> [OK] AI Tashxisi: Normal
[Yuborilmoqda] Cow #10 | GPS: 44.0945, 59.3462
  -> [OK] AI Tashxisi: Normal
[Yuborilmoqda] Cow #11 | GPS: 44.0922, 59.3518
  -> [OK] AI Tashxisi: Normal
----------------------------------------
[Yuborilmoqda] Cow #1 | GPS: 44.097, 59.3419
  -> [OK] AI Tashxisi: Normal
[Yuborilmoqda] Cow #2 | GPS: 44.0987, 59.352
  -> [OK] AI Tashxisi: Normal
[Yuborilmoqda] Cow #3 | GPS: 44.089, 59.3501
  -> [OK] AI Tashxisi: Normal
[Yuborilmoqda] Cow #4 | GPS: 44.1035, 59.3535
  -> [OK] AI Tashxisi: Ketoz / Acidosis
[Yuborilmoqda] Cow #5 | GPS: 44.0928, 59.3587
  -> [OK] AI Tashxisi: Normal
[Yuborilmoqda] Cow #6 | GPS: 44.1027, 59.3502
  -> [OK] AI Tashxisi: Normal
[Yuborilmoqda] Cow #7 | GPS: 44.096, 59.3513
  -> [OK] AI Tashxisi: Mastit / Infeksiya
[Yuborilmoqda] Cow #8 | GPS: 44.1103, 59.3543
  -> [OK] AI Tashxisi: Normal
[Yuborilmoqda] Cow #9 | GPS: 44.0935, 59.3496
  -> [OK] AI Tashxisi: Normal
[Yuborilmoqda] Cow #10 | GPS: 44.0944, 59.3464
  -> [OK] AI Tashxisi: Normal
[Yuborilmoqda] Cow #11 | GPS: 44.0921, 59.3519
  -> [OK] AI Tashxisi: Normal
----------------------------------------
[Yuborilmoqda] Cow #1 | GPS: 44.0971, 59.3418
  -> [OK] AI Tashxisi: Normal
[Yuborilmoqda] Cow #2 | GPS: 44.0985, 59.3518
  -> [OK] AI Tashxisi: Normal
[Yuborilmoqda] Cow #3 | GPS: 44.0888, 59.3502
  -> [OK] AI Tashxisi: Normal
[Yuborilmoqda] Cow #4 | GPS: 44.1033, 59.3536
  -> [OK] AI Tashxisi: Ketoz / Acidosis
[Yuborilmoqda] Cow #5 | GPS: 44.093, 59.3585
  -> [OK] AI Tashxisi: Normal
[Yuborilmoqda] Cow #6 | GPS: 44.1027, 59.35
  -> [OK] AI Tashxisi: Normal
[Yuborilmoqda] Cow #7 | GPS: 44.0959, 59.3513
  -> [OK] AI Tashxisi: Mastit / Infeksiya
[Yuborilmoqda] Cow #8 | GPS: 44.1103, 59.3543
  -> [OK] AI Tashxisi: Normal
[Yuborilmoqda] Cow #9 | GPS: 44.0933, 59.3495
  -> [OK] AI Tashxisi: Normal
[Yuborilmoqda] Cow #10 | GPS: 44.0942, 59.3464
  -> [OK] AI Tashxisi: Normal
[Yuborilmoqda] Cow #11 | GPS: 44.0921, 59.3517
  -> [OK] AI Tashxisi: Normal
----------------------------------------
[Yuborilmoqda] Cow #1 | GPS: 44.0971, 59.3419
  -> [OK] AI Tashxisi: Normal
[Yuborilmoqda] Cow #2 | GPS: 44.0984, 59.3517
  -> [OK] AI Tashxisi: Mastit / Infeksiya
[Yuborilmoqda] Cow #3 | GPS: 44.0889, 59.3503
  -> [OK] AI Tashxisi: Normal
[Yuborilmoqda] Cow #4 | GPS: 44.1033, 59.3535
  -> [OK] AI Tashxisi: Ketoz / Acidosis
[Yuborilmoqda] Cow #5 | GPS: 44.093, 59.3585
  -> [OK] AI Tashxisi: Normal
[Yuborilmoqda] Cow #6 | GPS: 44.1028, 59.3501
  -> [OK] AI Tashxisi: Normal
[Yuborilmoqda] Cow #7 | GPS: 44.096, 59.3512
  -> [OK] AI Tashxisi: Mastit / Infeksiya
[Yuborilmoqda] Cow #8 | GPS: 44.1104, 59.3543
  -> [OK] AI Tashxisi: Normal
[Yuborilmoqda] Cow #9 | GPS: 44.0932, 59.3494
  -> [OK] AI Tashxisi: Normal
[Yuborilmoqda] Cow #10 | GPS: 44.094, 59.3463
  -> [OK] AI Tashxisi: Normal
[Yuborilmoqda] Cow #11 | GPS: 44.0923, 59.3517
  -> [OK] AI Tashxisi: Normal
----------------------------------------
[Yuborilmoqda] Cow #1 | GPS: 44.0972, 59.3418
  -> [OK] AI Tashxisi: Normal
[Yuborilmoqda] Cow #2 | GPS: 44.0984, 59.3515
  -> [OK] AI Tashxisi: Mastit / Infeksiya
[Yuborilmoqda] Cow #3 | GPS: 44.0888, 59.3505
  -> [OK] AI Tashxisi: Normal
[Yuborilmoqda] Cow #4 | GPS: 44.1034, 59.3533
  -> [OK] AI Tashxisi: Ketoz / Acidosis
[Yuborilmoqda] Cow #5 | GPS: 44.0929, 59.3586
  -> [OK] AI Tashxisi: Normal
[Yuborilmoqda] Cow #6 | GPS: 44.103, 59.3501
  -> [OK] AI Tashxisi: Normal
[Yuborilmoqda] Cow #7 | GPS: 44.0961, 59.3511
  -> [OK] AI Tashxisi: Mastit / Infeksiya
[Yuborilmoqda] Cow #8 | GPS: 44.1102, 59.3542
  -> [OK] AI Tashxisi: Normal
[Yuborilmoqda] Cow #9 | GPS: 44.093, 59.3492
  -> [OK] AI Tashxisi: Normal
[Yuborilmoqda] Cow #10 | GPS: 44.0941, 59.3462
  -> [OK] AI Tashxisi: Normal
[Yuborilmoqda] Cow #11 | GPS: 44.0921, 59.3518
  -> [OK] AI Tashxisi: Normal
----------------------------------------
[Yuborilmoqda] Cow #1 | GPS: 44.0972, 59.3416
  -> [OK] AI Tashxisi: Normal
[Yuborilmoqda] Cow #2 | GPS: 44.0983, 59.3513
  -> [OK] AI Tashxisi: Normal
[Yuborilmoqda] Cow #3 | GPS: 44.0889, 59.3504
  -> [OK] AI Tashxisi: Normal
[Yuborilmoqda] Cow #4 | GPS: 44.1032, 59.3534
  -> [OK] AI Tashxisi: Ketoz / Acidosis
[Yuborilmoqda] Cow #5 | GPS: 44.0928, 59.3585
  -> [OK] AI Tashxisi: Normal
[Yuborilmoqda] Cow #6 | GPS: 44.103, 59.3501
  -> [OK] AI Tashxisi: Normal
[Yuborilmoqda] Cow #7 | GPS: 44.0962, 59.351
  -> [OK] AI Tashxisi: Mastit / Infeksiya
[Yuborilmoqda] Cow #8 | GPS: 44.1102, 59.3543
  -> [OK] AI Tashxisi: Normal
[Yuborilmoqda] Cow #9 | GPS: 44.0929, 59.3492
  -> [OK] AI Tashxisi: Normal
[Yuborilmoqda] Cow #10 | GPS: 44.0939, 59.3464
  -> [OK] AI Tashxisi: Normal
[Yuborilmoqda] Cow #11 | GPS: 44.0922, 59.352
  -> [OK] AI Tashxisi: Normal
----------------------------------------
[Yuborilmoqda] Cow #1 | GPS: 44.097, 59.3417
  -> [OK] AI Tashxisi: Normal
[Yuborilmoqda] Cow #2 | GPS: 44.0984, 59.3513
  -> [OK] AI Tashxisi: Normal
[Yuborilmoqda] Cow #3 | GPS: 44.0889, 59.3504
  -> [OK] AI Tashxisi: Normal
[Yuborilmoqda] Cow #4 | GPS: 44.1031, 59.3536
  -> [OK] AI Tashxisi: Ketoz / Acidosis
[Yuborilmoqda] Cow #5 | GPS: 44.0926, 59.3585
  -> [OK] AI Tashxisi: Normal
[Yuborilmoqda] Cow #6 | GPS: 44.1028, 59.3502
  -> [OK] AI Tashxisi: Mastit / Infeksiya
[Yuborilmoqda] Cow #7 | GPS: 44.0962, 59.3509
  -> [OK] AI Tashxisi: Mastit / Infeksiya
[Yuborilmoqda] Cow #8 | GPS: 44.1103, 59.3542
  -> [OK] AI Tashxisi: Normal
[Yuborilmoqda] Cow #9 | GPS: 44.093, 59.3491
  -> [OK] AI Tashxisi: Normal
[Yuborilmoqda] Cow #10 | GPS: 44.0939, 59.3462
  -> [OK] AI Tashxisi: Mastit / Infeksiya
[Yuborilmoqda] Cow #11 | GPS: 44.0922, 59.3521
  -> [OK] AI Tashxisi: Normal
----------------------------------------
[Yuborilmoqda] Cow #1 | GPS: 44.0972, 59.3417
  -> [OK] AI Tashxisi: Normal
[Yuborilmoqda] Cow #2 | GPS: 44.0984, 59.3514
  -> [OK] AI Tashxisi: Normal
[Yuborilmoqda] Cow #3 | GPS: 44.0891, 59.3505
  -> [OK] AI Tashxisi: Normal
[Yuborilmoqda] Cow #4 | GPS: 44.1032, 59.3534
  -> [OK] AI Tashxisi: Ketoz / Acidosis
[Yuborilmoqda] Cow #5 | GPS: 44.0926, 59.3585
  -> [OK] AI Tashxisi: Normal
[Yuborilmoqda] Cow #6 | GPS: 44.1029, 59.35
  -> [OK] AI Tashxisi: Normal
[Yuborilmoqda] Cow #7 | GPS: 44.0962, 59.351
  -> [OK] AI Tashxisi: Mastit / Infeksiya
[Yuborilmoqda] Cow #8 | GPS: 44.1101, 59.3542
  -> [OK] AI Tashxisi: Normal
[Yuborilmoqda] Cow #9 | GPS: 44.0929, 59.3489
  -> [OK] AI Tashxisi: Normal
[Yuborilmoqda] Cow #10 | GPS: 44.0938, 59.3461
  -> [OK] AI Tashxisi: Normal
[Yuborilmoqda] Cow #11 | GPS: 44.0921, 59.3519
  -> [OK] AI Tashxisi: Normal
----------------------------------------
[Yuborilmoqda] Cow #1 | GPS: 44.0972, 59.3418
  -> [OK] AI Tashxisi: Normal
[Yuborilmoqda] Cow #2 | GPS: 44.0986, 59.3515
  -> [OK] AI Tashxisi: Mastit / Infeksiya
[Yuborilmoqda] Cow #3 | GPS: 44.0892, 59.3505
  -> [OK] AI Tashxisi: Normal
[Yuborilmoqda] Cow #4 | GPS: 44.1034, 59.3535
  -> [OK] AI Tashxisi: Ketoz / Acidosis
[Yuborilmoqda] Cow #5 | GPS: 44.0927, 59.3583
  -> [OK] AI Tashxisi: Normal
[Yuborilmoqda] Cow #6 | GPS: 44.1028, 59.35
  -> [OK] AI Tashxisi: Normal
[Yuborilmoqda] Cow #7 | GPS: 44.0962, 59.351
  -> [OK] AI Tashxisi: Mastit / Infeksiya
[Yuborilmoqda] Cow #8 | GPS: 44.1102, 59.354
  -> [OK] AI Tashxisi: Normal
[Yuborilmoqda] Cow #9 | GPS: 44.0931, 59.3489
  -> [OK] AI Tashxisi: Normal
[Yuborilmoqda] Cow #10 | GPS: 44.0939, 59.3463
  -> [OK] AI Tashxisi: Normal
[Yuborilmoqda] Cow #11 | GPS: 44.092, 59.3521
  -> [OK] AI Tashxisi: Normal
----------------------------------------
[Yuborilmoqda] Cow #1 | GPS: 44.0971, 59.3419
  -> [OK] AI Tashxisi: Normal
[Yuborilmoqda] Cow #2 | GPS: 44.0987, 59.3516
  -> [OK] AI Tashxisi: Normal
[Yuborilmoqda] Cow #3 | GPS: 44.0892, 59.3504
  -> [OK] AI Tashxisi: Normal
[Yuborilmoqda] Cow #4 | GPS: 44.1033, 59.3534
  -> [OK] AI Tashxisi: Ketoz / Acidosis
[Yuborilmoqda] Cow #5 | GPS: 44.0925, 59.3582
  -> [OK] AI Tashxisi: Normal
[Yuborilmoqda] Cow #6 | GPS: 44.103, 59.35
  -> [OK] AI Tashxisi: Mastit / Infeksiya
[Yuborilmoqda] Cow #7 | GPS: 44.0961, 59.3508
  -> [OK] AI Tashxisi: Mastit / Infeksiya
[Yuborilmoqda] Cow #8 | GPS: 44.11, 59.3539
  -> [OK] AI Tashxisi: Normal
[Yuborilmoqda] Cow #9 | GPS: 44.0933, 59.3489
  -> [OK] AI Tashxisi: Normal
[Yuborilmoqda] Cow #10 | GPS: 44.0938, 59.3464
  -> [OK] AI Tashxisi: Normal
[Yuborilmoqda] Cow #11 | GPS: 44.0922, 59.352
  -> [OK] AI Tashxisi: Normal
----------------------------------------
[Yuborilmoqda] Cow #1 | GPS: 44.0971, 59.3418
  -> [OK] AI Tashxisi: Normal
[Yuborilmoqda] Cow #2 | GPS: 44.0988, 59.3514
  -> [OK] AI Tashxisi: Normal
[Yuborilmoqda] Cow #3 | GPS: 44.0893, 59.3504
  -> [OK] AI Tashxisi: Normal
[Yuborilmoqda] Cow #4 | GPS: 44.1033, 59.3536
  -> [OK] AI Tashxisi: Ketoz / Acidosis
[Yuborilmoqda] Cow #5 | GPS: 44.0924, 59.3583
  -> [OK] AI Tashxisi: Normal
[Yuborilmoqda] Cow #6 | GPS: 44.1029, 59.3499
  -> [OK] AI Tashxisi: Normal
[Yuborilmoqda] Cow #7 | GPS: 44.0962, 59.3509
  -> [OK] AI Tashxisi: Mastit / Infeksiya
[Yuborilmoqda] Cow #8 | GPS: 44.1099, 59.3539
  -> [OK] AI Tashxisi: Normal
[Yuborilmoqda] Cow #9 | GPS: 44.0934, 59.3489
  -> [OK] AI Tashxisi: Mastit / Infeksiya
[Yuborilmoqda] Cow #10 | GPS: 44.094, 59.3465
  -> [OK] AI Tashxisi: Normal
[Yuborilmoqda] Cow #11 | GPS: 44.0922, 59.3521
  -> [OK] AI Tashxisi: Mastit / Infeksiya
----------------------------------------
[Yuborilmoqda] Cow #1 | GPS: 44.0971, 59.342
  -> [OK] AI Tashxisi: Normal
[Yuborilmoqda] Cow #2 | GPS: 44.0986, 59.3514
  -> [OK] AI Tashxisi: Normal
[Yuborilmoqda] Cow #3 | GPS: 44.0893, 59.3504
  -> [OK] AI Tashxisi: Normal
[Yuborilmoqda] Cow #4 | GPS: 44.1033, 59.3537
  -> [OK] AI Tashxisi: Ketoz / Acidosis
[Yuborilmoqda] Cow #5 | GPS: 44.0926, 59.3582
  -> [OK] AI Tashxisi: Normal
[Yuborilmoqda] Cow #6 | GPS: 44.1031, 59.3498
  -> [OK] AI Tashxisi: Normal
[Yuborilmoqda] Cow #7 | GPS: 44.0963, 59.3508
  -> [OK] AI Tashxisi: Mastit / Infeksiya
[Yuborilmoqda] Cow #8 | GPS: 44.11, 59.3539
  -> [OK] AI Tashxisi: Normal
[Yuborilmoqda] Cow #9 | GPS: 44.0933, 59.3488
  -> [OK] AI Tashxisi: Mastit / Infeksiya
[Yuborilmoqda] Cow #10 | GPS: 44.0941, 59.3463
  -> [OK] AI Tashxisi: Normal
[Yuborilmoqda] Cow #11 | GPS: 44.0922, 59.3519
  -> [OK] AI Tashxisi: Normal
----------------------------------------
[Yuborilmoqda] Cow #1 | GPS: 44.097, 59.3421
  -> [OK] AI Tashxisi: Normal
[Yuborilmoqda] Cow #2 | GPS: 44.0988, 59.3515
  -> [OK] AI Tashxisi: Normal
[Yuborilmoqda] Cow #3 | GPS: 44.0894, 59.3504
  -> [OK] AI Tashxisi: Normal
[Yuborilmoqda] Cow #4 | GPS: 44.1032, 59.3536
  -> [OK] AI Tashxisi: Ketoz / Acidosis
[Yuborilmoqda] Cow #5 | GPS: 44.0927, 59.3584
  -> [OK] AI Tashxisi: Normal
[Yuborilmoqda] Cow #6 | GPS: 44.1031, 59.35
  -> [OK] AI Tashxisi: Normal
[Yuborilmoqda] Cow #7 | GPS: 44.0964, 59.3509
  -> [OK] AI Tashxisi: Mastit / Infeksiya
[Yuborilmoqda] Cow #8 | GPS: 44.11, 59.3538
  -> [OK] AI Tashxisi: Normal
[Yuborilmoqda] Cow #9 | GPS: 44.0932, 59.3489
  -> [OK] AI Tashxisi: Normal
[Yuborilmoqda] Cow #10 | GPS: 44.0942, 59.3463
  -> [OK] AI Tashxisi: Normal
[Yuborilmoqda] Cow #11 | GPS: 44.0923, 59.3518
  -> [OK] AI Tashxisi: Normal
----------------------------------------
[Yuborilmoqda] Cow #1 | GPS: 44.0971, 59.3419
  -> [OK] AI Tashxisi: Normal
[Yuborilmoqda] Cow #2 | GPS: 44.0987, 59.3514
  -> [OK] AI Tashxisi: Normal
[Yuborilmoqda] Cow #3 | GPS: 44.0892, 59.3503
  -> [OK] AI Tashxisi: Normal
[Yuborilmoqda] Cow #4 | GPS: 44.1033, 59.3534
  -> [OK] AI Tashxisi: Ketoz / Acidosis
[Yuborilmoqda] Cow #5 | GPS: 44.0926, 59.3585
  -> [OK] AI Tashxisi: Normal
[Yuborilmoqda] Cow #6 | GPS: 44.1032, 59.3499
  -> [OK] AI Tashxisi: Normal
[Yuborilmoqda] Cow #7 | GPS: 44.0963, 59.351
  -> [OK] AI Tashxisi: Mastit / Infeksiya
[Yuborilmoqda] Cow #8 | GPS: 44.1098, 59.3538
  -> [OK] AI Tashxisi: Normal
[Yuborilmoqda] Cow #9 | GPS: 44.093, 59.3487
  -> [OK] AI Tashxisi: Normal
[Yuborilmoqda] Cow #10 | GPS: 44.0942, 59.3463
  -> [OK] AI Tashxisi: Normal
[Yuborilmoqda] Cow #11 | GPS: 44.0925, 59.3516
  -> [OK] AI Tashxisi: Normal
----------------------------------------
[Yuborilmoqda] Cow #1 | GPS: 44.0973, 59.3421
  -> [OK] AI Tashxisi: Normal
[Yuborilmoqda] Cow #2 | GPS: 44.0988, 59.3516
  -> [OK] AI Tashxisi: Normal
[Yuborilmoqda] Cow #3 | GPS: 44.0893, 59.3502
  -> [OK] AI Tashxisi: Normal
[Yuborilmoqda] Cow #4 | GPS: 44.1034, 59.3535
  -> [OK] AI Tashxisi: Ketoz / Acidosis
[Yuborilmoqda] Cow #5 | GPS: 44.0927, 59.3584
  -> [OK] AI Tashxisi: Normal
[Yuborilmoqda] Cow #6 | GPS: 44.1033, 59.3501
  -> [OK] AI Tashxisi: Normal
[Yuborilmoqda] Cow #7 | GPS: 44.0963, 59.351
  -> [OK] AI Tashxisi: Mastit / Infeksiya
[Yuborilmoqda] Cow #8 | GPS: 44.1097, 59.354
  -> [OK] AI Tashxisi: Normal
[Yuborilmoqda] Cow #9 | GPS: 44.0931, 59.3487
  -> [OK] AI Tashxisi: Normal
[Yuborilmoqda] Cow #10 | GPS: 44.094, 59.3465
  -> [OK] AI Tashxisi: Normal
[Yuborilmoqda] Cow #11 | GPS: 44.0924, 59.3517
  -> [OK] AI Tashxisi: Normal
----------------------------------------
[Yuborilmoqda] Cow #1 | GPS: 44.0973, 59.3422
  -> [OK] AI Tashxisi: Normal
[Yuborilmoqda] Cow #2 | GPS: 44.0988, 59.3514
  -> [OK] AI Tashxisi: Normal
[Yuborilmoqda] Cow #3 | GPS: 44.0893, 59.3502
  -> [OK] AI Tashxisi: Normal
[Yuborilmoqda] Cow #4 | GPS: 44.1035, 59.3535
  -> [OK] AI Tashxisi: Ketoz / Acidosis
[Yuborilmoqda] Cow #5 | GPS: 44.0926, 59.3583
  -> [OK] AI Tashxisi: Mastit / Infeksiya
[Yuborilmoqda] Cow #6 | GPS: 44.1034, 59.3499
  -> [OK] AI Tashxisi: Normal
[Yuborilmoqda] Cow #7 | GPS: 44.0964, 59.351
  -> [OK] AI Tashxisi: Mastit / Infeksiya
[Yuborilmoqda] Cow #8 | GPS: 44.1095, 59.3538
  -> [OK] AI Tashxisi: Normal
[Yuborilmoqda] Cow #9 | GPS: 44.093, 59.3486
  -> [OK] AI Tashxisi: Normal
[Yuborilmoqda] Cow #10 | GPS: 44.0942, 59.3463
  -> [OK] AI Tashxisi: Mastit / Infeksiya
[Yuborilmoqda] Cow #11 | GPS: 44.0926, 59.3517
  -> [OK] AI Tashxisi: Normal
----------------------------------------
[Yuborilmoqda] Cow #1 | GPS: 44.0975, 59.342
  -> [OK] AI Tashxisi: Normal
[Yuborilmoqda] Cow #2 | GPS: 44.0987, 59.3513
  -> [OK] AI Tashxisi: Normal
[Yuborilmoqda] Cow #3 | GPS: 44.0895, 59.3503
  -> [OK] AI Tashxisi: Normal
[Yuborilmoqda] Cow #4 | GPS: 44.1035, 59.3536
  -> [OK] AI Tashxisi: Ketoz / Acidosis
[Yuborilmoqda] Cow #5 | GPS: 44.0925, 59.3582
  -> [OK] AI Tashxisi: Normal
[Yuborilmoqda] Cow #6 | GPS: 44.1035, 59.3499
  -> [OK] AI Tashxisi: Normal
[Yuborilmoqda] Cow #7 | GPS: 44.0963, 59.351
  -> [OK] AI Tashxisi: Mastit / Infeksiya
[Yuborilmoqda] Cow #8 | GPS: 44.1096, 59.3539
  -> [OK] AI Tashxisi: Normal
[Yuborilmoqda] Cow #9 | GPS: 44.0929, 59.3487
  -> [OK] AI Tashxisi: Normal
[Yuborilmoqda] Cow #10 | GPS: 44.0942, 59.3465
  -> [OK] AI Tashxisi: Normal
[Yuborilmoqda] Cow #11 | GPS: 44.0926, 59.3516
  -> [OK] AI Tashxisi: Normal
----------------------------------------
[Yuborilmoqda] Cow #1 | GPS: 44.0976, 59.3421
  -> [OK] AI Tashxisi: Normal
[Yuborilmoqda] Cow #2 | GPS: 44.0988, 59.3515
  -> [OK] AI Tashxisi: Normal
[Yuborilmoqda] Cow #3 | GPS: 44.0893, 59.3504
  -> [OK] AI Tashxisi: Normal
[Yuborilmoqda] Cow #4 | GPS: 44.1036, 59.3535
  -> [OK] AI Tashxisi: Ketoz / Acidosis
[Yuborilmoqda] Cow #5 | GPS: 44.0924, 59.3584
  -> [OK] AI Tashxisi: Normal
[Yuborilmoqda] Cow #6 | GPS: 44.1036, 59.3501
  -> [OK] AI Tashxisi: Normal
[Yuborilmoqda] Cow #7 | GPS: 44.0965, 59.3511
  -> [OK] AI Tashxisi: Mastit / Infeksiya
[Yuborilmoqda] Cow #8 | GPS: 44.1097, 59.354
  -> [OK] AI Tashxisi: Normal
[Yuborilmoqda] Cow #9 | GPS: 44.0927, 59.3486
  -> [OK] AI Tashxisi: Normal
[Yuborilmoqda] Cow #10 | GPS: 44.0941, 59.3467
  -> [OK] AI Tashxisi: Normal
[Yuborilmoqda] Cow #11 | GPS: 44.0927, 59.3516
  -> [OK] AI Tashxisi: Normal
----------------------------------------
[Yuborilmoqda] Cow #1 | GPS: 44.0976, 59.3422
  -> [OK] AI Tashxisi: Normal
[Yuborilmoqda] Cow #2 | GPS: 44.0989, 59.3515
  -> [OK] AI Tashxisi: Normal
[Yuborilmoqda] Cow #3 | GPS: 44.0895, 59.3505
  -> [OK] AI Tashxisi: Normal
[Yuborilmoqda] Cow #4 | GPS: 44.1038, 59.3536
  -> [OK] AI Tashxisi: Ketoz / Acidosis
[Yuborilmoqda] Cow #5 | GPS: 44.0925, 59.3586
  -> [OK] AI Tashxisi: Mastit / Infeksiya
[Yuborilmoqda] Cow #6 | GPS: 44.1036, 59.3503
  -> [OK] AI Tashxisi: Normal
[Yuborilmoqda] Cow #7 | GPS: 44.0963, 59.351
  -> [OK] AI Tashxisi: Mastit / Infeksiya
[Yuborilmoqda] Cow #8 | GPS: 44.1099, 59.3541
  -> [OK] AI Tashxisi: Normal
[Yuborilmoqda] Cow #9 | GPS: 44.0927, 59.3486
  -> [OK] AI Tashxisi: Normal
[Yuborilmoqda] Cow #10 | GPS: 44.094, 59.3468
  -> [OK] AI Tashxisi: Mastit / Infeksiya
[Yuborilmoqda] Cow #11 | GPS: 44.0925, 59.3514
  -> [OK] AI Tashxisi: Normal
----------------------------------------
[Yuborilmoqda] Cow #1 | GPS: 44.0977, 59.3423
  -> [OK] AI Tashxisi: Normal
[Yuborilmoqda] Cow #2 | GPS: 44.099, 59.3515
  -> [OK] AI Tashxisi: Normal
[Yuborilmoqda] Cow #3 | GPS: 44.0895, 59.3505
  -> [OK] AI Tashxisi: Normal
[Yuborilmoqda] Cow #4 | GPS: 44.1038, 59.3535
  -> [OK] AI Tashxisi: Ketoz / Acidosis
[Yuborilmoqda] Cow #5 | GPS: 44.0926, 59.3586
  -> [OK] AI Tashxisi: Mastit / Infeksiya
[Yuborilmoqda] Cow #6 | GPS: 44.1035, 59.3504
  -> [OK] AI Tashxisi: Normal
[Yuborilmoqda] Cow #7 | GPS: 44.0961, 59.3509
  -> [OK] AI Tashxisi: Mastit / Infeksiya
[Yuborilmoqda] Cow #8 | GPS: 44.11, 59.354
  -> [OK] AI Tashxisi: Normal
[Yuborilmoqda] Cow #9 | GPS: 44.0926, 59.3485
  -> [OK] AI Tashxisi: Normal
[Yuborilmoqda] Cow #10 | GPS: 44.094, 59.347
  -> [OK] AI Tashxisi: Normal
[Yuborilmoqda] Cow #11 | GPS: 44.0927, 59.3514
  -> [OK] AI Tashxisi: Normal
----------------------------------------
[Yuborilmoqda] Cow #1 | GPS: 44.0976, 59.3423
  -> [OK] AI Tashxisi: Normal
[Yuborilmoqda] Cow #2 | GPS: 44.0989, 59.3513
  -> [OK] AI Tashxisi: Normal
[Yuborilmoqda] Cow #3 | GPS: 44.0897, 59.3505
  -> [OK] AI Tashxisi: Normal
[Yuborilmoqda] Cow #4 | GPS: 44.104, 59.3536
  -> [OK] AI Tashxisi: Ketoz / Acidosis
[Yuborilmoqda] Cow #5 | GPS: 44.0924, 59.3588
  -> [OK] AI Tashxisi: Normal
[Yuborilmoqda] Cow #6 | GPS: 44.1037, 59.3505
  -> [OK] AI Tashxisi: Normal
[Yuborilmoqda] Cow #7 | GPS: 44.096, 59.351
  -> [OK] AI Tashxisi: Mastit / Infeksiya
[Yuborilmoqda] Cow #8 | GPS: 44.11, 59.3539
  -> [OK] AI Tashxisi: Normal
[Yuborilmoqda] Cow #9 | GPS: 44.0928, 59.3485
  -> [OK] AI Tashxisi: Normal
[Yuborilmoqda] Cow #10 | GPS: 44.0939, 59.347
  -> [OK] AI Tashxisi: Normal
[Yuborilmoqda] Cow #11 | GPS: 44.0926, 59.3512
  -> [OK] AI Tashxisi: Normal
----------------------------------------
[Yuborilmoqda] Cow #1 | GPS: 44.0976, 59.3423
  -> [OK] AI Tashxisi: Normal
[Yuborilmoqda] Cow #2 | GPS: 44.0989, 59.3514
  -> [OK] AI Tashxisi: Normal
[Yuborilmoqda] Cow #3 | GPS: 44.0895, 59.3505
  -> [OK] AI Tashxisi: Normal
[Yuborilmoqda] Cow #4 | GPS: 44.1041, 59.3535
  -> [OK] AI Tashxisi: Ketoz / Acidosis
[Yuborilmoqda] Cow #5 | GPS: 44.0926, 59.3589
  -> [OK] AI Tashxisi: Normal
[Yuborilmoqda] Cow #6 | GPS: 44.1039, 59.3506
  -> [OK] AI Tashxisi: Normal
[Yuborilmoqda] Cow #7 | GPS: 44.0959, 59.351
  -> [OK] AI Tashxisi: Mastit / Infeksiya
[Yuborilmoqda] Cow #8 | GPS: 44.1101, 59.3539
  -> [OK] AI Tashxisi: Normal
[Yuborilmoqda] Cow #9 | GPS: 44.0929, 59.3487
  -> [OK] AI Tashxisi: Normal
[Yuborilmoqda] Cow #10 | GPS: 44.094, 59.347
  -> [OK] AI Tashxisi: Normal
[Yuborilmoqda] Cow #11 | GPS: 44.0928, 59.3511
  -> [OK] AI Tashxisi: Normal
----------------------------------------
[Yuborilmoqda] Cow #1 | GPS: 44.0976, 59.3422
  -> [OK] AI Tashxisi: Normal
[Yuborilmoqda] Cow #2 | GPS: 44.099, 59.3515
  -> [OK] AI Tashxisi: Normal
[Yuborilmoqda] Cow #3 | GPS: 44.0894, 59.3505
  -> [OK] AI Tashxisi: Normal
[Yuborilmoqda] Cow #4 | GPS: 44.1042, 59.3535
  -> [OK] AI Tashxisi: Ketoz / Acidosis
[Yuborilmoqda] Cow #5 | GPS: 44.0924, 59.3589
  -> [OK] AI Tashxisi: Normal
[Yuborilmoqda] Cow #6 | GPS: 44.1037, 59.3505
  -> [OK] AI Tashxisi: Normal
[Yuborilmoqda] Cow #7 | GPS: 44.0961, 59.3508
  -> [OK] AI Tashxisi: Mastit / Infeksiya
[Yuborilmoqda] Cow #8 | GPS: 44.1099, 59.3541
  -> [OK] AI Tashxisi: Normal
[Yuborilmoqda] Cow #9 | GPS: 44.0929, 59.3489
  -> [OK] AI Tashxisi: Normal
[Yuborilmoqda] Cow #10 | GPS: 44.094, 59.347
  -> [OK] AI Tashxisi: Normal
[Yuborilmoqda] Cow #11 | GPS: 44.0928, 59.3512
  -> [OK] AI Tashxisi: Normal
----------------------------------------
[Yuborilmoqda] Cow #1 | GPS: 44.0977, 59.3422
  -> [OK] AI Tashxisi: Normal
[Yuborilmoqda] Cow #2 | GPS: 44.0991, 59.3516
  -> [OK] AI Tashxisi: Normal
[Yuborilmoqda] Cow #3 | GPS: 44.0894, 59.3503
  -> [OK] AI Tashxisi: Normal
[Yuborilmoqda] Cow #4 | GPS: 44.1042, 59.3534
  -> [OK] AI Tashxisi: Ketoz / Acidosis
[Yuborilmoqda] Cow #5 | GPS: 44.0924, 59.3589
  -> [OK] AI Tashxisi: Normal
[Yuborilmoqda] Cow #6 | GPS: 44.1037, 59.3506
  -> [OK] AI Tashxisi: Normal
[Yuborilmoqda] Cow #7 | GPS: 44.096, 59.3509
  -> [OK] AI Tashxisi: Mastit / Infeksiya
[Yuborilmoqda] Cow #8 | GPS: 44.1101, 59.3542
  -> [OK] AI Tashxisi: Normal
[Yuborilmoqda] Cow #9 | GPS: 44.0929, 59.3488
  -> [OK] AI Tashxisi: Normal
[Yuborilmoqda] Cow #10 | GPS: 44.0942, 59.3468
  -> [OK] AI Tashxisi: Normal
[Yuborilmoqda] Cow #11 | GPS: 44.093, 59.3512
  -> [OK] AI Tashxisi: Normal
----------------------------------------
[Yuborilmoqda] Cow #1 | GPS: 44.0978, 59.3422
  -> [OK] AI Tashxisi: Normal
[Yuborilmoqda] Cow #2 | GPS: 44.0993, 59.3517
  -> [OK] AI Tashxisi: Normal
[Yuborilmoqda] Cow #3 | GPS: 44.0895, 59.3502
  -> [OK] AI Tashxisi: Normal
[Yuborilmoqda] Cow #4 | GPS: 44.1043, 59.3535
  -> [OK] AI Tashxisi: Ketoz / Acidosis
[Yuborilmoqda] Cow #5 | GPS: 44.0924, 59.3588
  -> [OK] AI Tashxisi: Normal
[Yuborilmoqda] Cow #6 | GPS: 44.1036, 59.3506
  -> [OK] AI Tashxisi: Normal
[Yuborilmoqda] Cow #7 | GPS: 44.0961, 59.3507
  -> [OK] AI Tashxisi: Mastit / Infeksiya
[Yuborilmoqda] Cow #8 | GPS: 44.1102, 59.354
  -> [OK] AI Tashxisi: Normal
[Yuborilmoqda] Cow #9 | GPS: 44.0929, 59.3486
  -> [OK] AI Tashxisi: Normal
[Yuborilmoqda] Cow #10 | GPS: 44.0943, 59.3467
  -> [OK] AI Tashxisi: Normal
[Yuborilmoqda] Cow #11 | GPS: 44.0929, 59.3511
  -> [OK] AI Tashxisi: Normal
----------------------------------------
[Yuborilmoqda] Cow #1 | GPS: 44.0976, 59.3421
  -> [OK] AI Tashxisi: Normal
[Yuborilmoqda] Cow #2 | GPS: 44.0992, 59.3518
  -> [OK] AI Tashxisi: Normal
[Yuborilmoqda] Cow #3 | GPS: 44.0894, 59.3504
  -> [OK] AI Tashxisi: Mastit / Infeksiya
[Yuborilmoqda] Cow #4 | GPS: 44.1043, 59.3535
  -> [OK] AI Tashxisi: Ketoz / Acidosis
[Yuborilmoqda] Cow #5 | GPS: 44.0923, 59.3589
  -> [OK] AI Tashxisi: Normal
[Yuborilmoqda] Cow #6 | GPS: 44.1036, 59.3504
  -> [OK] AI Tashxisi: Normal
[Yuborilmoqda] Cow #7 | GPS: 44.0962, 59.3506
  -> [OK] AI Tashxisi: Mastit / Infeksiya
[Yuborilmoqda] Cow #8 | GPS: 44.1102, 59.3541
  -> [OK] AI Tashxisi: Normal
[Yuborilmoqda] Cow #9 | GPS: 44.0929, 59.3487
  -> [OK] AI Tashxisi: Normal
[Yuborilmoqda] Cow #10 | GPS: 44.0943, 59.3465
  -> [OK] AI Tashxisi: Normal
[Yuborilmoqda] Cow #11 | GPS: 44.0931, 59.3509
  -> [OK] AI Tashxisi: Normal
----------------------------------------
[Yuborilmoqda] Cow #1 | GPS: 44.0976, 59.342
  -> [OK] AI Tashxisi: Normal
[Yuborilmoqda] Cow #2 | GPS: 44.0991, 59.3519
  -> [OK] AI Tashxisi: Normal
[Yuborilmoqda] Cow #3 | GPS: 44.0892, 59.3503
  -> [OK] AI Tashxisi: Normal
[Yuborilmoqda] Cow #4 | GPS: 44.1042, 59.3534
  -> [OK] AI Tashxisi: Ketoz / Acidosis
[Yuborilmoqda] Cow #5 | GPS: 44.0924, 59.3588
  -> [OK] AI Tashxisi: Normal
[Yuborilmoqda] Cow #6 | GPS: 44.1036, 59.3506
  -> [OK] AI Tashxisi: Mastit / Infeksiya
[Yuborilmoqda] Cow #7 | GPS: 44.0962, 59.3505
  -> [OK] AI Tashxisi: Mastit / Infeksiya
[Yuborilmoqda] Cow #8 | GPS: 44.1104, 59.3541
  -> [OK] AI Tashxisi: Normal
[Yuborilmoqda] Cow #9 | GPS: 44.093, 59.3487
  -> [OK] AI Tashxisi: Normal
[Yuborilmoqda] Cow #10 | GPS: 44.0942, 59.3465
  -> [OK] AI Tashxisi: Normal
[Yuborilmoqda] Cow #11 | GPS: 44.0931, 59.3509
  -> [OK] AI Tashxisi: Mastit / Infeksiya
----------------------------------------
[Yuborilmoqda] Cow #1 | GPS: 44.0976, 59.3421
  -> [OK] AI Tashxisi: Normal
[Yuborilmoqda] Cow #2 | GPS: 44.0991, 59.3519
  -> [OK] AI Tashxisi: Normal
[Yuborilmoqda] Cow #3 | GPS: 44.0894, 59.3504
  -> [OK] AI Tashxisi: Normal
[Yuborilmoqda] Cow #4 | GPS: 44.1042, 59.3536
  -> [OK] AI Tashxisi: Ketoz / Acidosis
[Yuborilmoqda] Cow #5 | GPS: 44.0925, 59.3587
  -> [OK] AI Tashxisi: Normal
[Yuborilmoqda] Cow #6 | GPS: 44.1037, 59.3507
  -> [OK] AI Tashxisi: Normal
[Yuborilmoqda] Cow #7 | GPS: 44.0962, 59.3504
  -> [OK] AI Tashxisi: Mastit / Infeksiya
[Yuborilmoqda] Cow #8 | GPS: 44.1103, 59.3541
  -> [OK] AI Tashxisi: Normal
[Yuborilmoqda] Cow #9 | GPS: 44.0931, 59.3486
  -> [OK] AI Tashxisi: Mastit / Infeksiya
[Yuborilmoqda] Cow #10 | GPS: 44.0941, 59.3467
  -> [OK] AI Tashxisi: Normal
[Yuborilmoqda] Cow #11 | GPS: 44.093, 59.3509
  -> [OK] AI Tashxisi: Normal
----------------------------------------
[Yuborilmoqda] Cow #1 | GPS: 44.0975, 59.3423
  -> [OK] AI Tashxisi: Normal
[Yuborilmoqda] Cow #2 | GPS: 44.0989, 59.3519
  -> [OK] AI Tashxisi: Normal
[Yuborilmoqda] Cow #3 | GPS: 44.0893, 59.3504
  -> [OK] AI Tashxisi: Normal
[Yuborilmoqda] Cow #4 | GPS: 44.1043, 59.3534
  -> [OK] AI Tashxisi: Ketoz / Acidosis
[Yuborilmoqda] Cow #5 | GPS: 44.0923, 59.3587
  -> [OK] AI Tashxisi: Normal
[Yuborilmoqda] Cow #6 | GPS: 44.1037, 59.3507
  -> [OK] AI Tashxisi: Normal
[Yuborilmoqda] Cow #7 | GPS: 44.0962, 59.3505
  -> [OK] AI Tashxisi: Mastit / Infeksiya
[Yuborilmoqda] Cow #8 | GPS: 44.1101, 59.3543
  -> [OK] AI Tashxisi: Normal
[Yuborilmoqda] Cow #9 | GPS: 44.0929, 59.3487
  -> [OK] AI Tashxisi: Normal
[Yuborilmoqda] Cow #10 | GPS: 44.0942, 59.3468
  -> [OK] AI Tashxisi: Normal
[Yuborilmoqda] Cow #11 | GPS: 44.093, 59.3509
  -> [OK] AI Tashxisi: Normal
----------------------------------------
[Yuborilmoqda] Cow #1 | GPS: 44.0974, 59.3421
  -> [OK] AI Tashxisi: Normal
[Yuborilmoqda] Cow #2 | GPS: 44.0988, 59.3519
  -> [OK] AI Tashxisi: Normal
[Yuborilmoqda] Cow #3 | GPS: 44.0892, 59.3505
  -> [OK] AI Tashxisi: Normal
[Yuborilmoqda] Cow #4 | GPS: 44.1044, 59.3534
  -> [OK] AI Tashxisi: Ketoz / Acidosis
[Yuborilmoqda] Cow #5 | GPS: 44.0922, 59.3587
  -> [OK] AI Tashxisi: Normal
[Yuborilmoqda] Cow #6 | GPS: 44.1039, 59.3506
  -> [OK] AI Tashxisi: Normal
[Yuborilmoqda] Cow #7 | GPS: 44.0961, 59.3504
  -> [OK] AI Tashxisi: Mastit / Infeksiya
[Yuborilmoqda] Cow #8 | GPS: 44.1102, 59.3542
  -> [OK] AI Tashxisi: Mastit / Infeksiya
[Yuborilmoqda] Cow #9 | GPS: 44.0929, 59.3486
  -> [OK] AI Tashxisi: Normal
[Yuborilmoqda] Cow #10 | GPS: 44.0941, 59.3469
  -> [OK] AI Tashxisi: Normal
[Yuborilmoqda] Cow #11 | GPS: 44.0929, 59.3511
  -> [OK] AI Tashxisi: Normal
----------------------------------------
[Yuborilmoqda] Cow #1 | GPS: 44.0972, 59.3419
  -> [OK] AI Tashxisi: Normal
[Yuborilmoqda] Cow #2 | GPS: 44.0988, 59.352
  -> [OK] AI Tashxisi: Normal
[Yuborilmoqda] Cow #3 | GPS: 44.0891, 59.3503
  -> [OK] AI Tashxisi: Normal
[Yuborilmoqda] Cow #4 | GPS: 44.1045, 59.3533
  -> [OK] AI Tashxisi: Ketoz / Acidosis
[Yuborilmoqda] Cow #5 | GPS: 44.0923, 59.3589
  -> [OK] AI Tashxisi: Normal
[Yuborilmoqda] Cow #6 | GPS: 44.1039, 59.3505
  -> [OK] AI Tashxisi: Normal
[Yuborilmoqda] Cow #7 | GPS: 44.0962, 59.3502
  -> [OK] AI Tashxisi: Mastit / Infeksiya
[Yuborilmoqda] Cow #8 | GPS: 44.1103, 59.3541
  -> [OK] AI Tashxisi: Normal
[Yuborilmoqda] Cow #9 | GPS: 44.093, 59.3484
  -> [OK] AI Tashxisi: Normal
[Yuborilmoqda] Cow #10 | GPS: 44.0942, 59.3468
  -> [OK] AI Tashxisi: Normal
[Yuborilmoqda] Cow #11 | GPS: 44.093, 59.3511
  -> [OK] AI Tashxisi: Normal
----------------------------------------
[Yuborilmoqda] Cow #1 | GPS: 44.0972, 59.3418
  -> [OK] AI Tashxisi: Normal
[Yuborilmoqda] Cow #2 | GPS: 44.0988, 59.3521
  -> [OK] AI Tashxisi: Normal
[Yuborilmoqda] Cow #3 | GPS: 44.0891, 59.3503
  -> [OK] AI Tashxisi: Normal
[Yuborilmoqda] Cow #4 | GPS: 44.1047, 59.3535
  -> [OK] AI Tashxisi: Ketoz / Acidosis
[Yuborilmoqda] Cow #5 | GPS: 44.0922, 59.359
  -> [OK] AI Tashxisi: Normal
[Yuborilmoqda] Cow #6 | GPS: 44.104, 59.3503
  -> [OK] AI Tashxisi: Normal
[Yuborilmoqda] Cow #7 | GPS: 44.0962, 59.3503
  -> [OK] AI Tashxisi: Mastit / Infeksiya
[Yuborilmoqda] Cow #8 | GPS: 44.1101, 59.354
  -> [OK] AI Tashxisi: Normal
[Yuborilmoqda] Cow #9 | GPS: 44.093, 59.3482
  -> [OK] AI Tashxisi: Normal
[Yuborilmoqda] Cow #10 | GPS: 44.094, 59.3469
  -> [OK] AI Tashxisi: Normal
[Yuborilmoqda] Cow #11 | GPS: 44.0928, 59.3511
  -> [OK] AI Tashxisi: Normal
----------------------------------------
[Yuborilmoqda] Cow #1 | GPS: 44.0971, 59.3417
  -> [OK] AI Tashxisi: Normal
[Yuborilmoqda] Cow #2 | GPS: 44.0988, 59.3519
  -> [OK] AI Tashxisi: Normal
[Yuborilmoqda] Cow #3 | GPS: 44.0892, 59.3502
  -> [OK] AI Tashxisi: Normal
[Yuborilmoqda] Cow #4 | GPS: 44.1048, 59.3535
  -> [OK] AI Tashxisi: Ketoz / Acidosis
[Yuborilmoqda] Cow #5 | GPS: 44.0922, 59.3591
  -> [OK] AI Tashxisi: Normal
[Yuborilmoqda] Cow #6 | GPS: 44.1038, 59.3502
  -> [OK] AI Tashxisi: Normal
[Yuborilmoqda] Cow #7 | GPS: 44.0962, 59.3505
  -> [OK] AI Tashxisi: Mastit / Infeksiya
[Yuborilmoqda] Cow #8 | GPS: 44.1103, 59.3541
  -> [OK] AI Tashxisi: Normal
[Yuborilmoqda] Cow #9 | GPS: 44.0931, 59.3481
  -> [OK] AI Tashxisi: Normal
[Yuborilmoqda] Cow #10 | GPS: 44.0939, 59.347
  -> [OK] AI Tashxisi: Normal
[Yuborilmoqda] Cow #11 | GPS: 44.093, 59.351
  -> [OK] AI Tashxisi: Normal
----------------------------------------
[Yuborilmoqda] Cow #1 | GPS: 44.0969, 59.3418
  -> [OK] AI Tashxisi: Normal
[Yuborilmoqda] Cow #2 | GPS: 44.099, 59.3519
  -> [OK] AI Tashxisi: Normal
[Yuborilmoqda] Cow #3 | GPS: 44.0892, 59.3503
  -> [OK] AI Tashxisi: Normal
[Yuborilmoqda] Cow #4 | GPS: 44.1048, 59.3534
  -> [OK] AI Tashxisi: Ketoz / Acidosis
[Yuborilmoqda] Cow #5 | GPS: 44.092, 59.3592
  -> [OK] AI Tashxisi: Normal
[Yuborilmoqda] Cow #6 | GPS: 44.104, 59.3502
  -> [OK] AI Tashxisi: Mastit / Infeksiya
[Yuborilmoqda] Cow #7 | GPS: 44.0962, 59.3507
  -> [OK] AI Tashxisi: Mastit / Infeksiya
[Yuborilmoqda] Cow #8 | GPS: 44.1102, 59.3542
  -> [OK] AI Tashxisi: Normal
[Yuborilmoqda] Cow #9 | GPS: 44.0932, 59.348
  -> [OK] AI Tashxisi: Normal
[Yuborilmoqda] Cow #10 | GPS: 44.094, 59.3468
  -> [OK] AI Tashxisi: Normal
[Yuborilmoqda] Cow #11 | GPS: 44.0929, 59.351
  -> [OK] AI Tashxisi: Normal
----------------------------------------
[Yuborilmoqda] Cow #1 | GPS: 44.0968, 59.3416
  -> [OK] AI Tashxisi: Normal
[Yuborilmoqda] Cow #2 | GPS: 44.0989, 59.352
  -> [OK] AI Tashxisi: Normal
[Yuborilmoqda] Cow #3 | GPS: 44.0894, 59.3503
  -> [OK] AI Tashxisi: Normal
[Yuborilmoqda] Cow #4 | GPS: 44.1047, 59.3533
  -> [OK] AI Tashxisi: Ketoz / Acidosis
[Yuborilmoqda] Cow #5 | GPS: 44.0922, 59.3591
  -> [OK] AI Tashxisi: Normal
[Yuborilmoqda] Cow #6 | GPS: 44.1042, 59.3503
  -> [OK] AI Tashxisi: Normal
[Yuborilmoqda] Cow #7 | GPS: 44.0962, 59.3505
  -> [OK] AI Tashxisi: Mastit / Infeksiya
[Yuborilmoqda] Cow #8 | GPS: 44.1103, 59.354
  -> [OK] AI Tashxisi: Normal
[Yuborilmoqda] Cow #9 | GPS: 44.0934, 59.3478
  -> [OK] AI Tashxisi: Normal
[Yuborilmoqda] Cow #10 | GPS: 44.0939, 59.3469
  -> [OK] AI Tashxisi: Normal
[Yuborilmoqda] Cow #11 | GPS: 44.093, 59.351
  -> [OK] AI Tashxisi: Normal
----------------------------------------
[Yuborilmoqda] Cow #1 | GPS: 44.097, 59.3418
  -> [OK] AI Tashxisi: Mastit / Infeksiya
[Yuborilmoqda] Cow #2 | GPS: 44.099, 59.3521
  -> [OK] AI Tashxisi: Normal
[Yuborilmoqda] Cow #3 | GPS: 44.0893, 59.3502
  -> [OK] AI Tashxisi: Normal
[Yuborilmoqda] Cow #4 | GPS: 44.1047, 59.3535
  -> [OK] AI Tashxisi: Ketoz / Acidosis
[Yuborilmoqda] Cow #5 | GPS: 44.0922, 59.359
  -> [OK] AI Tashxisi: Normal
[Yuborilmoqda] Cow #6 | GPS: 44.104, 59.3501
  -> [OK] AI Tashxisi: Normal
[Yuborilmoqda] Cow #7 | GPS: 44.0962, 59.3505
  -> [OK] AI Tashxisi: Mastit / Infeksiya
[Yuborilmoqda] Cow #8 | GPS: 44.1101, 59.3542
  -> [OK] AI Tashxisi: Normal
[Yuborilmoqda] Cow #9 | GPS: 44.0935, 59.3477
  -> [OK] AI Tashxisi: Normal
[Yuborilmoqda] Cow #10 | GPS: 44.0938, 59.3468
  -> [OK] AI Tashxisi: Normal
[Yuborilmoqda] Cow #11 | GPS: 44.0931, 59.3509
  -> [OK] AI Tashxisi: Normal
----------------------------------------
[Yuborilmoqda] Cow #1 | GPS: 44.0968, 59.3419
  -> [OK] AI Tashxisi: Normal
[Yuborilmoqda] Cow #2 | GPS: 44.0991, 59.3523
  -> [OK] AI Tashxisi: Normal
[Yuborilmoqda] Cow #3 | GPS: 44.0893, 59.35
  -> [OK] AI Tashxisi: Normal
[Yuborilmoqda] Cow #4 | GPS: 44.1048, 59.3534
  -> [OK] AI Tashxisi: Ketoz / Acidosis
[Yuborilmoqda] Cow #5 | GPS: 44.0921, 59.3592
  -> [OK] AI Tashxisi: Normal
[Yuborilmoqda] Cow #6 | GPS: 44.1039, 59.3503
  -> [OK] AI Tashxisi: Normal
[Yuborilmoqda] Cow #7 | GPS: 44.096, 59.3506
  -> [OK] AI Tashxisi: Mastit / Infeksiya
[Yuborilmoqda] Cow #8 | GPS: 44.1101, 59.3541
  -> [OK] AI Tashxisi: Normal
[Yuborilmoqda] Cow #9 | GPS: 44.0934, 59.3478
  -> [OK] AI Tashxisi: Normal
[Yuborilmoqda] Cow #10 | GPS: 44.0938, 59.3468
  -> [OK] AI Tashxisi: Normal
[Yuborilmoqda] Cow #11 | GPS: 44.0933, 59.3507
  -> [OK] AI Tashxisi: Normal
----------------------------------------
[Yuborilmoqda] Cow #1 | GPS: 44.0966, 59.3418
  -> [OK] AI Tashxisi: Normal
[Yuborilmoqda] Cow #2 | GPS: 44.0993, 59.3522
  -> [OK] AI Tashxisi: Normal
[Yuborilmoqda] Cow #3 | GPS: 44.0893, 59.35
  -> [OK] AI Tashxisi: Normal
[Yuborilmoqda] Cow #4 | GPS: 44.105, 59.3534
  -> [OK] AI Tashxisi: Ketoz / Acidosis
[Yuborilmoqda] Cow #5 | GPS: 44.0921, 59.3592
  -> [OK] AI Tashxisi: Normal
[Yuborilmoqda] Cow #6 | GPS: 44.1038, 59.3503
  -> [OK] AI Tashxisi: Normal
[Yuborilmoqda] Cow #7 | GPS: 44.0962, 59.3504
  -> [OK] AI Tashxisi: Mastit / Infeksiya
[Yuborilmoqda] Cow #8 | GPS: 44.1102, 59.3543
  -> [OK] AI Tashxisi: Normal
[Yuborilmoqda] Cow #9 | GPS: 44.0936, 59.348
  -> [OK] AI Tashxisi: Normal
[Yuborilmoqda] Cow #10 | GPS: 44.0936, 59.3467
  -> [OK] AI Tashxisi: Normal
[Yuborilmoqda] Cow #11 | GPS: 44.0931, 59.3509
  -> [OK] AI Tashxisi: Normal
----------------------------------------
[Yuborilmoqda] Cow #1 | GPS: 44.0967, 59.3418
  -> [OK] AI Tashxisi: Mastit / Infeksiya
[Yuborilmoqda] Cow #2 | GPS: 44.0992, 59.3521
  -> [OK] AI Tashxisi: Normal
[Yuborilmoqda] Cow #3 | GPS: 44.0895, 59.3499
  -> [OK] AI Tashxisi: Normal
[Yuborilmoqda] Cow #4 | GPS: 44.1049, 59.3534
  -> [OK] AI Tashxisi: Ketoz / Acidosis
[Yuborilmoqda] Cow #5 | GPS: 44.0922, 59.359
  -> [OK] AI Tashxisi: Normal
[Yuborilmoqda] Cow #6 | GPS: 44.1039, 59.3504
  -> [OK] AI Tashxisi: Normal
[Yuborilmoqda] Cow #7 | GPS: 44.0963, 59.3505
  -> [OK] AI Tashxisi: Mastit / Infeksiya
[Yuborilmoqda] Cow #8 | GPS: 44.1103, 59.3541
  -> [OK] AI Tashxisi: Normal
[Yuborilmoqda] Cow #9 | GPS: 44.0935, 59.3482
  -> [OK] AI Tashxisi: Mastit / Infeksiya
[Yuborilmoqda] Cow #10 | GPS: 44.0938, 59.3466
  -> [OK] AI Tashxisi: Normal
[Yuborilmoqda] Cow #11 | GPS: 44.0931, 59.3508
  -> [OK] AI Tashxisi: Normal
----------------------------------------
[Yuborilmoqda] Cow #1 | GPS: 44.0969, 59.3417
  -> [OK] AI Tashxisi: Normal
[Yuborilmoqda] Cow #2 | GPS: 44.0991, 59.3521
  -> [OK] AI Tashxisi: Normal
[Yuborilmoqda] Cow #3 | GPS: 44.0896, 59.3499
  -> [OK] AI Tashxisi: Normal
[Yuborilmoqda] Cow #4 | GPS: 44.1049, 59.3535
  -> [OK] AI Tashxisi: Ketoz / Acidosis
[Yuborilmoqda] Cow #5 | GPS: 44.0924, 59.3589
  -> [OK] AI Tashxisi: Normal
[Yuborilmoqda] Cow #6 | GPS: 44.1039, 59.3504
  -> [OK] AI Tashxisi: Normal
[Yuborilmoqda] Cow #7 | GPS: 44.0963, 59.3506
  -> [OK] AI Tashxisi: Mastit / Infeksiya
[Yuborilmoqda] Cow #8 | GPS: 44.1102, 59.354
  -> [OK] AI Tashxisi: Normal
[Yuborilmoqda] Cow #9 | GPS: 44.0936, 59.348
  -> [OK] AI Tashxisi: Normal
[Yuborilmoqda] Cow #10 | GPS: 44.094, 59.3466
  -> [OK] AI Tashxisi: Normal
[Yuborilmoqda] Cow #11 | GPS: 44.0932, 59.3509
  -> [OK] AI Tashxisi: Normal
----------------------------------------
[Yuborilmoqda] Cow #1 | GPS: 44.0968, 59.3417
  -> [OK] AI Tashxisi: Normal
[Yuborilmoqda] Cow #2 | GPS: 44.099, 59.352
  -> [OK] AI Tashxisi: Normal
[Yuborilmoqda] Cow #3 | GPS: 44.0897, 59.3498
  -> [OK] AI Tashxisi: Normal
[Yuborilmoqda] Cow #4 | GPS: 44.1051, 59.3534
  -> [OK] AI Tashxisi: Ketoz / Acidosis
[Yuborilmoqda] Cow #5 | GPS: 44.0923, 59.3589
  -> [OK] AI Tashxisi: Normal
[Yuborilmoqda] Cow #6 | GPS: 44.104, 59.3503
  -> [OK] AI Tashxisi: Normal
[Yuborilmoqda] Cow #7 | GPS: 44.0964, 59.3506
  -> [OK] AI Tashxisi: Mastit / Infeksiya
[Yuborilmoqda] Cow #8 | GPS: 44.1104, 59.3539
  -> [OK] AI Tashxisi: Normal
[Yuborilmoqda] Cow #9 | GPS: 44.0935, 59.348
  -> [OK] AI Tashxisi: Normal
[Yuborilmoqda] Cow #10 | GPS: 44.0938, 59.3466
  -> [OK] AI Tashxisi: Normal
[Yuborilmoqda] Cow #11 | GPS: 44.0931, 59.351
  -> [OK] AI Tashxisi: Normal
----------------------------------------
[Yuborilmoqda] Cow #1 | GPS: 44.0967, 59.3418
  -> [OK] AI Tashxisi: Normal
[Yuborilmoqda] Cow #2 | GPS: 44.0992, 59.3518
  -> [OK] AI Tashxisi: Normal
[Yuborilmoqda] Cow #3 | GPS: 44.0898, 59.3496
  -> [OK] AI Tashxisi: Normal
[Yuborilmoqda] Cow #4 | GPS: 44.1049, 59.3535
  -> [OK] AI Tashxisi: Ketoz / Acidosis
[Yuborilmoqda] Cow #5 | GPS: 44.0924, 59.359
  -> [OK] AI Tashxisi: Normal
[Yuborilmoqda] Cow #6 | GPS: 44.1041, 59.3502
  -> [OK] AI Tashxisi: Normal
[Yuborilmoqda] Cow #7 | GPS: 44.0963, 59.3507
  -> [OK] AI Tashxisi: Mastit / Infeksiya
[Yuborilmoqda] Cow #8 | GPS: 44.1105, 59.3539
  -> [OK] AI Tashxisi: Normal
[Yuborilmoqda] Cow #9 | GPS: 44.0935, 59.3481
  -> [OK] AI Tashxisi: Normal
[Yuborilmoqda] Cow #10 | GPS: 44.0937, 59.3465
  -> [OK] AI Tashxisi: Normal
[Yuborilmoqda] Cow #11 | GPS: 44.0933, 59.351
  -> [OK] AI Tashxisi: Normal
----------------------------------------
[Yuborilmoqda] Cow #1 | GPS: 44.0967, 59.3419
  -> [OK] AI Tashxisi: Normal
[Yuborilmoqda] Cow #2 | GPS: 44.0992, 59.3517
  -> [OK] AI Tashxisi: Mastit / Infeksiya
[Yuborilmoqda] Cow #3 | GPS: 44.0897, 59.3496
  -> [OK] AI Tashxisi: Normal
[Yuborilmoqda] Cow #4 | GPS: 44.105, 59.3536
  -> [OK] AI Tashxisi: Ketoz / Acidosis
[Yuborilmoqda] Cow #5 | GPS: 44.0923, 59.3588
  -> [OK] AI Tashxisi: Normal
[Yuborilmoqda] Cow #6 | GPS: 44.1041, 59.35
  -> [OK] AI Tashxisi: Normal
[Yuborilmoqda] Cow #7 | GPS: 44.0961, 59.3509
  -> [OK] AI Tashxisi: Mastit / Infeksiya
[Yuborilmoqda] Cow #8 | GPS: 44.1104, 59.3538
  -> [OK] AI Tashxisi: Normal
[Yuborilmoqda] Cow #9 | GPS: 44.0936, 59.3479
  -> [OK] AI Tashxisi: Normal
[Yuborilmoqda] Cow #10 | GPS: 44.0935, 59.3464
  -> [OK] AI Tashxisi: Normal
[Yuborilmoqda] Cow #11 | GPS: 44.0933, 59.3512
  -> [OK] AI Tashxisi: Normal
----------------------------------------
[Yuborilmoqda] Cow #1 | GPS: 44.0966, 59.3419
  -> [OK] AI Tashxisi: Normal
[Yuborilmoqda] Cow #2 | GPS: 44.0992, 59.3517
  -> [OK] AI Tashxisi: Normal
[Yuborilmoqda] Cow #3 | GPS: 44.0899, 59.3497
  -> [OK] AI Tashxisi: Normal
[Yuborilmoqda] Cow #4 | GPS: 44.1049, 59.3538
  -> [OK] AI Tashxisi: Ketoz / Acidosis
[Yuborilmoqda] Cow #5 | GPS: 44.0922, 59.359
  -> [OK] AI Tashxisi: Normal
[Yuborilmoqda] Cow #6 | GPS: 44.1042, 59.3499
  -> [OK] AI Tashxisi: Normal
[Yuborilmoqda] Cow #7 | GPS: 44.096, 59.3508
  -> [OK] AI Tashxisi: Mastit / Infeksiya
[Yuborilmoqda] Cow #8 | GPS: 44.1103, 59.3537
  -> [OK] AI Tashxisi: Normal
[Yuborilmoqda] Cow #9 | GPS: 44.0937, 59.3479
  -> [OK] AI Tashxisi: Normal
[Yuborilmoqda] Cow #10 | GPS: 44.0934, 59.3462
  -> [OK] AI Tashxisi: Normal
[Yuborilmoqda] Cow #11 | GPS: 44.0934, 59.3512
  -> [OK] AI Tashxisi: Normal
----------------------------------------
[Yuborilmoqda] Cow #1 | GPS: 44.0967, 59.3419
  -> [OK] AI Tashxisi: Normal
[Yuborilmoqda] Cow #2 | GPS: 44.099, 59.3518
  -> [OK] AI Tashxisi: Mastit / Infeksiya
[Yuborilmoqda] Cow #3 | GPS: 44.09, 59.3498
  -> [OK] AI Tashxisi: Normal
[Yuborilmoqda] Cow #4 | GPS: 44.1049, 59.3536
  -> [OK] AI Tashxisi: Ketoz / Acidosis
[Yuborilmoqda] Cow #5 | GPS: 44.0921, 59.3588
  -> [OK] AI Tashxisi: Normal
[Yuborilmoqda] Cow #6 | GPS: 44.1043, 59.3497
  -> [OK] AI Tashxisi: Normal
[Yuborilmoqda] Cow #7 | GPS: 44.0959, 59.3509
  -> [OK] AI Tashxisi: Mastit / Infeksiya
[Yuborilmoqda] Cow #8 | GPS: 44.1103, 59.3536
  -> [OK] AI Tashxisi: Normal
[Yuborilmoqda] Cow #9 | GPS: 44.0935, 59.348
  -> [OK] AI Tashxisi: Normal
[Yuborilmoqda] Cow #10 | GPS: 44.0933, 59.3461
  -> [OK] AI Tashxisi: Normal
[Yuborilmoqda] Cow #11 | GPS: 44.0936, 59.3512
  -> [OK] AI Tashxisi: Normal
----------------------------------------
[Yuborilmoqda] Cow #1 | GPS: 44.0968, 59.3421
  -> [OK] AI Tashxisi: Normal
[Yuborilmoqda] Cow #2 | GPS: 44.0988, 59.3516
  -> [OK] AI Tashxisi: Normal
[Yuborilmoqda] Cow #3 | GPS: 44.0899, 59.3498
  -> [OK] AI Tashxisi: Normal
[Yuborilmoqda] Cow #4 | GPS: 44.1047, 59.3535
  -> [OK] AI Tashxisi: Ketoz / Acidosis
[Yuborilmoqda] Cow #5 | GPS: 44.0922, 59.3588
  -> [OK] AI Tashxisi: Normal
[Yuborilmoqda] Cow #6 | GPS: 44.1041, 59.3498
  -> [OK] AI Tashxisi: Normal
[Yuborilmoqda] Cow #7 | GPS: 44.0959, 59.3509
  -> [OK] AI Tashxisi: Mastit / Infeksiya
[Yuborilmoqda] Cow #8 | GPS: 44.1104, 59.3537
  -> [OK] AI Tashxisi: Normal
[Yuborilmoqda] Cow #9 | GPS: 44.0935, 59.3482
  -> [OK] AI Tashxisi: Normal
[Yuborilmoqda] Cow #10 | GPS: 44.0935, 59.3461
  -> [OK] AI Tashxisi: Normal
[Yuborilmoqda] Cow #11 | GPS: 44.0935, 59.3512
  -> [OK] AI Tashxisi: Normal
----------------------------------------
[Yuborilmoqda] Cow #1 | GPS: 44.097, 59.3421
  -> [OK] AI Tashxisi: Normal
[Yuborilmoqda] Cow #2 | GPS: 44.0988, 59.3517
  -> [OK] AI Tashxisi: Normal
[Yuborilmoqda] Cow #3 | GPS: 44.0899, 59.3496
  -> [OK] AI Tashxisi: Normal
[Yuborilmoqda] Cow #4 | GPS: 44.1047, 59.3535
  -> [OK] AI Tashxisi: Ketoz / Acidosis
[Yuborilmoqda] Cow #5 | GPS: 44.0921, 59.3588
  -> [OK] AI Tashxisi: Normal
[Yuborilmoqda] Cow #6 | GPS: 44.1041, 59.3499
  -> [OK] AI Tashxisi: Normal
[Yuborilmoqda] Cow #7 | GPS: 44.0959, 59.3508
  -> [OK] AI Tashxisi: Mastit / Infeksiya
[Yuborilmoqda] Cow #8 | GPS: 44.1104, 59.3535
  -> [OK] AI Tashxisi: Normal
[Yuborilmoqda] Cow #9 | GPS: 44.0936, 59.3481
  -> [OK] AI Tashxisi: Normal
[Yuborilmoqda] Cow #10 | GPS: 44.0937, 59.3462
  -> [OK] AI Tashxisi: Normal
[Yuborilmoqda] Cow #11 | GPS: 44.0935, 59.351
  -> [OK] AI Tashxisi: Normal
----------------------------------------
[Yuborilmoqda] Cow #1 | GPS: 44.0972, 59.3419
  -> [OK] AI Tashxisi: Normal
[Yuborilmoqda] Cow #2 | GPS: 44.0987, 59.3519
  -> [OK] AI Tashxisi: Normal
[Yuborilmoqda] Cow #3 | GPS: 44.09, 59.3495
  -> [OK] AI Tashxisi: Normal
[Yuborilmoqda] Cow #4 | GPS: 44.1047, 59.3536
  -> [OK] AI Tashxisi: Ketoz / Acidosis
[Yuborilmoqda] Cow #5 | GPS: 44.092, 59.3587
  -> [OK] AI Tashxisi: Normal
[Yuborilmoqda] Cow #6 | GPS: 44.1039, 59.3499
  -> [OK] AI Tashxisi: Normal
[Yuborilmoqda] Cow #7 | GPS: 44.0959, 59.3507
  -> [OK] AI Tashxisi: Mastit / Infeksiya
[Yuborilmoqda] Cow #8 | GPS: 44.1103, 59.3534
  -> [OK] AI Tashxisi: Mastit / Infeksiya
[Yuborilmoqda] Cow #9 | GPS: 44.0937, 59.3481
  -> [OK] AI Tashxisi: Normal
[Yuborilmoqda] Cow #10 | GPS: 44.0936, 59.3462
  -> [OK] AI Tashxisi: Normal
[Yuborilmoqda] Cow #11 | GPS: 44.0934, 59.3512
  -> [OK] AI Tashxisi: Normal
----------------------------------------
[Yuborilmoqda] Cow #1 | GPS: 44.097, 59.342
  -> [OK] AI Tashxisi: Normal
[Yuborilmoqda] Cow #2 | GPS: 44.0987, 59.352
  -> [OK] AI Tashxisi: Normal
[Yuborilmoqda] Cow #3 | GPS: 44.0902, 59.3494
  -> [OK] AI Tashxisi: Normal
[Yuborilmoqda] Cow #4 | GPS: 44.1048, 59.3537
  -> [OK] AI Tashxisi: Ketoz / Acidosis
[Yuborilmoqda] Cow #5 | GPS: 44.0921, 59.3586
  -> [OK] AI Tashxisi: Normal
[Yuborilmoqda] Cow #6 | GPS: 44.104, 59.3498
  -> [OK] AI Tashxisi: Normal
[Yuborilmoqda] Cow #7 | GPS: 44.0958, 59.3509
  -> [OK] AI Tashxisi: Mastit / Infeksiya
[Yuborilmoqda] Cow #8 | GPS: 44.1101, 59.3536
  -> [OK] AI Tashxisi: Normal
[Yuborilmoqda] Cow #9 | GPS: 44.0939, 59.3481
  -> [OK] AI Tashxisi: Normal
[Yuborilmoqda] Cow #10 | GPS: 44.0935, 59.3462
  -> [OK] AI Tashxisi: Normal
[Yuborilmoqda] Cow #11 | GPS: 44.0935, 59.3513
  -> [OK] AI Tashxisi: Normal
----------------------------------------
[Yuborilmoqda] Cow #1 | GPS: 44.0972, 59.3419
  -> [OK] AI Tashxisi: Normal
